date,year,quarter,month,subdiv,lat,long,density,lon,X,Y,depth,year_month,temp
1993-02-08,1993,1,2,21,57.37166666666667,1136.23,0,11.603833333333334,656.5745911922492,6361.756502092311,58.85312271118164,1993_2,2.646045945155147
1993-02-08,1993,1,2,21,57.20133333333333,1139.68,0,11.661333333333335,660.7724185060739,6342.937274188683,48.363121032714844,1993_2,2.564251497147181
1993-02-09,1993,1,2,21,56.36416666666667,1232,0,12.533333333333333,718.2361940191313,6252.216931176395,24.49195671081543,1993_2,1.8927544115629091
1993-02-10,1993,1,2,21,56.34816666666667,1157.699,0,11.96165,683.0161957237581,6248.769547136773,31.678298950195312,1993_2,2.116748863864771
1993-02-10,1993,1,2,21,56.21483333333334,1057.66,0,10.961000000000002,621.6149207771813,6231.72038499522,20.16118621826172,1993_2,2.284344973619932
1993-02-10,1993,1,2,21,56.435816666666675,1105.04,0,11.084,628.4970934941861,6256.534124735514,18.342756271362305,1993_2,2.3755774971712205
1993-02-11,1993,1,2,21,56.35848333333333,1216.079,0,12.267983333333332,701.8840685315511,6250.774262824371,32.72195816040039,1993_2,2.01182181408936
1993-02-11,1993,1,2,21,56.543816666666665,1231.76,0,12.529333333333334,716.9621401421541,6272.185501503883,25.18486213684082,1993_2,1.8517445046776584
1993-02-11,1993,1,2,21,56.61833333333334,1218.859,0,12.314316666666665,703.3495402002966,6279.815234790524,37.7448616027832,1993_2,1.967674191611197
1993-02-12,1993,1,2,21,56.586666666666666,1149.3,0,11.821666666666665,673.2785127169358,6274.939821668118,30.776138305664062,1993_2,2.162824233336456
1993-02-15,1993,1,2,20,57.57166666666667,1138.25,0,11.6375,657.7340949471688,6384.0893201277395,21.39043426513672,1993_2,2.3254210593878373
1993-02-15,1993,1,2,21,57.38816666666666,1119.64,0,11.327333333333335,639.8891992531596,6362.989885097214,37.367637634277344,1993_2,3.1075268555318796
1993-02-15,1993,1,2,21,57.17666666666667,1126.9,0,11.448333333333334,648.0070019829643,6339.709960448763,62.637638092041016,1993_2,2.7084071927717517
1993-02-16,1993,1,2,21,56.88165000000001,1216.5,0,12.275,699.5366303045153,6308.990229295693,30.754863739013672,1993_2,1.880914600046199
1993-02-16,1993,1,2,21,56.839983333333336,1214,0,12.233333333333333,697.2183456530292,6304.234327977474,40.15486145019531,1993_2,1.9137942024210908
1993-02-16,1993,1,2,21,56.78333333333333,1152.9,0,11.881666666666668,676.041525765422,6296.972894943407,36.4061393737793,1993_2,2.1746418858986205
1993-02-16,1993,1,2,21,56.919999999999995,1141.8,0,11.696666666666665,664.143643681043,6311.718357540488,33.636138916015625,1993_2,2.4003652834012046
1993-02-16,1993,1,2,21,57.088316666666664,1149.8,0,11.83,671.4804973506061,6330.773423487419,55.16312026977539,1993_2,2.376153870884064
1993-02-17,1993,1,2,21,57.01166666666666,1211.8,0.25793650793650796,12.196666666666665,694.0889539434148,6323.2279309998585,37.878231048583984,1993_2,1.9573475703951306
1993-02-17,1993,1,2,21,57.17666666666667,1204,0,12.066666666666666,685.3733389664338,6341.2223723340785,41.398231506347656,1993_2,1.9736144763129744
1993-02-17,1993,1,2,21,57.260000000000005,1158.599,0,11.97665,679.5287513017963,6350.252513854347,50.723121643066406,1993_2,2.0335352345876174
1993-02-17,1993,1,2,21,57.43998333333334,1049.8,0,10.83,609.8455276906813,6367.843234674348,35.68459701538086,1993_2,3.400654094286171
1993-02-18,1993,1,2,20,58.25833333333333,1109.9,0,11.165000000000001,627.0349966913041,6459.513285385436,64.59478759765625,1993_2,3.2456047847983793
1993-02-18,1993,1,2,20,58.07998333333333,1104.199,0,11.069983333333335,622.0704294385864,6439.486970500035,115.44478607177734,1993_2,3.756929317524958
1993-02-18,1993,1,2,20,57.89665,1110.3,0,11.171666666666665,628.7217353280972,6419.270803750383,65.6634292602539,1993_2,3.7489528456399994
1993-02-18,1993,1,2,20,57.81833333333334,1101.599,0,11.026649999999998,620.3889170508662,6410.287294091819,53.77342987060547,1993_2,4.076849106869207
1993-02-18,1993,1,2,20,57.68500000000001,1055.8,0,10.93,615.0715269090762,6395.27927010997,32.47343063354492,1993_2,3.9570995228115375
1993-02-22,1993,1,2,20,57.825,1034.699,0,10.578316666666668,593.742630840407,6410.320112843641,104.51995849609375,1993_2,4.295627997700519
1993-02-22,1993,1,2,20,57.748316666666675,1009.7,0,10.161666666666667,569.1442787625049,6401.282864022894,71.65608215332031,1993_2,4.589246538296667
1993-02-23,1993,1,2,20,57.763983333333336,844.39,0,8.739833333333333,484.520724373108,6402.463910603664,249.2132568359375,1993_2,4.408238083628874
1993-02-23,1993,1,2,20,57.61666666666667,846.79,0,8.779833333333332,486.8473568633197,6386.055109473368,94.27642059326172,1993_2,5.093392844382364
1993-02-23,1993,1,2,20,57.5235,839.04,0,8.650666666666666,479.07766452059013,6375.715751199196,78.64325714111328,1993_2,5.1436409849737625
1993-02-23,1993,1,2,20,57.45498333333333,834.7,1.2172521467603437,8.578333333333335,474.69815538198515,6368.112874765896,42.13842010498047,1993_2,5.098725662122483
1993-02-23,1993,1,2,20,57.42165,834,2.471212121212121,8.566666666666666,473.97445625654626,6364.406550674473,30.22842025756836,1993_2,5.098725662122483
1993-02-24,1993,1,2,20,58.059,946.58,0,9.776333333333334,545.8123297928344,6435.542225504553,362.58905029296875,1993_2,4.229605056450806
1993-02-24,1993,1,2,20,58.019999999999996,950.95,0,9.849166666666667,550.1647751982922,6431.252155502253,194.83905029296875,1993_2,4.426362724534677
1993-02-24,1993,1,2,20,58.043816666666665,945.989,0,9.766483333333333,545.2502740144529,6433.845229502159,218.37905883789062,1993_2,4.229605056450806
1993-02-24,1993,1,2,20,57.98065,952.25,0,9.870833333333334,551.501166975759,6426.887716454052,95.15806579589844,1993_2,4.426362724534677
1993-02-24,1993,1,2,20,57.882983333333335,951.4,0,9.856666666666666,550.8011492886544,6416.004121608471,63.308067321777344,1993_2,4.642325526951881
1993-02-24,1993,1,2,20,57.750816666666665,946.39,0,9.773166666666667,546.0177092374853,6401.230951786871,36.61806869506836,1993_2,4.914484010516946
1993-02-25,1993,1,2,20,58.65233333333334,1049.939,0,10.832316666666667,606.3217509927972,6502.792291731588,81.1828842163086,1993_2,3.5066338476648244
1993-02-25,1993,1,2,20,58.58381666666667,1053.839,0,10.897316666666665,610.3085070304726,6495.270147951131,75.29288482666016,1993_2,3.54903821372497
1993-02-25,1993,1,2,20,58.55366666666667,1050.829,0,10.84715,607.484679180029,6491.832598869403,86.0828857421875,1993_2,3.6524484604167373
1993-02-25,1993,1,2,20,58.499500000000005,1107.619,0,11.126983333333332,623.9558288575363,6486.28532447308,58.07478713989258,1993_2,2.90910225309731
1993-02-25,1993,1,2,20,58.31498333333334,1059.3,0,10.988333333333333,616.484499048681,6465.4992892132295,110.01478576660156,1993_2,3.60282738216534
1993-04-26,1993,2,4,21,57.357499999999995,1135.31,0,11.5885,655.712840090531,6360.144916299569,68.483123779296875,1993_4,5.389277735191991
1993-04-26,1993,2,4,21,57.126000000000005,1150.43,0,11.8405,671.9418407557326,6334.992557847016,55.16312026977539,1993_4,5.138539277779586
1993-04-27,1993,2,4,21,57.440650000000005,1049.599,0,10.826649999999999,609.6424785728158,6367.912025094862,35.68459701538086,1993_4,5.858309022253685
1993-04-27,1993,2,4,20,57.653483333333334,1059.449,0,10.990816666666667,618.7999848684768,6391.876387190968,32.47343063354492,1993_4,5.699884798995296
1993-04-27,1993,2,4,20,57.80498333333333,1058.8,0,10.979999999999999,617.6617269789764,6408.719400047511,65.53343200683594,1993_4,5.842408154098884
1993-04-27,1993,2,4,20,57.88283333333334,1059.92,0,10.998666666666669,618.5148076909692,6417.416782610658,81.28343200683594,1993_4,5.821495626578201
1993-04-27,1993,2,4,20,57.82566666666666,1034.239,0,10.57065,593.2856035679838,6410.383727861185,104.00995635986328,1993_4,5.929796227370853
1993-04-28,1993,2,4,20,57.40683333333333,831.52,0,8.525333333333332,471.48052877232396,6362.773718201783,30.22842025756836,1993_4,6.02990756345946
1993-04-28,1993,2,4,20,57.45465000000001,834.16,0,8.569333333333333,474.1578851196734,6368.079153481253,47.39841842651367,1993_4,5.982722612498289
1993-04-28,1993,2,4,20,57.52866666666667,833.47,0,8.557833333333333,473.52146017847235,6376.323319679161,99.38325500488281,1993_4,6.082923403692611
1993-04-28,1993,2,4,20,57.59266666666667,843.37,0,8.722833333333334,483.4313029665997,6383.395776447102,108.2332534790039,1993_4,6.07733230332176
1993-04-28,1993,2,4,20,57.75431666666667,843.18,0,8.719666666666665,483.3164077592743,6401.392524444994,249.2132568359375,1993_4,5.842584246690163
1993-04-29,1993,2,4,20,58.06550000000001,947.909,0,9.798483333333333,547.1108315317517,6436.281110895585,362.58905029296875,1993_4,5.802669668384098
1993-04-29,1993,2,4,20,58.00933333333334,949.6,0,9.826666666666666,548.8501551849621,6430.048164692102,194.83905029296875,1993_4,5.914796039538722
1993-04-29,1993,2,4,20,57.976483333333334,951.82,0,9.863666666666667,551.0832724979249,6426.418413544555,95.15806579589844,1993_4,5.914796039538722
1993-04-29,1993,2,4,20,57.876999999999995,948.61,0,9.810166666666667,548.0517146826332,6415.304046913314,72.72806549072266,1993_4,5.974961848802575
1993-04-29,1993,2,4,20,57.73633333333334,943.57,0,9.726166666666668,543.237689023639,6399.587642704183,33.20806884765625,1993_4,5.9816439466976234
1993-04-29,1993,2,4,20,57.73448333333334,1006.169,0,10.102816666666666,565.6666907393455,6399.684396492101,71.65608215332031,1993_4,5.943600195311732
1993-05-03,1993,2,5,20,57.869150000000005,1112.51,0,11.208499999999999,631.0044687349815,6416.280899574663,82.71343231201172,1993_5,9.406904146355263
1993-05-03,1993,2,5,20,58.04983333333333,1105.209,0,11.086816666666667,623.1666967457575,6436.161795290462,120.8847885131836,1993_5,9.37256530583842
1993-05-04,1993,2,5,20,58.654833333333336,1050.069,0,10.834483333333333,606.4398415652639,6503.0740240622345,81.1828842163086,1993_5,9.427946828210704
1993-05-04,1993,2,5,20,58.57950000000001,1057.51,0,10.958499999999999,613.879057746405,6494.891810729906,59.80449676513672,1993_5,9.499630255981149
1993-05-04,1993,2,5,20,58.56283333333334,1050.339,0,10.838983333333333,606.9815876856234,6492.8399587234,86.0828857421875,1993_5,9.352659727239775
1993-05-04,1993,2,5,20,58.45598333333334,1103.729,0,11.06215,620.32691270122,6481.32373661438,54.62479019165039,1993_5,9.516993756557952
1993-05-04,1993,2,5,20,58.35,1051.489,0,10.85815,608.751454490359,6469.179196018484,117.6650619506836,1993_5,9.306763796694803
1993-05-04,1993,2,5,20,58.25683333333333,1110.079,0,11.167983333333332,627.2153863922119,6459.35196289338,64.59478759765625,1993_5,9.583493155570425
1993-05-04,1993,2,5,20,58.2965,1058.069,0,10.967816666666666,615.3429093414989,6463.406607773248,110.01478576660156,1993_5,9.382369521585069
1993-05-05,1993,2,5,20,57.68666666666666,1120.9,0,11.348333333333334,640.0017503199715,6396.251945111862,80.20343017578125,1993_5,9.4863792996591
1993-05-05,1993,2,5,21,57.39831666666667,1119.3,0.47722342733188716,11.321666666666665,639.5100938306247,6364.107774643599,37.367637634277344,1993_5,9.594819350469432
1993-05-05,1993,2,5,21,57.17666666666667,1126.969,0.928030303030303,11.449483333333335,648.0765044894383,6339.712458339857,62.637638092041016,1993_5,10.06264990061405
1993-05-05,1993,2,5,21,57.18183333333333,1139.569,0.6692913385826772,11.659483333333332,660.7454010081441,6340.763159766705,48.363121032714844,1993_5,9.678412033366577
1993-05-05,1993,2,5,21,56.938316666666665,1140.599,1.7485265225933202,11.676649999999999,662.8457648577098,6313.70846802761,16.906137466430664,1993_5,9.48698131187264
1993-05-06,1993,2,5,21,56.461666666666666,1104.8,0,11.08,628.163434512611,6259.403162821108,17.072755813598633,1993_5,9.427920807132102
1993-05-06,1993,2,5,21,56.23831666666667,1057.5,0,10.958333333333334,621.3752953133369,6234.3288280641145,20.16118621826172,1993_5,9.602361109130763
1993-05-06,1993,2,5,21,56.35366666666667,1154.319,0,11.905316666666666,679.5103708822162,6249.232970324404,30.70829963684082,1993_5,9.380890289804258
1993-05-06,1993,2,5,21,56.58715,1148.8,0.3160270880361174,11.813333333333333,672.7647192132691,6274.97257882945,32.96613693237305,1993_5,9.39821004005023
1993-05-06,1993,2,5,21,56.782833333333336,1152.79,0.31982942430703626,11.879833333333332,675.9319059516374,6296.912553904174,36.4061393737793,1993_5,9.441848977069359
1993-05-10,1993,2,5,20,57.56498333333334,1138.099,0,11.634983333333333,657.6125200549579,6383.33978157542,40.97043228149414,1993_5,9.758626295729156
1993-05-10,1993,2,5,21,57.28333333333333,1158.5,0,11.975,679.3157759910978,6352.844180418589,50.723121643066406,1993_5,9.784592979651148
1993-05-10,1993,2,5,21,57.214983333333336,1203.199,0,12.053316666666667,684.3755526611144,6345.448999452585,41.398231506347656,1993_5,9.942375057989784
1993-05-10,1993,2,5,21,57.04665,1211.3,0,12.188333333333333,693.4013265789911,6327.096010034455,37.878231048583984,1993_5,9.901220461645762
1993-05-11,1993,2,5,21,56.35,1215.9,0,12.265000000000002,701.7446597630598,6249.821875187527,32.72195816040039,1993_5,9.562270675230053
1993-05-11,1993,2,5,21,56.36331666666667,1232.5,0,12.541666666666666,718.755520243024,6252.1488715189,24.49195671081543,1993_5,9.883254424115448
1993-05-12,1993,2,5,21,56.55,1234.9,0,12.581666666666669,720.1417286307856,6273.039914169645,25.18486213684082,1993_5,9.736508388730856
1993-05-12,1993,2,5,21,56.54831666666667,1211.599,0,12.193316666666666,696.2913985021945,6271.67431122313,31.994863510131836,1993_5,9.438525754650666
1993-05-12,1993,2,5,21,56.61666666666667,1218.699,0,12.311650000000002,703.1949567520444,6279.621937886383,37.7448616027832,1993_5,9.569637364971184
1993-05-12,1993,2,5,21,56.80833333333333,1212.699,0,12.21165,696.0616802779858,6300.6512068254015,40.15486145019531,1993_5,9.69565617606869
1993-05-12,1993,2,5,21,56.85,1218.699,0,12.311650000000002,701.9392089410662,6305.577114453635,28.89486312866211,1993_5,9.758566251011187
1993-09-06,1993,3,9,20,57.81833333333334,1102.199,0,11.036650000000002,620.9828382534948,6410.305125861737,53.77342987060547,1993_9,14.32762408002941
1993-09-06,1993,3,9,20,57.82998333333333,1034.4,0,10.573333333333334,593.4337862505112,6410.867925852637,104.00995635986328,1993_9,14.327345691011296
1993-09-06,1993,3,9,20,57.74665,1009.5,0,10.158333333333333,568.9490575461646,6401.093935206689,71.65608215332031,1993_9,14.454912162944884
1993-09-07,1993,3,9,20,57.779983333333334,847,0,8.783333333333333,487.1145595059157,6404.236060627995,376.9264221191406,1993_9,13.999489805533372
1993-09-07,1993,3,9,20,57.61833333333334,847.099,0,8.784983333333335,487.15560260557277,6386.239666119759,94.27642059326172,1993_9,13.935881687483677
1993-09-07,1993,3,9,20,57.52165,840.4,0,8.673333333333334,480.4342236343662,6375.503045888023,78.64325714111328,1993_9,13.993254117276132
1993-09-07,1993,3,9,20,57.45333333333333,834.5,0,8.575,474.4969937936168,6367.930438992613,42.13842010498047,1993_9,14.14212247341726
1993-09-07,1993,3,9,20,57.404983333333334,831.3,0,8.5216666666666665,471.2587774308497,6362.569318091614,30.22842025756836,1993_9,14.05031731130836
1993-09-08,1993,3,9,20,57.72833333333333,942.599,0,9.709983333333334,542.2834483412323,6398.68683289791,33.20806884765625,1993_9,14.222866749820213
1993-09-08,1993,3,9,20,57.87666666666667,948.9,0,9.815,548.3388227389762,6415.270381571554,72.72806549072266,1993_9,14.114066199230049
1993-09-08,1993,3,9,20,57.963316666666664,949.5,0,9.825,548.814221187818,6424.924026045767,95.15806579589844,1993_9,14.06298948388463
1993-09-08,1993,3,9,20,58.02331666666667,951.1,0,9.851666666666667,550.3078027304986,6431.62325311663,194.83905029296875,1993_9,14.06298948388463
1993-09-08,1993,3,9,20,58.063316666666665,947.099,0,9.784983333333335,546.3171746404608,6436.028700243865,362.58905029296875,1993_9,13.971153128815182
1993-09-09,1993,3,9,20,58.669999999999995,1049.599,0,10.826649999999999,605.9394197679844,6504.749954327193,81.1828842163086,1993_9,14.524516044330186
1993-09-09,1993,3,9,20,58.60665000000001,1054,0,10.9,610.3925225718646,6497.816266317334,75.29288482666016,1993_9,14.523200014505363
1993-09-09,1993,3,9,20,58.556650000000005,1050.699,0,10.844983333333335,607.3494953732697,6492.161226989119,86.0828857421875,1993_9,14.437618494532995
1993-09-09,1993,3,9,20,58.48831666666667,1107.8,0,11.129999999999999,624.1710686136225,6485.046112662088,46.95478820800781,1993_9,14.77562466708649
1993-09-10,1993,3,9,20,57.56498333333334,1138.599,0.4751131221719457,11.643316666666665,658.1108315457349,6383.359167778413,40.97043228149414,1993_9,14.8289571509179
1993-09-13,1993,3,9,20,57.87833333333333,1111.9,0,11.198333333333334,630.3683017743452,6417.283315852197,65.6634292602539,1993_9,14.25714402227578
1993-09-13,1993,3,9,20,58.041666666666664,1105.199,0,11.08665,623.1849614889811,6435.252529400419,120.8847885131836,1993_9,14.218504557376649
1993-09-14,1993,3,9,20,58.45,1103.5,0,11.058333333333334,620.1246512885864,6480.650914128774,62.5447883605957,1993_9,14.574654059327017
1993-09-14,1993,3,9,20,58.254983333333335,1110.199,0,11.169983333333334,627.3393546594849,6459.149833394447,64.59478759765625,1993_9,14.483332750103886
1993-09-14,1993,3,9,20,58.291666666666664,1057.9,0,10.965000000000002,615.1935437339154,6462.863792639554,110.01478576660156,1993_9,14.282054514175591
1993-09-14,1993,3,9,20,58.336816666666664,1051,0,10.85,608.314882895723,6467.698576373633,149.0150604248047,1993_9,14.181923174077358
1993-09-14,1993,3,9,20,58.11498333333334,1043.8,0,10.729999999999999,601.9240882489139,6442.818455601339,221.1450653076172,1993_9,14.10056889516182
1993-09-14,1993,3,9,20,57.85,1055.9,0,10.931666666666668,614.6469503082451,6413.646887405184,105.92343139648438,1993_9,14.32183652228641
1993-09-15,1993,3,9,21,57.044999999999995,1211.599,0,12.193316666666666,693.7120763155082,6326.926589463661,37.878231048583984,1993_9,14.729954886627693
1993-09-15,1993,3,9,21,56.88165000000001,1216.199,0.39426523297491034,12.269983333333334,699.2311127406838,6308.975598327061,30.754863739013672,1993_9,14.735357988624386
1993-09-15,1993,3,9,21,56.845,1214.599,0.595482546201232,12.243316666666665,697.8005473015639,6304.821216468657,37.66486358642578,1993_9,14.645556854784967
1993-09-15,1993,3,9,21,56.576666666666675,1237.599,0,12.62665,722.7482493819949,6276.151005978687,22.206270217895508,1993_9,14.729665090771633
1993-09-15,1993,3,9,21,56.351666666666674,1234.5,0,12.575,720.8807601457119,6250.959698856187,24.49195671081543,1993_9,14.71173450061701
1993-09-15,1993,3,9,21,56.351666666666674,1215.3,0,12.254999999999999,701.118239107787,6249.977980049957,32.72195816040039,1993_9,14.62785487596203
1993-09-16,1993,3,9,21,56.544999999999995,1211.599,0,12.193316666666666,696.3085724827449,6271.305367353513,31.994863510131836,1993_9,14.602365000561907
1993-09-16,1993,3,9,21,56.61498333333334,1218.699,0.15837104072398192,12.311650000000002,703.2040037589136,6279.434692203107,37.7448616027832,1993_9,14.60947679882393
1993-09-17,1993,3,9,21,57.17833333333333,1203.8,0,12.063333333333333,685.1635865818014,6341.398730844204,41.398231506347656,1993_9,14.75293702069867
1993-09-17,1993,3,9,21,57.25833333333333,1158.9,0.756501182033097,11.981666666666667,679.8393288820209,6350.080324820519,50.723121643066406,1993_9,14.695325476524369
1993-09-20,1993,3,9,21,57.34333333333334,1134.9,0,11.581666666666669,655.3617397569265,6358.552906015663,68.483123779296875,1993_9,14.651567410957114
1993-09-20,1993,3,9,21,57.36498333333334,1119.099,0,11.318316666666666,639.4353265644081,6360.391439317217,37.367637634277344,1993_9,14.627361730657311
1993-09-21,1993,3,9,20,57.66166666666666,1122.199,0,11.369983333333334,641.3894569453563,6393.514710307088,80.20343017578125,1993_9,14.56419421578426
1993-09-21,1993,3,9,20,57.67666666666667,1057.099,0,10.951649999999999,616.3888517138134,6394.388732903726,32.47343063354492,1993_9,14.568088991918586
1993-09-21,1993,3,9,21,57.45665,1052,0,10.866666666666667,611.9951573358392,6369.758062378636,26.84459686279297,1993_9,14.669470394605533
1993-09-22,1993,3,9,21,56.21000000000001,1058.099,0.14056224899598396,10.968316666666665,622.0839710227086,6231.195485267345,20.16118621826172,1993_9,14.617844789767766
1993-09-22,1993,3,9,21,56.43500000000001,1105.199,2.1912350597609564,11.08665,628.66322045491,6256.448205636651,18.342756271362305,1993_9,14.649720269988507
1993-09-22,1993,3,9,21,56.351666666666674,1154.8,0,11.913333333333332,680.0149569203957,6249.03142285818,30.70829963684082,1993_9,14.568583611012402
1993-09-22,1993,3,9,21,56.57998333333333,1148.8,0.21912350597609562,11.813333333333333,672.7974239472636,6274.17525084515,32.96613693237305,1993_9,14.56132281381056
1993-09-22,1993,3,9,21,56.78333333333333,1152.5,1.9721115537848606,11.875,675.6343948045087,6296.955769600988,36.4061393737793,1993_9,14.624689466507716
1993-09-23,1993,3,9,21,56.91331666666667,1142.199,0.4435483870967742,11.703316666666668,664.5777206287125,6310.9907345555575,33.636138916015625,1993_9,14.615363887837708
1993-09-23,1993,3,9,21,57.088316666666664,1149.5,0,11.825,671.1776289537916,6330.760865711889,55.16312026977539,1993_9,14.692021895951333
1993-09-23,1993,3,9,21,57.15,1127.4,0,11.456666666666669,648.6176107826312,6336.760724574787,31.96763801574707,1993_9,14.680047793798831
1993-09-23,1993,3,9,21,57.175,1139.599,0,11.659983333333333,660.8052986046639,6340.004000709771,48.363121032714844,1993_9,14.714635822652854
1994-01-31,1994,1,1,20,57.660000000000004,1058.8,0,10.979999999999999,618.1334369019759,6392.582782713032,32.47343063354492,1994_1,4.2834611016656146
1994-01-31,1994,1,1,20,57.82833333333333,1035.9,0,10.598333333333334,594.9226059327942,6410.719050455304,104.51995849609375,1994_1,4.768828961016099
1994-02-01,1994,1,2,20,57.779983333333334,845.9,0,8.764999999999999,486.024255534375,6404.2396963376395,428.3232421875,1994_2,3.816252696048768
1994-02-01,1994,1,2,20,57.625,847,0,8.783333333333333,487.05940740424296,6386.982153496948,94.27642059326172,1994_2,4.214843381779181
1994-02-01,1994,1,2,20,57.52666666666667,838.7,0,8.645000000000001,478.74012000082115,6376.070036364543,78.64325714111328,1994_2,4.558590133546204
1994-02-01,1994,1,2,20,57.451666666666675,831.1,0.29574861367837335,8.518333333333334,471.09530986707585,6367.767582258372,47.39841842651367,1994_2,4.648048738241242
1994-02-01,1994,1,2,20,57.42666666666667,834.9,0,8.581666666666667,474.878769718605,6364.959372215418,27.758419036865234,1994_2,4.51607487677717
1994-02-02,1994,1,2,20,58.07165,949.1,0,9.818333333333333,548.2736549659614,6436.979810078744,310.95904541015625,1994_2,3.67728717441284
1994-02-02,1994,1,2,20,58.025,951,0,9.85,550.2069976774192,6431.809415319806,194.83905029296875,1994_2,3.835340577695214
1994-02-02,1994,1,2,20,57.983333333333334,952.799,0,9.879983333333334,552.0383899250025,6427.193454343258,95.15806579589844,1994_2,3.85189264147547
1994-02-02,1994,1,2,20,57.885000000000005,951.7,0,9.861666666666668,551.0947844892722,6416.232394112955,63.308067321777344,1994_2,4.0527831393839575
1994-02-02,1994,1,2,20,57.73500000000001,944.4,0,9.74,544.0629602292038,6399.448121854725,33.20806884765625,1994_2,4.327769298162026
1994-02-03,1994,1,2,20,58.66498333333334,1049.599,0,10.826649999999999,605.9546324289445,6504.1915048890505,81.1828842163086,1994_2,2.6395147235541248
1994-02-03,1994,1,2,20,58.61000000000001,1054.099,0,10.901649999999998,610.4778046035083,6498.191889426283,75.29288482666016,1994_2,2.670962625010142
1994-02-03,1994,1,2,20,58.56000000000001,1050.8,0,10.846666666666666,607.4371660194116,6492.536829919765,86.0828857421875,1994_2,2.781205939918597
1994-02-03,1994,1,2,20,58.49166666666667,1107.699,0,11.128316666666668,624.0611429512838,6485.415880955036,58.07478713989258,1994_2,2.022550748830605
1994-02-03,1994,1,2,20,58.451666666666675,1103.8,0,11.063333333333333,620.4106993541571,6480.8453743502,54.62479019165039,1994_2,2.366472141625571
1994-02-03,1994,1,2,20,58.35333333333333,1050.699,0,10.844983333333335,607.970797831674,6469.529037511283,129.90505981445312,1994_2,2.9976981945534282
1994-02-04,1994,1,2,20,57.9,1109.5,0,11.158333333333333,627.9196851811702,6419.618345044035,65.6634292602539,1994_2,2.944966128536207
1994-02-04,1994,1,2,20,57.70498333333333,1120,0,11.333333333333334,639.0374964864086,6398.259485880331,53.72343063354492,1994_2,2.4866336702378673
1994-02-07,1994,1,2,20,57.56666666666667,1138.199,0,11.636650000000001,657.7049021061697,6383.53096744749,40.97043228149414,1994_2,1.6765522202103627
1994-02-07,1994,1,2,21,57.36498333333334,1136,0,11.6,656.3725900593136,6361.004001776389,58.85312271118164,1994_2,2.007547758559851
1994-02-07,1994,1,2,21,57.20333333333333,1139.699,0,11.661650000000002,660.7828465865944,6343.1605601200445,48.363121032714844,1994_2,1.9800061520485974
1994-02-08,1994,1,2,21,56.34665,1157.699,0,11.96165,683.0234620198332,6248.600823708606,31.678298950195312,1994_2,1.615626514485394
1994-02-09,1994,1,2,21,56.21666666666667,1057.599,0,10.959983333333332,621.5460772343222,6231.922598182644,20.16118621826172,1994_2,1.7451325254358911
1994-02-09,1994,1,2,21,56.445,1105,0,11.083333333333334,628.4250175884996,6257.554769623958,18.342756271362305,1994_2,1.808956009409518
1994-02-09,1994,1,2,21,56.576666666666675,1148.699,0,11.811650000000002,672.7091902476088,6273.802016767182,32.96613693237305,1994_2,1.631949525108677
1994-02-09,1994,1,2,21,56.78333333333333,1152.599,0,11.87665,675.7351598060977,6296.960004427064,36.4061393737793,1994_2,1.622936630714302
1994-02-10,1994,1,2,21,56.80166666666667,1212.5,0,12.208333333333334,695.8940795527242,6299.900095322794,39.78486251831055,1994_2,1.3762265304833567
1994-02-10,1994,1,2,21,56.879983333333335,1216.9,0,12.281666666666668,699.9515362291704,6308.824307857886,30.754863739013672,1994_2,1.3393330499332958
1994-02-10,1994,1,2,21,56.588316666666664,1211.599,0,12.193316666666666,696.0842229056833,6276.123896321568,31.994863510131836,1994_2,1.5587677013499566
1994-02-14,1994,1,2,20,58.3125,1059.359,0,10.989316666666666,616.5502661758593,6465.224574955222,110.01478576660156,1994_2,2.7116921619829846
1994-02-14,1994,1,2,20,58.26833333333334,1110.04,0,11.167333333333334,627.1360556677378,6460.630710220299,50.41478729248047,1994_2,2.3700682671918294
1994-02-14,1994,1,2,20,58.11498333333334,1043.699,0,10.728316666666668,601.8249268518073,6442.815913746571,221.1450653076172,1994_2,3.1444204403853373
1994-02-14,1994,1,2,20,57.87715,1059.39,0,10.989833333333335,618.0097231797984,6416.768772630123,105.92343139648438,1994_2,3.196316017116048
1994-02-14,1994,1,2,20,57.80498333333333,1058.099,0,10.968316666666665,616.967561913897,6408.699151792944,65.53343200683594,1994_2,3.2093023779327803
1994-02-15,1994,1,2,21,57.11666666666667,1150.209,0,11.836816666666667,671.762170108422,6333.94483543597,55.16312026977539,1994_2,1.8066198714960189
1994-02-15,1994,1,2,21,57.29031666666666,1158.489,0,11.974816666666667,679.2707580539134,6353.620649482665,50.723121643066406,1994_2,1.4644762474389634
1994-02-15,1994,1,2,21,57.212650000000004,1203.359,0,12.055983333333332,684.548168283882,6345.196629066321,41.398231506347656,1994_2,1.346229061084439
1994-02-15,1994,1,2,21,57.05015,1211.699,0,12.194983333333335,693.7863007162281,6327.504236138032,37.878231048583984,1994_2,1.294074235555872
1994-02-15,1994,1,2,21,56.93998333333334,1140.5,2.0233463035019454,11.675,662.7381480540679,6313.889979140136,16.906137466430664,1994_2,1.8251815928984823
1994-02-16,1994,1,2,21,56.635999999999996,1219.02,0,12.317,703.4189883754312,6281.788346652085,37.7448616027832,1994_2,1.4276370805359042
1994-02-16,1994,1,2,21,56.554500000000004,1234.65,0,12.577500000000002,719.8596523299539,6273.527053165323,25.18486213684082,1994_2,1.3064611282346774
1994-02-16,1994,1,2,21,56.33165,1236.8,0,12.613333333333333,723.3649857329686,6248.857262270317,23.126773834228516,1994_2,1.3710403556018198
1994-02-16,1994,1,2,21,56.361666666666665,1216,0,12.266666666666667,701.7859379382234,6251.124493333375,32.72195816040039,1994_2,1.5186417709197655
1994-02-17,1994,1,2,21,57.431650000000005,1049.199,0,10.819983333333335,609.2692020586824,6366.899594554821,35.68459701538086,1994_2,2.59249738811896
1994-02-17,1994,1,2,21,57.404983333333334,1119,0,11.316666666666666,639.1844244427939,6364.83942176217,37.367637634277344,1994_2,2.395407843583775
1994-02-17,1994,1,2,21,57.18083333333334,1127.189,0,11.45315,648.2814137737842,6340.184082390554,62.637638092041016,1994_2,2.067393955418819
1994-04-18,1994,2,4,20,57.861666666666665,1057.77,0,10.962833333333332,616.4587411030374,6414.998651466398,105.92343139648438,1994_4,5.960488127881908
1994-04-18,1994,2,4,20,57.83116666666667,1033.43,0,10.557166666666667,592.4707863266808,6410.977441028915,104.00995635986328,1994_4,5.990321951404243
1994-04-18,1994,2,4,20,57.733333333333334,1008.19,0,10.136500000000002,567.6743848361741,6399.589523843976,71.65608215332031,1994_4,5.953235805407653
1994-04-19,1994,2,4,20,57.735150000000004,943.22,0,9.720333333333334,542.8917669246656,6399.452200981559,33.20806884765625,1994_4,5.945983123090202
1994-04-19,1994,2,4,20,57.8815,949.72,0,9.828666666666667,549.1427966865429,6415.818304030378,63.308067321777344,1994_4,5.938761268922353
1994-04-19,1994,2,4,20,57.963316666666664,949.2,0,9.82,548.5183862717142,6424.920425741556,95.15806579589844,1994_4,5.878240506193977
1994-04-19,1994,2,4,20,58.01166666666666,950.2,0,9.836666666666668,549.437848731306,6430.315205398187,194.83905029296875,1994_4,5.878240506193977
1994-04-19,1994,2,4,20,58.06166666666666,947.6,0,9.793333333333333,546.8120030502787,6435.850765534431,362.58905029296875,1994_4,5.7657953921273535
1994-04-20,1994,2,4,20,57.41331666666667,832.6,0,8.543333333333333,472.5668625992524,6363.488044818651,30.22842025756836,1994_4,5.9445300508885195
1994-04-20,1994,2,4,20,57.45498333333333,834.3,0.34557235421166305,8.571666666666665,474.2981293284393,6368.115376114238,42.13842010498047,1994_4,5.9445300508885195
1994-04-20,1994,2,4,20,57.52666666666667,837.2,0,8.620000000000001,477.2429543313981,6376.0781379205255,90.92325592041016,1994_4,6.0438764984384745
1994-04-20,1994,2,4,20,57.60783333333334,845.57,0,8.759500000000001,485.62917125919216,6385.075855143053,108.2332534790039,1994_4,6.0384730711250505
1994-04-20,1994,2,4,20,57.77165,845.2,0,8.753333333333334,485.3270471905945,6403.314424517869,249.2132568359375,1994_4,5.802489439631746
1994-04-20,1994,2,4,20,57.77666666666667,845.94,0,8.765666666666668,486.0626253579069,6403.870318495654,249.2132568359375,1994_4,5.802489439631746
1994-04-21,1994,2,4,20,58.66833333333334,1051.599,0,10.859983333333332,607.877475905256,6504.617560863425,69.90288543701172,1994_4,5.7155435000413934
1994-04-21,1994,2,4,20,58.589983333333336,1054.099,0,10.901649999999998,610.5409504549671,6495.963722169818,75.29288482666016,1994_4,5.7604309505942455
1994-04-21,1994,2,4,20,58.54831666666667,1051,0,10.85,607.666903195716,6491.24162210485,86.0828857421875,1994_4,5.747520351748679
1994-04-21,1994,2,4,20,58.498316666666675,1107.599,0,11.12665,623.9405772514822,6486.152996149123,58.07478713989258,1994_4,5.87547849603512
1994-04-21,1994,2,4,20,58.45665,1103.699,0,11.061650000000002,620.2954667241538,6481.397047282564,54.62479019165039,1994_4,5.8146698479446375
1994-04-21,1994,2,4,20,58.34333333333334,1051.02,0,10.850333333333333,608.3144493642587,6468.424502724454,129.90505981445312,1994_4,5.780491752804117
1994-04-21,1994,2,4,20,58.31531666666667,1059.599,0,10.993316666666665,616.7752910311326,6465.545025975483,94.85478973388672,1994_4,5.835967321962845
1994-04-22,1994,2,4,20,57.67998333333333,1121.099,0,11.35165,640.2252475024562,6395.515030933622,80.20343017578125,1994_4,5.9181547172193385
1994-04-25,1994,2,4,21,57.279983333333334,1158.9,0.27210884353741494,11.981666666666667,679.7337866533377,6352.489050372673,50.723121643066406,1994_4,5.629568667327088
1994-04-25,1994,2,4,21,57.21000000000001,1203.199,0,12.053316666666667,684.4004142610236,6344.894584903102,41.398231506347656,1994_4,5.700204284232835
1994-04-25,1994,2,4,21,57.041666666666664,1211.5,0,12.191666666666666,693.6293772618903,6326.551088226941,37.878231048583984,1994_4,5.647230787045688
1994-04-26,1994,2,4,21,56.81498333333334,1213.3,0.03636363636363636,12.221666666666666,696.6380629253264,6301.419708976839,40.15486145019531,1994_4,5.541867168466521
1994-04-26,1994,2,4,21,56.88333333333333,1216.8,0,12.28,699.8321441340695,6309.19208746967,30.754863739013672,1994_4,5.568467862163695
1994-04-26,1994,2,4,21,56.65333333333333,1218.5,0,12.308333333333334,702.7946335584743,6283.690747256656,37.7448616027832,1994_4,5.512307306742432
1994-04-26,1994,2,4,21,56.57998333333333,1211.599,0,12.193316666666666,696.1273924380216,6275.196897782769,31.994863510131836,1994_4,5.44765484616818
1994-04-26,1994,2,4,21,56.54831666666667,1234.599,0,12.576649999999999,719.8433084166902,6272.836606387928,25.18486213684082,1994_4,5.535988485721059
1994-04-27,1994,2,4,21,56.339983333333336,1235.199,0,12.58665,721.6679879771841,6249.697763974344,23.126773834228516,1994_4,5.641823703564564
1994-04-27,1994,2,4,21,56.37666666666667,1215.599,0,12.259983333333333,701.2941427990687,6252.773418884533,32.72195816040039,1994_4,5.493970597611867
1994-04-28,1994,2,4,21,56.21833333333334,1057.9,0,10.965000000000002,621.8518448704062,6232.116917387564,20.16118621826172,1994_4,5.770029547907613
1994-04-28,1994,2,4,21,56.445,1104.8,0.3571428571428572,11.08,628.2195726797663,6257.548546537761,18.342756271362305,1994_4,5.650523528946573
1994-04-28,1994,2,4,21,56.351666666666674,1155.199,0,11.919983333333334,680.4257234167272,6249.0488447103135,30.70829963684082,1994_4,5.453094186088835
1994-04-28,1994,2,4,21,56.59333333333334,1149.099,0.22026431718061676,11.818316666666666,673.0423753999846,6275.673065489767,37.55613708496094,1994_4,5.448123464152989
1994-04-28,1994,2,4,21,56.791666666666664,1151.8,0.9742647058823529,11.863333333333333,674.8831166366201,6297.853028505519,36.4061393737793,1994_4,5.4826852155453745
1994-04-29,1994,2,4,20,57.563316666666665,1138.3,0,11.638333333333332,657.8200541914858,6383.162108671602,40.97043228149414,1994_4,5.744370934299005
1994-05-02,1994,2,5,21,57.36331666666667,1119.3,0.22304832713754644,11.321666666666665,639.6430988471361,6360.212839241749,37.367637634277344,1994_5,10.449104339716843
1994-05-02,1994,2,5,21,57.43998333333334,1049.9,0.07676767676767676,10.831666666666669,609.9455548315832,6367.8459295031225,35.68459701538086,1994_5,10.082490265879024
1994-05-02,1994,2,5,20,57.666666666666664,1058.3,0,10.971666666666666,617.6147440667389,6393.31028636738,32.47343063354492,1994_5,9.74403688068248
1994-05-03,1994,2,5,20,58.25665000000001,1110,0,11.166666666666666,627.1387985000149,6459.32907147682,64.59478759765625,1994_5,10.059396737195566
1994-05-03,1994,2,5,20,58.10333333333333,1043.699,0,10.728316666666668,601.8581499041401,6441.519121285961,221.1450653076172,1994_5,9.700028212266409
1994-05-03,1994,2,5,20,58.086666666666666,1103.9,0,11.065000000000001,621.7538433169892,6440.221840465177,115.44478607177734,1994_5,9.850393036913223
1994-05-03,1994,2,5,20,57.88831666666667,1111.9,0,11.198333333333334,630.3321770979344,6418.39441526293,65.6634292602539,1994_5,9.8608020120536
1994-05-03,1994,2,5,20,57.82,1101.3,0.043222003929273084,11.021666666666667,620.0874036536466,6410.463940598637,53.77342987060547,1994_5,9.623766352917356
1994-05-04,1994,2,5,21,57.09333333333334,1149.5,0,11.825,671.1545058272177,6331.31902773153,55.16312026977539,1994_5,10.303469716025589
1994-05-04,1994,2,5,21,57.21000000000001,1139.699,0.323679727427598,11.661650000000002,660.7538577650473,6343.902356050519,48.363121032714844,1994_5,10.407286548605736
1994-05-04,1994,2,5,21,57.156650000000006,1127.199,1.4851485148514851,11.453316666666668,648.3883656891325,6337.493412923838,62.637638092041016,1994_5,10.725544870384649
1994-05-04,1994,2,5,21,57.313316666666665,1134.599,0,11.576649999999999,655.1864538937958,6355.201377995938,68.483123779296875,1994_5,10.396193825228856
1994-09-05,1994,3,9,20,58.22998333333333,1111.099,0,11.184983333333332,628.3096669149119,6456.3957571781,64.59478759765625,1994_9,15.670661742942126
1994-09-05,1994,3,9,20,58.43500000000001,1102.8,0,11.046666666666665,619.4947568748934,6478.960492501105,62.5447883605957,1994_9,15.769319536891917
1994-09-05,1994,3,9,20,58.461666666666666,1108.3,0,11.138333333333332,624.7511795426983,6482.095230332286,37.98478698730469,1994_9,15.969486950748262
1994-09-05,1994,3,9,20,58.56833333333334,1053.599,0,10.893316666666665,610.1246068923123,6493.540046947469,75.29288482666016,1994_9,15.716818907719507
1994-09-06,1994,3,9,20,58.65833333333333,1049.8,0,10.83,606.1691198563722,6503.456533186685,81.1828842163086,1994_9,15.7553406814016
1994-09-06,1994,3,9,20,58.54333333333334,1050.9,0,10.848333333333334,607.5851922514385,6490.684224796168,103.94506072998047,1994_9,15.629528817191712
1994-09-06,1994,3,9,20,58.34166666666667,1051.099,0,10.85165,608.3966173169547,6468.241100913213,129.90505981445312,1994_9,15.375834551270366
1994-09-06,1994,3,9,20,58.31498333333334,1059.599,0,10.993316666666665,616.776389885503,6465.507923158384,94.85478973388672,1994_9,15.47757702588103
1994-09-06,1994,3,9,20,58.11331666666667,1043.9,0,10.731666666666667,602.027030228047,6442.635453643313,221.1450653076172,1994_9,15.298976914657871
1994-09-06,1994,3,9,20,58.083333333333336,1104.199,0,11.069983333333335,622.05899038886,6439.85983392446,115.44478607177734,1994_9,15.406456678472226
1994-09-07,1994,3,9,20,57.82833333333333,1031.6,0,10.526666666666666,590.6668767284324,6410.620788828685,104.00995635986328,1994_9,15.516383952319568
1994-09-07,1994,3,9,20,57.68500000000001,1055.9,0,10.931666666666668,615.1708817136087,6395.282100818201,32.47343063354492,1994_9,15.708627054918521
1994-09-07,1994,3,9,20,57.806650000000005,1059.099,0,10.984983333333332,617.9523703339876,6408.913574419811,65.53343200683594,1994_9,15.51878829547665
1994-09-07,1994,3,9,20,57.851666666666674,1056.699,0,10.944983333333335,615.4318471179356,6413.8550347265955,105.92343139648438,1994_9,15.508173873015235
1994-09-07,1994,3,9,20,57.894999999999996,1109.9,0,11.165000000000001,628.3325430635787,6419.074492980182,65.6634292602539,1994_9,15.46053040027744
1994-09-12,1994,3,9,20,57.56498333333334,1138.4,0,11.640000000000002,657.9125037425131,6383.35144473258,40.97043228149414,1994_9,16.008916768950492
1994-09-12,1994,3,9,21,57.38998333333334,1119.099,1.202290076335878,11.318316666666666,639.3404636945298,6363.17353755211,37.367637634277344,1994_9,15.789533376118788
1994-09-12,1994,3,9,21,57.464983333333336,1052.599,0.5645161290322581,10.87665,612.5684224012898,6370.702046747311,26.84459686279297,1994_9,15.750639403833247
1994-09-13,1994,3,9,20,57.406650000000006,831.4,0.16260162601626016,8.523333333333333,471.3602205669191,6362.754149874123,30.22842025756836,1994_9,15.193374187304705
1994-09-13,1994,3,9,20,57.45498333333333,834.5,0,8.575,474.49814233705774,6368.114120535397,42.13842010498047,1994_9,15.284915413847017
1994-09-13,1994,3,9,20,57.52666666666667,834.799,0,8.579983333333333,474.84649501400736,6376.092252938714,90.92325592041016,1994_9,15.076223949745307
1994-09-13,1994,3,9,20,57.60665000000001,845.7,0,8.761666666666667,485.75817515086686,6384.943662863717,108.2332534790039,1994_9,15.081384637130894
1994-09-13,1994,3,9,20,57.75833333333333,843.9,0,8.731666666666666,484.0323376480967,6401.836800948668,249.2132568359375,1994_9,15.147913027282089
1994-09-14,1994,3,9,20,58.06000000000001,946.6,0,9.776666666666667,545.8307189374552,6435.653781380048,362.58905029296875,1994_9,15.119714182738162
1994-09-14,1994,3,9,20,58.031650000000006,952.2,0,9.870000000000001,551.3787624545045,6432.56478837663,194.83905029296875,1994_9,15.210388210996744
1994-09-14,1994,3,9,20,57.97998333333333,952.2,0,9.870000000000001,551.4528407995539,6426.812863538243,95.15806579589844,1994_9,15.210388210996744
1994-09-14,1994,3,9,20,57.88666666666666,952.3,0,9.871666666666666,551.6853499372783,6416.4255339068295,63.308067321777344,1994_9,15.260560568395862
1994-09-14,1994,3,9,20,57.73831666666667,944.3,0.087527352297593,9.738333333333333,543.9596981048238,6399.816265395822,33.20806884765625,1994_9,15.367653105408385
1994-09-14,1994,3,9,20,57.73500000000001,1006.099,0,10.101650000000001,565.5962905895109,6399.740781479587,71.65608215332031,1994_9,15.586187807854554
1994-09-15,1994,3,9,21,56.336666666666666,1236.5,0,12.608333333333333,723.0267756581526,6249.398982294903,23.126773834228516,1994_9,15.870766464939107
1994-09-15,1994,3,9,21,56.544999999999995,1232,0,12.533333333333333,717.2011333849815,6272.329770700269,25.18486213684082,1994_9,15.807998875318805
1994-09-15,1994,3,9,21,56.873316666666675,1217.5,0.280561122244489,12.291666666666666,700.5962858122207,6308.112005811135,30.754863739013672,1994_9,15.897309078772563
1994-09-15,1994,3,9,21,57.01498333333334,1211.9,0.3966597077244259,12.198333333333334,694.1728106551185,6323.6016331198525,37.878231048583984,1994_9,15.878948073792847
1994-09-15,1994,3,9,21,57.17833333333333,1204,0.5285412262156448,12.066666666666666,685.3649909887652,6341.407793559349,41.398231506347656,1994_9,15.936145620681582
1994-09-15,1994,3,9,21,57.26498333333334,1158.9,0,11.981666666666667,679.8069133553765,6350.82018675365,50.723121643066406,1994_9,15.876467726100104
1994-09-16,1994,3,9,20,57.67331666666667,1122.099,0.07706422018348624,11.368316666666665,641.2447430974613,6394.807723618417,80.20343017578125,1994_9,15.739046435457501
1994-09-19,1994,3,9,21,57.35498333333333,1135.4,0,11.590000000000002,655.8137144532315,6359.868311376884,68.483123779296875,1994_9,15.83206199634559
1994-09-19,1994,3,9,21,57.17666666666667,1126.9,0.15258126195028682,11.448333333333334,648.0070019829643,6339.709960448763,62.637638092041016,1994_9,15.858101993080437
1994-09-19,1994,3,9,21,57.181650000000005,1139.699,0,11.661650000000002,660.8771175280749,6340.747873165414,48.363121032714844,1994_9,15.890137480832502
1994-09-20,1994,3,9,21,56.211666666666666,1057.599,0.75630252100840345,10.959983333333332,621.5619019964861,6231.366216409228,20.16118621826172,1994_9,15.671223364650826
1994-09-20,1994,3,9,21,56.43998333333334,1104.9,3.3585858585858586,11.081666666666669,628.3392041404496,6256.993418416088,18.342756271362305,1994_9,15.741720180345274
1994-09-20,1994,3,9,21,56.58165,1148.9,0.9421841541755888,11.815000000000001,672.8921496753944,6274.364874461939,32.96613693237305,1994_9,15.691907971265653
1994-09-20,1994,3,9,21,56.55166666666667,1211.9,0,12.198333333333334,696.5822700154059,6272.061322618671,31.994863510131836,1994_9,15.750232608322879
1994-09-20,1994,3,9,21,56.61000000000001,1218.8,0,12.313333333333333,703.3340435429342,6278.885361002884,37.7448616027832,1994_9,15.770606733083689
1994-09-21,1994,3,9,21,56.361666666666665,1215.699,0,12.261650000000001,701.4761819244904,6251.109785449826,32.72195816040039,1994_9,15.764305526004625
1994-09-21,1994,3,9,21,56.345,1158.199,0.4175824175824176,11.969983333333335,683.5461931174156,6248.439469778156,31.678298950195312,1994_9,15.70597162078463
1994-09-22,1994,3,9,21,56.84831666666667,1215,0.14150943396226415,12.25,698.1904290228387,6305.209513066345,37.66486358642578,1994_9,15.824777643233817
1994-09-22,1994,3,9,21,56.781650000000006,1152.5,0.5555555555555556,11.875,675.6422632351596,6296.768489665141,36.4061393737793,1994_9,15.793522267108614
1994-09-22,1994,3,9,21,56.91498333333334,1142.4,0,11.706666666666669,664.7742618785184,6311.18424477458,33.636138916015625,1994_9,15.777326769796005
1994-09-22,1994,3,9,21,57.086666666666666,1149.599,0,11.826649999999999,671.2851850199423,6330.581425974839,55.16312026977539,1994_9,15.870524469915809
1995-01-30,1995,1,1,20,57.563316666666665,1137.199,0,11.619983333333334,656.7227183576452,6383.119580792187,40.97043228149414,1995_1,3.2524920612979793
1995-01-30,1995,1,1,21,57.391666666666666,1119.3,0,11.321666666666665,639.5353688325721,6363.367735513413,37.367637634277344,1995_1,3.7541332683521036
1995-01-30,1995,1,1,21,57.3375,1135.199,0,11.58665,655.6862335500136,6357.915199449621,68.483123779296875,1995_1,3.4218700703628246
1995-01-31,1995,1,1,21,56.56000000000001,1236.3,0,12.604999999999999,721.5166664630635,6274.227227680425,22.206270217895508,1995_1,2.680588088575587
1995-01-31,1995,1,1,21,56.641666666666666,1218.8,0,12.313333333333333,703.163745956545,6282.407805991421,37.7448616027832,1995_1,2.8446345600869005
1995-01-31,1995,1,1,21,56.57833333333333,1211.8,0.35647279549718575,12.196666666666665,696.3416150701654,6275.022934702908,31.994863510131836,1995_1,3.0287304197661316
1995-01-31,1995,1,1,21,56.38831666666667,1215.599,0,12.259983333333333,701.2326755557607,6254.06930058988,34.694862365722656,1995_1,2.972594193616956
1995-01-31,1995,1,1,21,56.351666666666674,1234.599,0,12.576649999999999,720.9826539367797,6250.9649994814,24.49195671081543,1995_1,2.7209935785150243
1995-02-01,1995,1,2,21,56.345,1158.4,0.5285412262156448,11.973333333333334,683.7531528083614,6248.4484126927155,31.678298950195312,1995_2,2.583098369021988
1995-02-02,1995,1,2,21,56.23831666666667,1057.9,0,10.965000000000002,621.7884260241684,6234.340591855801,20.16118621826172,1995_2,2.6433244259468154
1995-02-02,1995,1,2,21,56.44665,1105.4,0,11.090000000000002,628.8303229815318,6257.750852066122,18.342756271362305,1995_2,2.684408498651324
1995-02-02,1995,1,2,21,56.59333333333334,1149.9,0,11.831666666666669,673.8617924218058,6275.706819573078,34.36613845825195,1995_2,2.5629275832391585
1995-02-02,1995,1,2,21,56.791666666666664,1151.599,0.37174721189591076,11.859983333333332,674.678577555034,6297.844473993359,36.4061393737793,1995_2,2.5895912137393973
1995-02-03,1995,1,2,21,57.16166666666666,1127,0.25089605734767023,11.45,648.1677403784993,6338.044434514707,62.637638092041016,1995_2,2.8674482176441916
1995-02-06,1995,1,2,20,57.66331666666667,1121.8,0,11.363333333333333,640.9864217714919,6393.684483068814,80.20343017578125,1995_2,3.1540142255470287
1995-02-06,1995,1,2,20,57.81833333333334,1101.739,0,11.028983333333334,620.5274988070457,6410.291446985284,53.77342987060547,1995_2,3.7291304342168536
1995-02-06,1995,1,2,20,57.879983333333335,1112.4,0,11.206666666666669,630.8563966432699,6417.483046418004,82.71343231201172,1995_2,3.5231892096352833
1995-02-07,1995,1,2,20,58.019999999999996,951.1,0,9.851666666666667,550.3124586841017,6431.254014968009,194.83905029296875,1995_2,3.9930338036819943
1995-02-07,1995,1,2,20,57.976666666666674,951.8,0,9.863333333333333,551.063296731423,6426.438571594564,95.15806579589844,1995_2,3.9930338036819943
1995-02-07,1995,1,2,20,57.88666666666666,951.7,0,9.861666666666668,551.0924209008457,6416.417936806461,63.308067321777344,1995_2,4.210100627651366
1995-02-07,1995,1,2,20,57.76166666666666,948.8,0,9.813333333333333,548.3937981909273,6402.466810209042,36.61806869506836,1995_2,4.45379783757188
1995-02-08,1995,1,2,20,57.76166666666666,844.7,0,8.745000000000001,484.8271565100882,6402.204830757574,249.2132568359375,1995_2,3.9749847349443983
1995-02-08,1995,1,2,20,57.62666666666667,847.8,0,8.796666666666665,487.85630621394404,6387.1652320643725,94.27642059326172,1995_2,4.434823723610425
1995-02-08,1995,1,2,20,57.52331666666667,838.3,0,8.638333333333332,478.3388896734614,6375.699208307785,90.92325592041016,1995_2,4.7155881211217885
1995-02-08,1995,1,2,20,57.45498333333333,833.9,0.7269155206286837,8.565,473.89810342126805,6368.117916699962,47.39841842651367,1995_2,4.6725031908945525
1995-02-08,1995,1,2,20,57.425,833.9,0.6060606060606061,8.565,473.87674474510214,6364.780117004049,30.22842025756836,1995_2,4.6725031908945525
1995-02-09,1995,1,2,20,58.66166666666666,1049.3,0,10.821666666666665,605.6756491331728,6503.81443518586,81.1828842163086,1995_2,3.038346987791082
1995-02-09,1995,1,2,20,58.58500000000001,1054,0,10.9,610.4607586975526,6495.406283929734,75.29288482666016,1995_2,3.0148324504020296
1995-02-09,1995,1,2,20,58.53666666666666,1050.599,0,10.843316666666665,607.31360768139,6489.934089671079,103.94506072998047,1995_2,3.1943998509411538
1995-02-09,1995,1,2,20,58.49665,1107.4,0,11.123333333333335,623.7531873819669,6485.961370315109,58.07478713989258,1995_2,2.755344886480832
1995-02-09,1995,1,2,20,58.45665,1103.9,0,11.065000000000001,620.4908980126991,6481.4030478378345,54.62479019165039,1995_2,2.863088451869972
1995-02-09,1995,1,2,20,58.35333333333333,1050.9,0,10.848333333333334,608.1668136177962,6469.534417584451,129.90505981445312,1995_2,3.3404450494799396
1995-02-10,1995,1,2,20,57.82998333333333,1034.5,0,10.575,593.5327519368954,6410.870228008601,104.00995635986328,1995_2,3.8711683666815953
1995-02-10,1995,1,2,20,57.85333333333333,1056.9,0,10.948333333333334,615.6252884418477,6414.046259530366,105.92343139648438,1995_2,3.7552318519672383
1995-02-13,1995,1,2,20,57.675,1057.3,0,10.955,616.5939502948904,6394.208990316348,32.47343063354492,1995_2,3.5877534708706498
1995-02-13,1995,1,2,21,57.461666666666666,1052.099,0,10.868316666666665,612.0787843838333,6370.319130968626,26.84459686279297,1995_2,3.3311682953311483
1995-02-14,1995,1,2,20,58.315650000000005,1059.619,0,10.993649999999999,616.7937162617247,6465.582707080348,94.85478973388672,1995_2,3.205136043145985
1995-02-14,1995,1,2,20,58.25333333333333,1109.9,0,11.165000000000001,627.0528879975789,6458.956774728836,64.59478759765625,1995_2,2.881915797104655
1995-02-14,1995,1,2,20,58.08165,1104.099,0,11.068316666666666,621.966475668772,6439.669461288941,115.44478607177734,1995_2,3.396577017004979
1995-02-14,1995,1,2,20,58.089983333333336,1044.099,0,10.734983333333332,602.2892089352968,6440.043185558984,221.1450653076172,1995_2,3.617234865781966
1995-02-15,1995,1,2,21,57.213316666666664,1203.4,0,12.056666666666668,684.5860883525105,6345.2726497341155,41.398231506347656,1995_2,2.258238493108096
1995-02-15,1995,1,2,21,57.05,1211.599,0.2207505518763797,12.193316666666666,693.6860358999979,6327.4828173368405,37.878231048583984,1995_2,2.2230165260842396
1995-02-15,1995,1,2,21,56.9,1215.9,0,12.265000000000002,698.8300843972871,6311.002349287656,30.754863739013672,1995_2,2.277086115098786
1995-02-15,1995,1,2,21,56.84333333333334,1214.699,0,12.244983333333334,697.9109489585505,6304.6406365233615,37.66486358642578,1995_2,2.319378246395686
1995-02-16,1995,1,2,21,56.910000000000004,1142.599,0,11.709983333333332,664.9980991946379,6310.637781972188,33.636138916015625,1995_2,2.6853162718469923
1995-02-16,1995,1,2,21,57.09333333333334,1149.8,0,11.83,671.4573332723871,6331.331584520567,55.16312026977539,1995_2,2.712989144257979
1995-02-16,1995,1,2,21,57.19166666666667,1140.099,0,11.668316666666666,661.236293401754,6341.878173877534,48.363121032714844,1995_2,2.867718989923936
1995-02-16,1995,1,2,21,57.25333333333333,1158.8,0,11.979999999999999,679.7631988065627,6349.519636430288,50.723121643066406,1995_2,2.370851089662966
1995-05-02,1995,2,5,20,57.88831666666667,1111.4,0,11.190000000000001,629.8382251303863,6418.378385216682,65.6634292602539,1995_5,9.592633078162535
1995-05-02,1995,2,5,20,57.82,1101.199,0,11.019983333333334,619.9874312446364,6410.460954998766,53.77342987060547,1995_5,9.429021200764462
1995-05-02,1995,2,5,20,57.875,1059.199,0,10.986650000000001,617.8279940835827,6416.523923993697,105.92343139648438,1995_5,9.48728638780877
1995-05-02,1995,2,5,20,57.82833333333333,1037.099,0,10.618316666666665,596.1092502509945,6410.747253156419,104.51995849609375,1995_5,9.438161212091687
1995-05-03,1995,2,5,20,57.42666666666667,834.99,0,8.583166666666667,474.96884517487365,6364.958818980901,27.758419036865234,1995_5,8.96958815412275
1995-05-03,1995,2,5,20,57.45498333333333,832,0,8.533333333333333,471.9979824311394,6368.130520318454,47.39841842651367,1995_5,8.997126141204577
1995-05-03,1995,2,5,20,57.52666666666667,836.2,0,8.6033333333333335,476.24484489565543,6376.083845142434,90.92325592041016,1995_5,9.121036343775263
1995-05-03,1995,2,5,20,57.61498333333334,847.099,0,8.784983333333335,487.1544206962566,6385.866724063038,94.27642059326172,1995_5,9.17884365248439
1995-05-03,1995,2,5,20,57.76331666666667,845,0,8.75,485.12534037911513,6402.38741371691,249.2132568359375,1995_5,9.405216834923172
1995-05-04,1995,2,5,20,58.07331666666667,949.2,0,9.82,548.3697150889329,6437.166552042546,310.95904541015625,1995_5,9.557400416111275
1995-05-04,1995,2,5,20,58.02331666666667,951.299,0,9.854983333333333,550.5037112907623,6431.6257283051655,194.83905029296875,1995_5,9.49554543418751
1995-05-04,1995,2,5,20,57.976666666666674,951.9,0,9.865,551.1618712533275,6426.439832209534,95.15806579589844,1995_5,9.49554543418751
1995-05-04,1995,2,5,20,57.88666666666666,951.7,0,9.861666666666668,551.0924209008457,6416.417936806461,63.308067321777344,1995_5,9.359431567937147
1995-05-04,1995,2,5,20,57.73831666666667,944,0,9.733333333333333,543.6620096403938,6399.813032308182,33.20806884765625,1995_5,9.266116202371938
1995-05-04,1995,2,5,20,57.73831666666667,1008,0,10.133333333333333,567.4765521728675,6400.141105395368,71.65608215332031,1995_5,9.29198242223923
1995-05-05,1995,2,5,20,58.666666666666664,1049.099,0,10.818316666666666,605.466251791964,6504.365756825279,81.1828842163086,1995_5,9.741908588517015
1995-05-05,1995,2,5,20,58.58500000000001,1054,0,10.9,610.4607586975526,6495.406283929734,75.29288482666016,1995_5,9.715324101392738
1995-05-05,1995,2,5,20,58.53333333333333,1050.699,0,10.844983333333335,607.420816849732,6489.565699950397,103.94506072998047,1995_5,9.645093780831429
1995-05-05,1995,2,5,20,58.49166666666667,1107.5,0,11.125,623.8678522580625,6485.409761497696,58.07478713989258,1995_5,10.024784129863948
1995-05-05,1995,2,5,20,58.45333333333333,1103.599,0,11.059983333333332,620.2095537422407,6481.024892269109,62.5447883605957,1995_5,9.809225257132152
1995-05-08,1995,2,5,21,56.84166666666667,1214.699,0,12.244983333333334,697.9197489424106,6304.455235248324,37.66486358642578,1995_5,9.990238694258522
1995-05-08,1995,2,5,21,56.65833333333333,1218.099,0,12.301649999999999,702.3583340201928,6284.2271732304125,42.044864654541016,1995_5,9.916390600396541
1995-05-08,1995,2,5,21,56.54665,1232.699,0,12.544983333333334,717.9074384979323,6272.550225522421,25.18486213684082,1995_5,10.027682583791737
1995-05-08,1995,2,5,21,56.338316666666664,1236.3,0,12.604999999999999,722.8112284045748,6249.571689502803,23.126773834228516,1995_5,10.174385531743908
1995-05-09,1995,2,5,21,56.36331666666667,1216.099,0,12.268316666666665,701.8790918021971,6251.312871654735,32.72195816040039,1995_5,9.856482332263917
1995-05-09,1995,2,5,21,56.56666666666667,1211.599,0,12.193316666666666,696.1963686667856,6273.715555912948,31.994863510131836,1995_5,9.734267590743318
1995-05-09,1995,2,5,21,56.34333333333334,1157.9,0.22271714922049,11.965000000000002,683.24632093326,6248.240775231376,31.678298950195312,1995_5,9.697623939991114
1995-05-10,1995,2,5,21,56.23500000000001,1057.8,0,10.963333333333333,621.6956612403161,6233.968579670868,20.16118621826172,1995_5,9.900226539083198
1995-05-10,1995,2,5,21,56.45333333333333,1105.3,0.23157894736842105,11.088333333333333,628.7050044284385,6258.4914286319445,18.342756271362305,1995_5,9.736909446941905
1995-05-10,1995,2,5,21,56.59333333333334,1149.4,0,11.823333333333334,673.3502965889365,6275.685730887806,34.36613845825195,1995_5,9.696201741862309
1995-05-10,1995,2,5,21,56.785000000000004,1152.5,0,11.875,675.6266041284026,6297.14119531764,36.4061393737793,1995_5,9.73890304285379
1995-05-10,1995,2,5,21,56.92165,1141.5,0.6870229007633587,11.691666666666666,663.8321568144681,6311.889947016213,33.636138916015625,1995_5,9.784515188948514
1995-05-11,1995,2,5,21,56.87165,1217.699,0,12.294983333333334,700.8072546149596,6307.93634350069,37.66486358642578,1995_5,10.052520758741588
1995-05-11,1995,2,5,21,57.01350000000001,1212.39,0,12.206500000000002,694.6761576651411,6323.4598797337185,37.878231048583984,1995_5,10.061472889971933
1995-05-11,1995,2,5,21,57.09665,1149.9,0,11.831666666666669,671.5429514243792,6331.704791786608,55.16312026977539,1995_5,9.882403871969847
1995-05-11,1995,2,5,21,57.20498333333333,1139.9,0.18662519440124414,11.665000000000001,660.977966893961,6343.352064915831,48.363121032714844,1995_5,9.96862804000989
1995-05-11,1995,2,5,21,57.160000000000004,1127,0.7915993537964459,11.45,648.1744075380199,6337.8589740011985,62.637638092041016,1995_5,10.347969718208587
1995-05-11,1995,2,5,21,57.3,1134.599,0.2546689303904924,11.576649999999999,655.2425725518331,6353.7195800614245,68.483123779296875,1995_5,10.017320300479925
1995-05-12,1995,2,5,21,57.17833333333333,1204,0.07476635514018691,12.066666666666666,685.3649909887652,6341.407793559349,41.398231506347656,1995_5,10.105391163275169
1995-05-12,1995,2,5,21,57.26166666666666,1159,0.08888888888888889,11.983333333333333,679.9235590616225,6350.455586341266,50.723121643066406,1995_5,10.074320452483608
1995-05-15,1995,2,5,20,57.57,1138.8,0,11.646666666666667,658.2893725719597,6383.925207908581,21.39043426513672,1995_5,10.042904497592803
1995-05-16,1995,2,5,20,58.225,1111.5,0,11.191666666666666,628.7200956547052,6455.853855288992,64.59478759765625,1995_5,9.874114256703528
1995-05-16,1995,2,5,20,58.32165,1059.699,0,10.994983333333334,616.852015922726,6466.252871920101,94.85478973388672,1995_5,9.674755388975212
1995-05-16,1995,2,5,20,58.35,1050.599,0,10.843316666666665,607.8834429700406,6469.155319829196,129.90505981445312,1995_5,9.616598922302435
1995-05-16,1995,2,5,20,58.09831666666667,1043.9,0,10.731666666666667,602.0698880450507,6440.96576588367,221.1450653076172,1995_5,9.54013021506541
1995-05-16,1995,2,5,20,58.01833333333334,1104,0,11.066666666666666,622.084977414893,6432.619200440173,120.8847885131836,1995_5,9.57746086520113
1995-05-17,1995,2,5,20,57.67331666666667,1057.5,0,10.958333333333334,616.7981266842354,6394.027374257781,32.47343063354492,1995_5,9.475714509321728
1995-05-17,1995,2,5,21,57.46666666666667,1052.199,0.2803738317757009,10.869983333333334,612.1634339890123,6370.878374455609,26.84459686279297,1995_5,9.65551492486761
1995-05-17,1995,2,5,21,57.37165,1118.8,0,11.313333333333333,639.1104320604251,6361.12312727266,37.367637634277344,1995_5,10.082422911742787
1995-08-28,1995,3,8,20,57.89333333333334,1101.099,0,11.018316666666665,619.6449001910772,6418.620046660198,81.28343200683594,1995_8,17.835074743009894
1995-08-28,1995,3,8,20,57.82833333333333,1036.9,0,10.615000000000002,595.912301292352,6410.742548050037,104.51995849609375,1995_8,17.74257571724604
1995-08-29,1995,3,8,20,57.745,1009.099,0,10.15165,568.5543820955697,6400.903476414126,71.65608215332031,1995_8,17.71360478643954
1995-08-29,1995,3,8,20,57.74333333333334,944.9,0,9.748333333333333,544.5489059574267,6400.381275088603,36.61806869506836,1995_8,17.311411369031937
1995-08-29,1995,3,8,20,57.889649999999996,951.539,0,9.858983333333333,550.9291004044636,6416.748034811279,63.308067321777344,1995_8,17.323906692453843
1995-08-29,1995,3,8,20,57.97331666666667,951.5,0,9.858333333333333,550.7723101676687,6426.061858230796,95.15806579589844,1995_8,17.408937618086032
1995-08-29,1995,3,8,20,58.010000000000005,949.9,0,9.831666666666667,549.1446969971121,6430.126010101235,194.83905029296875,1995_8,17.408937618086032
1995-08-29,1995,3,8,20,58.06498333333334,947.9,0,9.798333333333334,547.1026619291908,6436.223485994594,362.58905029296875,1995_8,17.478120240770235
1995-08-30,1995,3,8,20,57.425,834.7,0,8.578333333333335,474.67745138680493,6364.775072630064,27.758419036865234,1995_8,17.12232614112032
1995-08-30,1995,3,8,20,57.45498333333333,840.1,0,8.668333333333333,480.09852027906146,6368.082946910074,33.24842071533203,1995_8,17.196559310615893
1995-08-30,1995,3,8,20,57.52833333333333,836.599,0,8.609983333333334,476.64415598976666,6376.267078004664,90.92325592041016,1995_8,17.02517089013433
1995-08-30,1995,3,8,20,57.611666666666665,846.2,0,8.770000000000001,486.2580329973247,6385.5004288361715,108.2332534790039,1995_8,17.07001831602637
1995-08-30,1995,3,8,20,57.76498333333334,844.8,0,8.746666666666666,484.92770608292534,6402.573698017955,249.2132568359375,1995_8,17.368796318020358
1995-08-31,1995,3,8,20,58.65166666666667,1049.699,0,10.828316666666668,606.0917068381424,6502.711745977399,81.1828842163086,1995_8,18.316206504158973
1995-08-31,1995,3,8,20,58.58165,1054,0,10.9,610.4713157493819,6495.0333773748125,75.29288482666016,1995_8,18.31786438816162
1995-08-31,1995,3,8,20,58.510000000000005,1050.599,0,10.843316666666665,607.3950834035007,6486.965660523999,103.94506072998047,1995_8,18.028913405030146
1995-08-31,1995,3,8,20,58.49665,1107.3,0,11.121666666666666,623.6560700285092,6485.958301496952,58.07478713989258,1995_8,18.696009538400727
1995-08-31,1995,3,8,20,58.451666666666675,1103.4,0,11.056666666666668,620.0217259571499,6480.833451144675,62.5447883605957,1995_8,18.543883414925112
1995-08-31,1995,3,8,20,58.35498333333333,1050.9,0,10.848333333333334,608.161767864654,6469.718084525501,129.90505981445312,1995_8,17.849517354461945
1995-08-31,1995,3,8,20,58.29665,1058.4,0,10.973333333333334,615.6657203338464,6463.432767874455,110.01478576660156,1995_8,18.080721892987395
1995-09-01,1995,3,9,20,57.68333333333333,1056.599,0,10.943316666666666,615.8706898433438,6395.1164555520845,32.47343063354492,1995_9,15.393901195463329
1995-09-04,1995,3,9,20,57.56000000000001,1137.5,0,11.625,657.0369976918695,6382.762113335248,40.97043228149414,1995_9,15.796492156464739
1995-09-04,1995,3,9,21,57.333333333333336,1134.9,0,11.581666666666669,655.4039786643496,6357.440163965654,68.483123779296875,1995_9,15.62586245934877
1995-09-05,1995,3,9,21,56.839983333333336,1214.4,0,12.240000000000002,697.6248073441077,6304.253570386216,37.66486358642578,1995_9,15.6884430462679
1995-09-05,1995,3,9,21,56.58165,1211.699,0,12.194983333333335,696.2210760742845,6275.387063355394,31.994863510131836,1995_9,15.671945831730799
1995-09-05,1995,3,9,21,56.65333333333333,1218.3,0,12.305,702.5903962778772,6283.680889913645,42.044864654541016,1995_9,15.683962274497453
1995-09-05,1995,3,9,21,56.54665,1233,0,12.55,718.2156542994486,6272.566167807511,25.18486213684082,1995_9,15.772648670058793
1995-09-05,1995,3,9,21,56.339983333333336,1235.8,0,12.596666666666666,722.2867407438333,6249.730090673193,23.126773834228516,1995_9,15.814169483215702
1995-09-06,1995,3,9,21,56.36666666666667,1215.9,0,12.265000000000002,701.6566132780714,6251.675774691907,32.72195816040039,1995_9,15.72024456084839
1995-09-06,1995,3,9,21,56.34665,1157.599,0,11.959983333333332,682.9205010613554,6248.596390848621,31.678298950195312,1995_9,15.67229599597134
1995-09-07,1995,3,9,21,56.23165000000001,1057.699,0.10065645514223194,10.96165,621.601950746895,6233.592831248384,20.16118621826172,1995_9,15.689885356478648
1995-09-07,1995,3,9,21,56.44831666666667,1105.199,6.610526315789475,11.08665,628.6182287561343,6257.930039175713,18.342756271362305,1995_9,15.681351073783496
1995-09-07,1995,3,9,21,56.588316666666664,1148.8,0,11.813333333333333,672.7593949286343,6275.1023764748725,32.96613693237305,1995_9,15.618423284412884
1995-09-07,1995,3,9,21,56.78831666666667,1152.3,0,11.871666666666666,675.4075614255305,6297.5016454663855,36.4061393737793,1995_9,15.619087294165666
1995-09-07,1995,3,9,21,56.92098333333333,1141.8,0,11.696666666666665,664.1393256949416,6311.827767220952,33.636138916015625,1995_9,15.624800482094704
1995-09-08,1995,3,9,21,57.181650000000005,1205.099,0,12.084983333333332,686.4549913248875,6341.826754916635,41.398231506347656,1995_9,15.775611978227214
1995-09-08,1995,3,9,21,57.25833333333333,1158.8,0,11.979999999999999,679.7388414719516,6350.075923568557,50.723121643066406,1995_9,15.710543886554207
1995-09-18,1995,3,9,20,57.688316666666665,1121,0,11.35,640.0947202464218,6396.439013563266,80.20343017578125,1995_9,15.496058217545702
1995-09-18,1995,3,9,21,57.37666666666667,1119,1.516978776529338,11.316666666666666,639.2918121409429,6361.688224658867,37.367637634277344,1995_9,15.555379296558561
1995-09-18,1995,3,9,21,57.47,1052.699,0,10.878316666666668,612.6529426054414,6371.263156473443,26.84459686279297,1995_9,15.497111999318212
1995-09-19,1995,3,9,21,56.873316666666675,1217.599,0.15671641791044777,12.293316666666666,700.6967932450812,6308.116848045549,30.754863739013672,1995_9,15.762557214965799
1995-09-19,1995,3,9,21,57.01331666666667,1212.4,0,12.206666666666669,694.687230625371,6323.439960208233,37.878231048583984,1995_9,15.726287817934935
1995-09-19,1995,3,9,21,57.10333333333333,1149.9,0,11.831666666666669,671.5120702224322,6332.448388769659,55.16312026977539,1995_9,15.705010696074972
1995-09-19,1995,3,9,21,57.181650000000005,1139.5,0,11.658333333333333,660.6767088718819,6340.740048436497,48.363121032714844,1995_9,15.715854660609676
1995-09-19,1995,3,9,21,57.181650000000005,1126.699,0,11.444983333333335,647.7846398970248,6340.257219797989,62.637638092041016,1995_9,15.651058972095637
1995-09-20,1995,3,9,20,57.86331666666667,1112.699,0.1383399209486166,11.21165,631.2125129092008,6415.637785510288,82.71343231201172,1995_9,15.247777770719805
1995-09-20,1995,3,9,20,57.81666666666667,1101.199,0,11.019983333333334,619.998506053362,6410.089955085462,53.77342987060547,1995_9,15.147826598501752
1995-09-20,1995,3,9,20,58.075,1044,0,10.733333333333333,602.2347835768704,6438.372859446998,221.1450653076172,1995_9,14.908599830574651
1995-09-20,1995,3,9,20,58.08500000000001,1104.099,0,11.068316666666666,621.9550456223164,6440.042324971669,115.44478607177734,1995_9,15.030598303232903
1995-09-20,1995,3,9,20,58.21666666666667,1111.9,0,11.198333333333334,629.1418207419603,6454.939106417034,64.59478759765625,1995_9,15.292910924801893
1996-01-29,1996,1,1,21,57.27165,1158.9,0,11.981666666666667,679.774414133719,6351.561903555745,50.723121643066406,1996_1,3.3051021617270107
1996-01-29,1996,1,1,21,57.208333333333336,1203.199,0,12.053316666666667,684.4087288633693,6344.709162047831,41.398231506347656,1996_1,3.1323497289930042
1996-01-30,1996,1,1,21,56.35,1233.4,0,12.556666666666668,719.7581933001765,6250.715599727379,24.49195671081543,1996_1,3.2206913370149874
1996-01-31,1996,1,1,21,56.233333333333334,1058.5,0,10.975,622.4240178691315,6233.803785542004,20.16118621826172,1996_1,3.6357962646623445
1996-01-31,1996,1,1,21,56.451666666666675,1105.199,0,11.08665,628.6069093387495,6258.302816260736,18.342756271362305,1996_1,3.722404666693484
1996-01-31,1996,1,1,21,56.351666666666674,1154.9,0,11.915000000000001,680.1179060051,6249.03578550429,30.70829963684082,1996_1,3.600723986208856
1996-01-31,1996,1,1,21,56.36498333333334,1215.8,0,12.263333333333332,701.5626067324052,6251.483644572003,32.72195816040039,1996_1,3.4550096182678565
1996-02-01,1996,1,2,21,56.55333333333333,1235.4,0.2459016393442623,12.590000000000002,720.6342535644231,6273.437419802378,22.206270217895508,1996_2,2.0828274891966254
1996-02-01,1996,1,2,21,56.63831666666667,1218.599,0,12.309983333333332,702.9764248074677,6282.025243982718,37.7448616027832,1996_2,2.2032871529573526
1996-02-01,1996,1,2,21,56.57331666666667,1212,0,12.2,696.572307081612,6274.474428369668,31.994863510131836,1996_2,2.33144344757202
1996-02-01,1996,1,2,21,56.59663333333333,1149.699,0,11.828316666666668,673.6410296134134,6276.065474820086,34.36613845825195,1996_2,2.402213265382482
1996-02-01,1996,1,2,21,56.78666666666666,1152.5,0,11.875,675.6188133023439,6297.3266210716965,36.4061393737793,1996_2,2.411969732745057
1996-02-02,1996,1,2,21,57.44831666666667,1050.599,0,10.843316666666665,610.6195842541285,6368.792326796507,35.68459701538086,1996_2,3.3218426767233065
1996-02-02,1996,1,2,21,57.37666666666667,1119.199,0,11.319983333333335,639.4911843211116,6361.695022734004,37.367637634277344,1996_2,3.158026523149959
1996-02-05,1996,1,2,20,57.688316666666665,1121.099,0,11.35165,640.1930609624982,6396.442425574851,80.20343017578125,1996_2,3.2485126990676205
1996-02-05,1996,1,2,20,57.660000000000004,1058.5,0,10.975,617.8351707152189,6392.574081694371,32.47343063354492,1996_2,3.758702123083558
1996-02-05,1996,1,2,20,57.81000000000001,1059.199,0,10.986650000000001,618.0404451934106,6409.289337556617,65.53343200683594,1996_2,3.9935048147233423
1996-02-06,1996,1,2,20,57.769999999999996,845.4,0,8.756666666666666,485.524669882681,6403.130015055848,249.2132568359375,1996_2,4.379895949618236
1996-02-06,1996,1,2,20,57.635000000000005,848.8,0,8.813333333333333,488.85424221168955,6388.09009023308,94.27642059326172,1996_2,4.839985032509883
1996-02-06,1996,1,2,20,57.52666666666667,839,0,8.65,479.03955334398034,6376.068482189131,78.64325714111328,1996_2,5.1202246442991965
1996-02-06,1996,1,2,20,57.46000000000001,834.5,0,8.575,474.50163450467295,6368.672586935915,42.13842010498047,1996_2,5.170317777669859
1996-02-06,1996,1,2,20,57.42165,834.5,0,8.575,474.4749435931053,6364.40339163643,27.758419036865234,1996_2,5.0769248521343044
1996-02-07,1996,1,2,20,58.06498333333334,947.2,0,9.786666666666667,546.4143332214276,6436.215405682275,362.58905029296875,1996_2,4.202658939017021
1996-02-07,1996,1,2,20,58.02666666666667,951.2,0,9.8533333333333335,550.4015371282804,6431.9974449337205,194.83905029296875,1996_2,4.400871420598288
1996-02-07,1996,1,2,20,57.97331666666667,951,0,9.85,550.2793910005755,6426.055627744365,95.15806579589844,1996_2,4.400871420598288
1996-02-07,1996,1,2,20,57.89665,953.3,0,9.888333333333332,552.6589664556424,6417.54978885374,60.15608215332031,1996_2,4.615842293133564
1996-02-07,1996,1,2,20,57.745,944,0,9.733333333333333,543.6539562714505,6400.557051829368,33.20806884765625,1996_2,4.892015729771036
1996-02-07,1996,1,2,20,57.733333333333334,1005.7,0,10.095,565.203344527793,6399.548829881591,71.65608215332031,1996_2,4.611623396287567
1996-02-08,1996,1,2,20,57.82998333333333,1032.199,0,10.536650000000002,591.2555428917829,6410.817872726051,104.00995635986328,1996_2,4.270254099454531
1996-02-08,1996,1,2,20,58.07998333333333,1044,0,10.733333333333333,602.2205359951932,6438.927564351987,221.1450653076172,1996_2,3.9238719117480763
1996-02-08,1996,1,2,20,58.06833333333334,1104.5,0,11.075,622.4060875676861,6438.199384540213,115.44478607177734,1996_2,3.6693419974024093
1996-02-08,1996,1,2,20,58.32,1051.199,0,10.853316666666668,608.560588790556,6465.832009424017,128.77505493164062,1996_2,3.709073265278066
1996-02-09,1996,1,2,20,57.858333333333334,1058,0,10.966666666666667,616.6969289592683,6414.634249754731,105.92343139648438,1996_2,3.9935048147233423
1996-02-12,1996,1,2,20,57.56666666666667,1138.199,0,11.636650000000001,657.7049021061697,6383.53096744749,40.97043228149414,1996_2,2.462798953247443
1996-02-12,1996,1,2,21,57.34683333333334,1134.55,0,11.575833333333332,654.996044022843,6358.929059538125,68.483123779296875,1996_2,2.7941535146759007
1996-02-12,1996,1,2,21,57.19083333333333,1126.5,0,11.441666666666666,647.547595664122,6341.27192619236,62.637638092041016,1996_2,2.854582811849125
1996-02-13,1996,1,2,21,56.95,1140.099,0,11.668316666666666,662.2881408549197,6314.988591787545,33.26312255859375,1996_2,2.6133035221098333
1996-02-13,1996,1,2,21,56.861666666666665,1218.699,0,12.311650000000002,701.8763327537318,6306.874890429721,28.89486312866211,1996_2,2.078675424624803
1996-02-13,1996,1,2,21,57.01133333333334,1212.27,0,12.2045,694.5661025186481,6323.2131478663205,37.60823059082031,1996_2,2.206317513916824
1996-02-13,1996,1,2,21,57.08500000000001,1149.329,0,11.822149999999999,671.0202649521174,6330.3847001236545,55.16312026977539,1996_2,2.6046877911487525
1996-02-13,1996,1,2,21,57.18500000000001,1139.3,0,11.655,660.4607663025434,6341.104946410921,48.363121032714844,1996_2,2.7789690817016415
1996-02-14,1996,1,2,20,57.87666666666667,1112,0,11.2,630.4731544361068,6417.101037556591,82.71343231201172,1996_2,3.7196086925363927
1996-02-14,1996,1,2,20,58.213316666666664,1112.05,0,11.200833333333332,629.3008321380643,6454.57104423108,51.30479049682617,1996_2,3.1571983426048513
1996-02-14,1996,1,2,20,58.29731666666667,1058.219,0,10.970316666666667,615.486759573555,6463.501795451947,110.01478576660156,1996_2,3.5011685909732626
1996-02-14,1996,1,2,20,58.43433333333334,1102.479,0,11.041316666666667,619.184710172939,6478.876789837726,62.5447883605957,1996_2,3.33983619773374
1996-02-14,1996,1,2,20,58.46616666666667,1108.099,0,11.134983333333333,624.5398653724914,6482.589895121678,37.98478698730469,1996_2,2.812176497845647
1996-02-14,1996,1,2,20,58.561816666666665,1053.5,0,10.891666666666667,610.0490929164911,6492.811936552836,75.29288482666016,1996_2,3.3807707503814184
1996-02-15,1996,1,2,20,58.66166666666666,1049.9,0,10.831666666666669,606.2556629111414,6503.830234444971,81.1828842163086,1996_2,3.392507688553337
1996-09-02,1996,3,9,20,57.67666666666667,1122.599,0,11.37665,641.728540180667,6395.197928455405,80.20343017578125,1996_9,16.43617487510991
1996-09-02,1996,3,9,20,57.82833333333333,1037.599,0,10.62665,596.6040962650075,6410.759117635306,104.51995849609375,1996_9,15.998382285235587
1996-09-03,1996,3,9,20,57.425,835,0,8.583333333333334,474.9777165268052,6364.7732214729385,27.758419036865234,1996_9,15.726188653174633
1996-09-03,1996,3,9,20,57.451666666666675,831.5,0,8.525,471.4953709008961,6367.764766859376,47.39841842651367,1996_9,15.634070357701875
1996-09-03,1996,3,9,20,57.52666666666667,836.5,0,8.608333333333333,476.54427763874224,6376.082107256329,90.92325592041016,1996_9,15.51505517220913
1996-09-03,1996,3,9,20,57.61666666666667,846.799,0,8.779983333333332,486.85631776721266,6386.055080404626,94.27642059326172,1996_9,15.519240216364135
1996-09-03,1996,3,9,20,57.766666666666666,844.8,0,8.746666666666666,484.9284069816626,6402.761100983656,249.2132568359375,1996_9,15.581773920715193
1996-09-04,1996,3,9,20,58.07165,949.3,0,9.821666666666665,548.4702830772674,6436.9821985823655,310.95904541015625,1996_9,15.581847363937754
1996-09-04,1996,3,9,20,58.02833333333333,951.8,0,9.863333333333333,550.9897887624785,6432.190497917208,194.83905029296875,1996_9,15.64753882723419
1996-09-04,1996,3,9,20,57.97,950.7,0,9.845,549.9882562284156,6425.682683062501,95.15806579589844,1996_9,15.64753882723419
1996-09-04,1996,3,9,20,57.894999999999996,953.2,0,9.886666666666667,552.562580690345,6417.364805429659,60.15608215332031,1996_9,15.716056568347359
1996-09-04,1996,3,9,20,57.73831666666667,944.099,0,9.734983333333334,543.7602468494977,6399.814096798347,33.20806884765625,1996_9,15.808240162737297
1996-09-04,1996,3,9,20,57.73481666666667,1006.21,0,10.1035,565.7067729540877,6399.722165492002,71.65608215332031,1996_9,16.02832345957906
1996-09-05,1996,3,9,20,58.66166666666666,1049.3,0,10.821666666666665,605.6756491331728,6503.81443518586,81.1828842163086,1996_9,16.144649246118533
1996-09-05,1996,3,9,20,58.58548333333333,1053.739,0,10.89565,610.206384166963,6495.452936151122,75.29288482666016,1996_9,16.167016265924122
1996-09-05,1996,3,9,20,58.519999999999996,1050.8,0,10.846666666666666,607.5596238452147,6488.084179573773,103.94506072998047,1996_9,15.987842896435557
1996-09-05,1996,3,9,20,58.49883333333334,1107.41,0,11.123500000000002,623.7552161790763,6486.20469790925,58.07478713989258,1996_9,16.305931798527592
1996-09-05,1996,3,9,20,58.451666666666675,1103.4,0,11.056666666666668,620.0217259571499,6480.833451144675,62.5447883605957,1996_9,16.260046445676778
1996-09-05,1996,3,9,20,58.34315,1051.02,0,10.850333333333333,608.3150105434992,6468.404095328314,129.90505981445312,1996_9,15.828704998205545
1996-09-06,1996,3,9,20,57.86331666666667,1058,0,10.966666666666667,616.6808016398212,6415.188905699328,105.92343139648438,1996_9,16.026544092084052
1996-09-06,1996,3,9,20,57.818149999999996,1100.93,0,11.015500000000001,619.7273008006382,6410.247110170006,53.77342987060547,1996_9,16.026544092084052
1996-09-09,1996,3,9,20,57.56166666666666,1137.75,0,11.629166666666666,657.2790011323006,6382.957222179974,40.97043228149414,1996_9,16.66259494220554
1996-09-09,1996,3,9,21,57.339983333333336,1135.099,0,11.584983333333332,655.5754451766131,6358.187717245093,68.483123779296875,1996_9,16.493150670206226
1996-09-10,1996,3,9,21,56.338316666666664,1236.4,0,12.606666666666667,722.914186155499,6249.577089704563,23.126773834228516,1996_9,16.684187921408625
1996-09-10,1996,3,9,21,56.373316666666675,1215.8,0,12.263333333333332,701.5186004034215,6252.410596022944,32.72195816040039,1996_9,16.583361094156498
1996-09-11,1996,3,9,21,56.213316666666664,1057.699,0.14084507042253522,10.96165,621.6600299407281,6231.552763081053,20.16118621826172,1996_9,16.523179067313762
1996-09-11,1996,3,9,21,56.43666666666666,1104.9,2.4791666666666665,11.081666666666669,628.3503826246797,6256.62435070819,18.342756271362305,1996_9,16.535762754046978
1996-09-11,1996,3,9,21,56.351666666666674,1155.3,0,11.921666666666665,680.5297017543048,6249.053261057775,30.70829963684082,1996_9,16.509137862843335
1996-09-11,1996,3,9,21,56.588316666666664,1149,1.3958333333333335,11.816666666666666,672.9640212738719,6275.110775261285,32.96613693237305,1996_9,16.484179670513207
1996-09-11,1996,3,9,21,56.58500000000001,1212.199,0,12.203316666666668,696.7152527552968,6275.783582305393,31.994863510131836,1996_9,16.542598316098474
1996-09-12,1996,3,9,21,56.56166666666666,1236.5,0,12.608333333333333,721.7116290523179,6274.423363125027,22.206270217895508,1996_9,16.648184952660586
1996-09-12,1996,3,9,21,56.61331666666667,1219,0,12.316666666666666,703.5206633631708,6279.264178347275,37.7448616027832,1996_9,16.556455461934032
1996-09-12,1996,3,9,21,56.78433333333334,1152.41,0,11.873500000000002,675.5381182597761,6297.063177353001,36.4061393737793,1996_9,16.492292782081446
1996-09-12,1996,3,9,21,56.817483333333335,1212.869,0,12.214483333333332,696.1867329839789,6301.677191062358,40.15486145019531,1996_9,16.565546937645337
1996-09-12,1996,3,9,21,56.873316666666675,1217.9,0,12.298333333333336,701.002376037132,6308.131585312665,30.754863739013672,1996_9,16.640506239995958
1996-09-12,1996,3,9,21,57.03998333333334,1211.8,0,12.196666666666665,693.9413601232172,6326.378023065934,37.878231048583984,1996_9,16.596827762983406
1996-09-13,1996,3,9,21,57.26498333333334,1158.8,0,11.979999999999999,679.7064440770507,6350.815785967465,50.723121643066406,1996_9,16.576757892009628
1996-09-15,1996,3,9,20,57.67165,1058.099,0,10.968316666666665,617.3988356075521,6393.859120257069,32.47343063354492,1996_9,16.27316764974557
1996-09-16,1996,3,9,21,57.46666666666667,1052.3,0,10.871666666666666,612.264386847792,6370.881154501218,26.84459686279297,1996_9,16.376965046129342
1996-09-16,1996,3,9,21,57.4018,1119.4,0,11.323333333333334,639.5969720884013,6364.49883534009,37.367637634277344,1996_9,16.42730902626494
1996-09-17,1996,3,9,21,56.904983333333334,1143.099,0,11.718316666666665,665.5275256883637,6310.099757883212,33.636138916015625,1996_9,16.51095786994376
1996-09-17,1996,3,9,21,57.086666666666666,1149.5,0,11.825,671.1852339451899,6330.577284258406,55.16312026977539,1996_9,16.570672928476153
1996-09-17,1996,3,9,21,57.18333333333333,1139.5,0.13196480938416422,11.658333333333333,660.669400330711,6340.927351546339,48.363121032714844,1996_9,16.57864824526174
1996-09-17,1996,3,9,21,57.18515000000001,1204,0.3010752688172043,12.066666666666666,685.3308461132441,6342.166166739926,41.398231506347656,1996_9,16.64362810044374
1996-09-17,1996,3,9,21,57.159666666666666,1127.099,0,11.451649999999999,648.2755077079788,6337.825469601676,62.637638092041016,1996_9,16.517699015749255
1996-09-18,1996,3,9,20,58.31666666666667,1059.699,0,10.994983333333334,616.8684582540702,6465.698184748338,94.85478973388672,1996_9,15.967018885015726
1996-09-18,1996,3,9,20,58.25333333333333,1110.099,0,11.168316666666666,627.2474849400346,6458.963035469316,64.59478759765625,1996_9,16.171071392242037
1996-09-18,1996,3,9,20,58.09166666666667,1044,0,10.733333333333333,602.1871297357698,6440.228061355475,221.1450653076172,1996_9,15.784082418281745
1996-09-18,1996,3,9,20,58.08500000000001,1103.969,0,11.06615,621.8273159524226,6440.038411430761,115.44478607177734,1996_9,15.908822342001974
1996-09-18,1996,3,9,20,57.89665,1110.3,0,11.171666666666665,628.7217353280972,6419.270803750383,65.6634292602539,1996_9,16.015682739043164
1997-01-27,1997,1,1,20,57.563316666666665,1138.099,0,11.634983333333333,657.619723638521,6383.1543225673295,40.97043228149414,1997_1,3.800692568602274
1997-01-27,1997,1,1,21,57.34665,1134.9,0,11.581666666666669,655.3477294638445,6358.921965776164,68.483123779296875,1997_1,4.176810751159602
1997-01-27,1997,1,1,21,57.22,1138.8,0,11.646666666666667,659.8059441075958,6344.979801163234,48.363121032714844,1997_1,4.14507496439234
1997-01-28,1997,1,1,21,56.352,1233.93,0,12.565500000000002,720.292174522494,6250.9663012124765,24.49195671081543,1997_1,3.584129848278932
1997-01-29,1997,1,1,21,56.249500000000005,1058.489,0,10.974816666666667,622.3610846349469,6235.602428497869,16.50118637084961,1997_1,3.9303630389678363
1997-01-29,1997,1,1,21,56.45498333333333,1105.599,0,11.093316666666665,629.0064832733359,6258.684378374751,17.072755813598633,1997_1,4.029700396714325
1997-01-29,1997,1,1,21,56.35,1155.199,0,11.919983333333334,680.4335962530843,6248.863431597213,30.70829963684082,1997_1,3.938165846800545
1997-01-29,1997,1,1,21,56.369150000000005,1215.92,0,12.265333333333334,701.664070626132,6251.952983472286,32.72195816040039,1997_1,3.805874056923692
1997-01-30,1997,1,1,21,57.157833333333336,1127.199,0,11.453316666666668,648.3836257887051,6337.625089691884,62.637638092041016,1997_1,4.105474417377002
1997-01-30,1997,1,1,21,57.370333333333335,1119.03,0,11.317166666666667,639.3458871806059,6360.984450788181,37.367637634277344,1997_1,4.307261337341337
1997-01-30,1997,1,1,21,57.4555,1051.979,0,10.866316666666668,611.9776771460198,6369.629492192402,26.84459686279297,1997_1,4.413917166937222
1997-01-31,1997,1,1,20,57.647166666666664,1059.319,0,10.98865,618.6913358389764,6391.169558886639,32.47343063354492,1997_1,4.96952465201077
1997-01-31,1997,1,1,20,57.806650000000005,1059.599,0,10.993316666666665,618.4474704175108,6408.928126127772,53.77342987060547,1997_1,5.2355891894996045
1997-02-03,1997,1,2,20,57.67733333333334,1122.329,0,11.37215,641.4576568707749,6395.262718834632,80.20343017578125,1997_2,3.924337691674769
1997-02-03,1997,1,2,20,57.87183333333334,1059.02,0,10.983666666666666,617.6614218198137,6416.166274878672,105.92343139648438,1997_2,4.4691984907787505
1997-02-03,1997,1,2,20,57.83165,1036.699,0,10.611650000000001,595.7045802425635,6411.106987077112,104.51995849609375,1997_2,4.602747587606088
1997-02-04,1997,1,2,20,57.775666666666666,845.83,0,8.763833333333334,485.95319679100805,6403.759368509111,249.2132568359375,1997_2,4.627365723129944
1997-02-04,1997,1,2,20,57.63333333333333,848.7,0,8.811666666666667,488.75421152563695,6387.904821349541,94.27642059326172,1997_2,5.086934395688536
1997-02-04,1997,1,2,20,57.53150000000001,839.05,0,8.650833333333333,479.09222534112706,6376.6062907826345,78.64325714111328,1997_2,5.367187395988699
1997-02-04,1997,1,2,20,57.45616666666667,834.53,0,8.5755,474.5289670384529,6368.245664285307,42.13842010498047,1997_2,5.323817722832164
1997-02-04,1997,1,2,20,57.42548333333334,834.77,0,8.5795,474.74784601645484,6364.828444188658,27.758419036865234,1997_2,5.323817722832164
1997-02-05,1997,1,2,20,58.063316666666665,947.7,0,9.795,546.9081816912546,6436.0356160070905,362.58905029296875,1997_2,4.488187837893373
1997-02-05,1997,1,2,20,58.019999999999996,951,0,9.85,550.2140030315555,6431.2527747167715,194.83905029296875,1997_2,4.64572711766415
1997-02-05,1997,1,2,20,57.97198333333334,951.61,0,9.860166666666666,550.8826417188857,6425.914800918968,95.15806579589844,1997_2,4.64572711766415
1997-02-05,1997,1,2,20,57.89533333333334,953.21,0,9.886833333333334,552.5719739562718,6417.4020434484355,60.15608215332031,1997_2,4.8603896796210355
1997-02-05,1997,1,2,20,57.74333333333334,944.86,0,9.747666666666667,544.5092197047338,6400.380836918739,36.61806869506836,1997_2,5.136600220494056
1997-02-05,1997,1,2,20,57.73865000000001,1007.84,0,10.130666666666666,567.3171733935076,6400.175559042729,71.65608215332031,1997_2,4.7526587781828535
1997-02-06,1997,1,2,20,58.655499999999996,1049.969,0,10.832816666666668,606.3411256929066,6503.1455927626685,81.1828842163086,1997_2,3.682861850664354
1997-02-06,1997,1,2,20,58.589983333333336,1054,0,10.9,610.4450537197735,6495.961005943493,75.29288482666016,1997_2,3.706909493819894
1997-02-06,1997,1,2,20,58.54065000000001,1050.819,0,10.846983333333332,607.5148422048703,6490.383364116687,103.94506072998047,1997_2,3.88145242223554
1997-02-06,1997,1,2,20,58.49433333333333,1107.66,0,11.127666666666668,624.0138602023652,6485.711499386643,58.07478713989258,1997_2,3.2562689241827423
1997-02-06,1997,1,2,20,58.45498333333333,1103.5,0,11.058333333333334,620.107662062539,6481.205601709133,62.5447883605957,1997_2,3.596836483218113
1997-02-06,1997,1,2,20,58.32298333333333,1059.829,0,10.99715,616.9744966886956,6466.40504651776,94.85478973388672,1997_2,3.9384482185206924
1997-02-10,1997,1,2,21,57.28298333333334,1159.02,0,11.983666666666666,679.8396639693802,6352.828106126621,50.723121643066406,1997_2,3.148121744788263
1997-02-10,1997,1,2,21,57.20483333333333,1203,0,12.05,684.2259342809758,6344.3107998080695,41.398231506347656,1997_2,3.1101003106706453
1997-02-10,1997,1,2,21,57.12748333333334,1150.05,0,11.834166666666667,671.5517364260796,6335.141643533345,55.16312026977539,1997_2,3.4733798037240127
1997-02-12,1997,1,2,21,56.55516666666667,1235.51,0.14937759336099585,12.591833333333334,720.7361885539596,6273.647222615191,22.206270217895508,1997_2,3.061221377423055
1997-02-12,1997,1,2,21,56.554316666666665,1212.01,0,12.200166666666666,696.6811555578298,6272.361359604777,31.994863510131836,1997_2,3.277648673776881
1997-02-12,1997,1,2,21,56.81498333333334,1213.099,0,12.218316666666665,696.433678214595,6301.410085846716,40.15486145019531,1997_2,3.1002294496864105
1997-02-12,1997,1,2,21,56.785000000000004,1152.699,0,11.878316666666668,675.829142907046,6297.149709998236,36.4061393737793,1997_2,3.3259427092378644
1997-02-12,1997,1,2,21,56.92165,1142,0.12295081967213115,11.7,664.3392255409707,6311.909953170301,33.636138916015625,1997_2,3.4942836579135603
1997-02-13,1997,1,2,20,58.3465,1050.68,0,10.844666666666667,607.9731230936833,6468.767888335378,129.90505981445312,1997_2,4.039927363365506
1997-02-13,1997,1,2,20,58.251999999999995,1110.02,0,11.167,627.1750081687409,6458.812146211495,64.59478759765625,1997_2,3.619280741399365
1997-02-13,1997,1,2,20,58.088166666666666,1103.79,0,11.063166666666666,621.6406638991178,6440.385488369804,115.44478607177734,1997_2,4.134688307141572
1997-02-13,1997,1,2,20,58.09333333333334,1043.67,0,10.727833333333335,601.8581747880822,6440.405266789296,221.1450653076172,1997_2,4.349025065495178
1997-02-13,1997,1,2,20,57.897650000000006,1110.099,0,11.168316666666666,628.5196415988081,6419.375728198683,65.6634292602539,1997_2,4.28105791736448
1997-09-01,1997,3,9,20,57.63415,1123.939,0,11.398983333333335,643.227497366464,6390.513367193662,55.923431396484375,1997_9,15.802027319813039
1997-09-01,1997,3,9,20,57.669333333333334,1058.55,0,10.975833333333332,617.8546022151305,6393.614319793787,32.47343063354492,1997_9,15.592021121981903
1997-09-02,1997,3,9,20,57.399316666666664,830.22,0,8.503666666666668,470.172633478392,6361.946250886291,30.22842025756836,1997_9,14.864295748093156
1997-09-02,1997,3,9,20,57.45483333333333,830.55,0,8.509166666666665,470.54777191627034,6368.124036223225,47.39841842651367,1997_9,14.864295748093156
1997-09-02,1997,3,9,20,57.53198333333333,832.41,0,8.540166666666666,472.46602574148153,6376.699567558703,99.38325500488281,1997_9,14.68675858750381
1997-09-02,1997,3,9,20,57.586816666666664,844.66,0,8.744333333333334,484.71409048976744,6382.739477540282,108.2332534790039,1997_9,14.746575187695463
1997-09-02,1997,3,9,20,57.78265,847.44,0,8.790666666666668,487.5515989014175,6404.531566097656,376.9264221191406,1997_9,14.806710859724458
1997-09-03,1997,3,9,20,58.06483333333334,946.71,0,9.778500000000001,545.9326951932488,6436.193120785801,362.58905029296875,1997_9,14.776928422489828
1997-09-03,1997,3,9,20,58.033483333333336,952.53,0,9.875499999999999,551.7009136752348,6432.773087078518,194.83905029296875,1997_9,14.88155540960417
1997-09-03,1997,3,9,20,57.95483333333333,947.07,0,9.784500000000001,546.4289158960378,6423.951061946553,111.63806915283203,1997_9,14.908963596674154
1997-09-03,1997,3,9,20,57.870149999999995,945.49,0,9.758166666666666,544.9761749417426,6414.505709452402,72.72806549072266,1997_9,14.95591932033445
1997-09-04,1997,3,9,20,57.744150000000005,945.77,0,9.762833333333333,545.4110576184275,6400.481816776097,36.61806869506836,1997_9,15.033143442030585
1997-09-04,1997,3,9,20,57.72998333333333,1004,0,10.066666666666666,563.5221514932058,6399.148994137752,64.30608367919922,1997_9,15.253145290336748
1997-09-04,1997,3,9,20,57.827816666666664,1030.26,0,10.504333333333333,589.3419385096754,6410.533577043997,99.03995513916016,1997_9,15.205812880118696
1997-09-04,1997,3,9,20,57.79898333333334,1058.099,0,10.968316666666665,616.9869830086684,6408.031344408679,65.53343200683594,1997_9,15.303188015016586
1997-09-04,1997,3,9,21,57.46365000000001,1052.93,0,10.882166666666668,612.9033937131967,6370.562801894126,26.84459686279297,1997_9,15.726519495864581
1997-09-05,1997,3,9,21,57.37483333333333,1118.979,0.10869565217391303,11.316316666666667,639.2777233246644,6361.483487231021,37.367637634277344,1997_9,15.832895570741996
1997-09-10,1997,3,9,21,56.553999999999995,1235.41,0,12.590166666666669,720.6406094809196,6273.512103415739,22.206270217895508,1997_9,16.08928651176089
1997-09-10,1997,3,9,21,56.339316666666676,1235.88,0,12.598000000000003,722.3729842302316,6249.660254694122,23.126773834228516,1997_9,16.137980211461745
1997-09-10,1997,3,9,21,56.37231666666666,1215.969,0,12.266150000000001,701.6977489325286,6252.3076199094185,32.72195816040039,1997_9,16.045184639477963
1997-09-10,1997,3,9,21,56.34683333333334,1158,0.05008347245409015,11.966666666666667,683.3324943179343,6248.634576790066,31.678298950195312,1997_9,15.997713215987162
1997-09-10,1997,3,9,21,56.599500000000006,1150.02,0,11.833666666666666,673.9562021582609,6276.397959380129,34.36613845825195,1997_9,15.938073390420088
1997-09-11,1997,3,9,21,56.836,1214.52,0.21885521885521889,12.241999999999999,697.7677571596475,6303.816241490244,37.66486358642578,1997_9,15.98893810618341
1997-09-11,1997,3,9,21,56.79031666666666,1152.089,0.1524390243902439,11.868149999999998,675.1835006452952,6297.715150523863,36.4061393737793,1997_9,15.915423736716201
1997-09-11,1997,3,9,21,56.91166666666666,1142.709,0,11.711816666666667,665.1023296082161,6310.827647708506,33.636138916015625,1997_9,15.931285588596737
1997-09-11,1997,3,9,21,57.096316666666674,1149.979,0,11.832983333333335,671.6242295833545,6331.671016783583,55.16312026977539,1997_9,15.982484923461469
1997-09-11,1997,3,9,21,57.021499999999996,1212.449,0,12.207483333333334,694.6939980399981,6324.352641033383,37.878231048583984,1997_9,16.012648037338728
1997-09-11,1997,3,9,21,57.187000000000005,1203.939,0,12.065650000000002,685.2601650404138,6342.369219707683,41.398231506347656,1997_9,16.056459861761965
1997-09-12,1997,3,9,21,57.18733333333333,1139.52,0,11.658666666666667,660.6721714262301,6341.373214295631,48.363121032714844,1997_9,15.987192478360463
1997-09-15,1997,3,9,20,57.56531666666667,1138.3,0,11.638333333333332,657.8113988793888,6383.38465923133,40.97043228149414,1997_9,16.047016910775493
1997-09-15,1997,3,9,21,57.34683333333334,1135.189,0,11.586483333333335,655.6367067179539,6358.953376161618,68.483123779296875,1997_9,15.880582076733916
1997-09-15,1997,3,9,21,57.19598333333333,1126.119,0,11.435316666666665,647.1434811182522,6341.831273281822,62.637638092041016,1997_9,15.905352306882621
1997-09-16,1997,3,9,20,57.86265,1112.989,0,11.216483333333334,631.5016340392093,6415.572974874706,82.71343231201172,1997_9,15.440153678111503
1997-09-16,1997,3,9,20,57.87648333333333,1059.739,0,10.995650000000001,618.3568175553536,6416.704734989826,81.28343200683594,1997_9,15.22308209146372
1997-09-16,1997,3,9,20,58.06416666666667,1044.68,0,10.744666666666667,602.9343239151606,6437.184206471863,221.1450653076172,1997_9,15.052243617959654
1997-09-16,1997,3,9,20,58.06033333333333,1104.569,0,11.07615,622.5013073250439,6437.311054238797,115.44478607177734,1997_9,15.182956371478483
1997-09-17,1997,3,9,20,58.330316666666675,1050.39,0,10.839833333333335,607.7395123378691,6466.958723589189,149.0150604248047,1997_9,15.064576085862095
1997-09-17,1997,3,9,20,58.66115,1049.569,0,10.82615,605.937255047753,6503.763993137686,81.1828842163086,1997_9,15.344533592077582
1997-09-18,1997,3,9,20,58.592000000000006,1054.3,0,10.905,610.7292772622478,6496.193730165693,75.29288482666016,1997_9,15.40123425353621
1997-09-18,1997,3,9,20,58.54083333333333,1050.81,0,10.846833333333333,607.5055506031039,6490.4035319633485,103.94506072998047,1997_9,15.221921404936014
1997-09-18,1997,3,9,20,58.49481666666667,1107.459,0,11.124316666666667,623.8169402596089,6485.759119070727,58.07478713989258,1997_9,15.574054788862002
1997-09-18,1997,3,9,20,58.320483333333335,1059.68,0,10.994666666666667,616.8373200323645,6466.122462317647,94.85478973388672,1997_9,15.236008314859845
1997-09-18,1997,3,9,20,58.25598333333334,1109.959,0,11.165983333333335,627.1010960096157,6459.253580444138,64.59478759765625,1997_9,15.444109886388034
1998-01-26,1998,1,1,21,57.34898333333334,1135.41,0,11.590166666666669,655.8491689756048,6359.201048661931,68.483123779296875,1998_1,3.4603812846244484
1998-01-26,1998,1,1,21,57.187000000000005,1126.699,0,11.444983333333335,647.7632764417518,6340.852550802346,62.637638092041016,1998_1,3.3919497288730116
1998-01-28,1998,1,1,21,56.226666666666674,1057.5,0,10.958333333333334,621.4121439373884,6233.0324546277325,20.16118621826172,1998_1,3.253197404755786
1998-01-28,1998,1,1,21,56.43998333333334,1104.699,0,11.078316666666668,628.1327047004562,6256.987168787806,18.342756271362305,1998_1,3.3417396876340026
1998-01-28,1998,1,1,21,56.61900000000001,1149.729,0,11.828816666666667,673.5690564072604,6278.555139920069,34.36613845825195,1998_1,3.2550009939896385
1998-01-28,1998,1,1,21,56.35,1155.9,0.30965391621129323,11.931666666666668,681.1552979656263,6248.894136929056,30.70829963684082,1998_1,3.229231613713964
1998-01-29,1998,1,1,21,56.39466666666667,1215.67,0,12.261166666666668,701.27217063698,6254.779104060921,34.694862365722656,1998_1,3.094919842526501
1998-01-29,1998,1,1,21,56.339983333333336,1235.969,0,12.599483333333334,722.4607323131333,6249.739197134478,23.126773834228516,1998_1,2.843906773280614
1998-01-29,1998,1,1,21,56.55498333333333,1235.199,0.5590062111801243,12.58665,720.418876856939,6273.6101680970105,22.206270217895508,1998_1,2.793511327974429
1998-01-29,1998,1,1,21,56.82,1213.3,0,12.221666666666666,696.611773036535,6301.977770433818,40.15486145019531,1998_1,2.888915849733056
1998-01-30,1998,1,1,21,57.17998333333333,1204.099,0,12.068316666666666,685.4564169705478,6341.595850183849,41.398231506347656,1998_1,2.855791975738689
1998-02-02,1998,1,2,20,57.64665,1100,0,11,619.3703327005704,6391.131978593977,34.5034294128418,1998_2,2.46392799152338
1998-02-02,1998,1,2,21,57.46666666666667,1052.599,0,10.87665,612.5632470515151,6370.889399204917,26.84459686279297,1998_2,2.124099760522851
1998-02-03,1998,1,2,20,57.875,1112.4,0,11.206666666666669,630.87449603533355,6416.928425960978,82.71343231201172,1998_2,2.4253868582910973
1998-02-03,1998,1,2,20,58.06966666666667,1104.479,0,11.07465,622.3808822450851,6438.347152751406,115.44478607177734,1998_2,2.4770166372451006
1998-02-03,1998,1,2,20,58.22331666666667,1111.5,0,11.191666666666666,628.7261911638817,6455.666498981674,64.59478759765625,1998_2,1.9675724632242102
1998-02-03,1998,1,2,20,58.29831666666667,1058.5,0,10.975,615.7579509467485,6463.621146780692,110.01478576660156,1998_2,2.3306828725250335
1998-02-04,1998,1,2,20,58.65166666666667,1050,0,10.833333333333334,606.3827633973073,6502.719691415334,81.1828842163086,1998_2,2.364343737802982
1998-02-04,1998,1,2,20,58.586666666666666,1054.3,0,10.905,610.746129842247,6495.600048376303,75.29288482666016,1998_2,2.313549762950838
1998-02-04,1998,1,2,20,58.52666666666667,1050.3,0,10.838333333333333,607.0540084882688,6488.81297390902,103.94506072998047,1998_2,2.493488433121393
1998-02-04,1998,1,2,20,58.49098333333333,1107.64,0,11.127333333333334,624.0062444374769,6485.338005923695,58.07478713989258,1998_2,1.6366190010930453
1998-02-04,1998,1,2,20,58.35081666666667,1050.41,0,10.840166666666669,607.6966257602026,6469.241180130906,129.90505981445312,1998_2,2.638118709096495
1998-02-05,1998,1,2,21,56.78298333333334,1152.8,0,11.879999999999999,675.941381984703,6296.9296705593215,36.4061393737793,1998_2,0.7675383395629649
1998-02-05,1998,1,2,21,56.92666666666667,1141.699,0,11.694983333333335,664.0119541195289,6312.456077432646,33.636138916015625,1998_2,0.9950430339869691
1998-02-05,1998,1,2,21,57.175,1139.599,0,11.659983333333333,660.8052986046639,6340.004000709771,48.363121032714844,1998_2,1.1773018116282243
1998-02-05,1998,1,2,21,57.12,1150.8,0,11.846666666666666,672.3428748922953,6334.34055805205,55.16312026977539,1998_2,0.9860908463108751
1998-02-05,1998,1,2,21,57.03831666666667,1211.699,0,12.194983333333335,693.8479595897335,6326.187831523292,37.878231048583984,1998_2,0.5624787925456345
1998-02-06,1998,1,2,21,57.373316666666675,1119.189,0,11.319816666666668,639.4938851176557,6361.321880016434,37.367637634277344,1998_2,1.5400741368353845
1998-02-06,1998,1,2,20,57.544999999999995,1135.599,0,11.593316666666665,655.2059372004986,6381.020086933689,56.90043258666992,1998_2,1.1201047785733107
1998-02-09,1998,1,2,20,57.666666666666664,1121.959,0,11.365983333333334,641.1314559956189,6394.062807556579,80.20343017578125,1998_2,1.8371153389961299
1998-02-09,1998,1,2,20,57.81833333333334,1102.099,0,11.034983333333333,620.8838514969282,6410.302147803145,53.77342987060547,1998_2,2.7929009859566483
1998-02-09,1998,1,2,20,57.86848333333334,1059.599,0,10.993316666666665,618.2447022173359,6415.810241555188,81.28343200683594,1998_2,2.7929009859566483
1998-02-10,1998,1,2,20,57.776,846.21,0,8.770166666666666,486.3300180443345,6403.795182170742,249.2132568359375,1998_2,3.475631840284427
1998-02-10,1998,1,2,20,57.63666666666666,849.7,0,8.828333333333335,489.7503518344144,6388.273268671316,94.27642059326172,1998_2,3.935425127895998
1998-02-10,1998,1,2,20,57.52833333333333,839.5,0,8.658333333333333,479.53954250074975,6376.251480721937,78.64325714111328,1998_2,4.214221947037443
1998-02-10,1998,1,2,20,57.45665,835.4,0,8.59,475.39932054008943,6368.294128930854,42.13842010498047,1998_2,4.170181335948014
1998-02-10,1998,1,2,20,57.41498333333334,833,0,8.55,472.9685707125602,6363.670910390951,30.22842025756836,1998_2,4.170181335948014
1998-02-11,1998,1,2,20,58.07833333333333,949.7,0,9.828333333333335,548.8544086671177,6437.73105551483,310.95904541015625,1998_2,3.3424911356160476
1998-02-11,1998,1,2,20,58.025,951.8,0,9.863333333333333,550.9945324793658,6431.819404509135,194.83905029296875,1998_2,3.499783962294723
1998-02-11,1998,1,2,20,57.97331666666667,951.299,0,9.854983333333333,550.5741567186709,6426.059346268613,95.15806579589844,1998_2,3.499783962294723
1998-02-11,1998,1,2,20,57.894999999999996,953.4,0,9.889999999999999,552.7601774827867,6417.367400745503,60.15608215332031,1998_2,3.714522373563357
1998-02-11,1998,1,2,20,57.75833333333333,948.4,0,9.806666666666667,548.0015582711579,6402.090986376387,36.61806869506836,1998_2,3.9594998864225373
1998-02-12,1998,1,2,20,57.73998333333334,1007.799,0,10.129983333333334,567.2740159603898,6400.323305874388,71.65608215332031,1998_2,3.5252279881572375
1998-02-12,1998,1,2,20,57.82998333333333,1033.4,0,10.556666666666668,592.4441275104633,6410.845038375377,104.00995635986328,1998_2,3.0226049445854724
1998-02-12,1998,1,2,20,58.09665,1044,0,10.733333333333333,602.1728795386267,6440.7827675888975,221.1450653076172,1998_2,2.7623967718316726
1998-08-31,1998,3,8,20,57.68500000000001,1122,0,11.366666666666667,641.1009509551234,6396.104486967439,80.20343017578125,1998_8,18.00490978049282
1998-08-31,1998,3,8,20,57.65,1059.199,0,10.986650000000001,618.5627468453282,6391.481405078178,32.47343063354492,1998_8,17.63285075402278
1998-09-01,1998,3,9,20,57.42833333333333,836.1,0,8.601666666666667,476.0808634092386,6365.137695541707,27.758419036865234,1998_9,14.90367558661433
1998-09-01,1998,3,9,20,57.45333333333333,831.7,0,8.528333333333334,471.696688990065,6367.948910240457,47.39841842651367,1998_9,14.811890091828106
1998-09-01,1998,3,9,20,57.525,835.9,0,8.598333333333333,475.94431489221694,6375.900065820295,90.92325592041016,1998_9,14.692960344389029
1998-09-01,1998,3,9,20,57.608333333333334,845.599,0,8.759983333333334,485.6582491666851,6385.131415756372,108.2332534790039,1998_9,14.696857497047304
1998-09-01,1998,3,9,20,57.75665000000001,843.9,0,8.731666666666666,484.03159531764226,6401.649398326754,249.2132568359375,1998_9,14.7599505414555
1998-09-02,1998,3,9,20,58.02331666666667,951.7,0,9.861666666666668,550.8984815808518,6431.630745223174,194.83905029296875,1998_9,14.823048954179633
1998-09-02,1998,3,9,20,57.976666666666674,951.5,0,9.858333333333333,550.7675730525085,6426.4348043380505,95.15806579589844,1998_9,14.823048954179633
1998-09-02,1998,3,9,20,57.89831666666667,953.6,0,9.893333333333334,552.9528972032663,6417.739235021415,60.15608215332031,1998_9,14.891227574169333
1998-09-03,1998,3,9,20,57.74333333333334,943.9,0,9.731666666666666,543.556748868372,6400.370438004407,33.20806884765625,1998_9,14.98342499226536
1998-09-03,1998,3,9,20,57.73783333333334,1007.37,0,10.122833333333334,566.8523280553367,6400.07689204956,71.65608215332031,1998_9,15.202780946612606
1998-09-03,1998,3,9,20,57.83165,1032.699,0,10.544983333333334,591.7461391004588,6411.014660597664,104.00995635986328,1998_9,15.282804737814955
1998-09-03,1998,3,9,20,57.84831666666667,1055.699,0,10.928316666666667,614.4534967221161,6413.453855517205,65.53343200683594,1998_9,15.291728650118879
1998-09-03,1998,3,9,20,57.806650000000005,1059.199,0,10.986650000000001,618.0513904371387,6408.916479882993,65.53343200683594,1998_9,15.303129126488155
1998-09-04,1998,3,9,21,57.44066666666666,1049.51,0,10.825166666666666,609.5534061138233,6367.9114881672185,35.68459701538086,1998_9,15.543743112993763
1998-09-04,1998,3,9,21,57.40166666666667,1119.199,0.2536231884057971,11.319983333333335,639.3962406884194,6364.477123947306,37.367637634277344,1998_9,15.39854708951415
1998-09-07,1998,3,9,20,57.56166666666666,1137.5,0,11.625,657.029821681957,6382.947572896497,40.97043228149414,1998_9,15.540228643362683
1998-09-07,1998,3,9,21,57.18998333333334,1126.5,0,11.441666666666666,647.5509854862862,6341.177340720517,62.637638092041016,1998_9,15.378433800411134
1998-09-07,1998,3,9,21,57.20665,1139.699,0,11.661650000000002,660.7684249225575,6343.529603517578,48.363121032714844,1998_9,15.33651110454216
1998-09-08,1998,3,9,20,58.65833333333333,1049.8,0,10.83,606.1691198563722,6503.456533186685,81.1828842163086,1998_9,15.393639783896338
1998-09-08,1998,3,9,20,58.589983333333336,1053.699,0,10.894983333333334,610.1534886417772,6495.95276200354,75.29288482666016,1998_9,15.401992443516383
1998-09-08,1998,3,9,20,58.53666666666666,1050.3,0,10.838333333333333,607.0235349615389,6489.926137560145,103.94506072998047,1998_9,15.22230426072828
1998-09-08,1998,3,9,20,58.49333333333334,1107.599,0,11.12665,623.9581387679209,6485.598316246962,58.07478713989258,1998_9,15.73845722482982
1998-09-08,1998,3,9,20,58.35483333333333,1051.04,0,10.850666666666665,608.2987490913132,6469.7051405128095,129.90505981445312,1998_9,15.064410977220952
1998-09-08,1998,3,9,20,58.29965000000001,1058.449,0,10.974150000000002,615.703787520231,6463.768097405762,110.01478576660156,1998_9,15.24273685404089
1998-09-09,1998,3,9,20,58.231316666666665,1111.229,0,11.18715,628.4320549310131,6456.548286795181,64.59478759765625,1998_9,15.451330817142953
1998-09-09,1998,3,9,20,58.09333333333334,1043.599,0,10.72665,601.7884249616111,6440.403481259301,221.1450653076172,1998_9,15.057429063181297
1998-09-09,1998,3,9,20,58.086149999999996,1103.79,0,11.063166666666666,621.6475278251604,6440.161027703485,115.44478607177734,1998_9,15.189610323702462
1998-09-09,1998,3,9,20,57.895983333333334,1110.8,0,11.18,629.2179681140137,6419.212500101777,65.6634292602539,1998_9,15.173492311078888
1998-09-10,1998,3,9,21,56.36666666666667,1215.8,0.1091314031180401,12.263333333333332,701.5537178003448,6251.670888696563,32.72195816040039,1998_9,15.2681311403538
1998-09-10,1998,3,9,21,56.34166666666667,1236.3,0,12.604999999999999,722.7916903945026,6249.944271255737,23.126773834228516,1998_9,15.363174279856201
1998-09-11,1998,3,9,21,57.31833333333334,1134.5,0,11.575,655.0659758803804,6355.755841612186,68.483123779296875,1998_9,15.352584716886994
1998-09-14,1998,3,9,21,57.13165000000001,1151.099,0.08650519031141869,11.85165,672.5902471647747,6335.649353721569,55.16312026977539,1998_9,15.316258741023635
1998-09-14,1998,3,9,21,56.95,1140.199,0.10118043844856661,11.669983333333334,662.389478497921,6314.992551658965,33.26312255859375,1998_9,15.204618819091374
1998-09-15,1998,3,9,21,56.22681666666667,1057.76,1.8672199170124482,10.962666666666667,621.6802850720543,6233.05678929836,20.16118621826172,1998_9,15.209459454794851
1998-09-15,1998,3,9,21,56.45133333333333,1105.359,5.477178423236515,11.089316666666665,628.7723639814183,6258.27071712175,18.342756271362305,1998_9,15.217070707515017
1998-09-15,1998,3,9,21,56.34883333333334,1154.489,2.049808429118774,11.908150000000001,679.7081143433761,6248.702667436038,30.70829963684082,1998_9,15.196949242209477
1998-09-15,1998,3,9,21,56.59665,1149.699,1.6533864541832668,11.828316666666668,673.6409531389196,6276.067329064777,34.36613845825195,1998_9,15.156844566520874
1998-09-15,1998,3,9,21,56.79683333333334,1150.56,1.5347334410339257,11.842666666666666,673.5973976032315,6298.3752410944535,36.4061393737793,1998_9,15.199193182004246
1998-09-16,1998,3,9,21,56.56498333333334,1237.699,0,12.628316666666668,722.9193281191252,6274.857001170166,22.206270217895508,1998_9,15.361883115541577
1998-09-16,1998,3,9,21,56.82165,1213.199,0.18404907975460122,12.219983333333335,696.5004433927306,6302.156482690958,40.15486145019531,1998_9,15.229847601625037
1998-09-16,1998,3,9,21,56.87165,1218.199,0,12.303316666666667,701.3148891683329,6307.960849356906,37.66486358642578,1998_9,15.301056068821397
1998-09-16,1998,3,9,21,57.01331666666667,1212.4,0.1520912547528517,12.206666666666669,694.687230625371,6323.439960208233,37.878231048583984,1998_9,15.296987421032382
1998-09-16,1998,3,9,21,57.188316666666665,1203.699,0,12.061650000000002,685.0119514252059,6342.504833954151,41.398231506347656,1998_9,15.36548969783378
1999-01-25,1999,1,1,20,57.67383333333334,1122.66,0,11.377666666666668,641.8002163648443,6394.884743501033,80.20343017578125,1999_1,3.9435899888068473
1999-01-25,1999,1,1,20,57.81881666666666,1102.92,0,11.048666666666668,621.6949027938156,6410.3804644203265,53.77342987060547,1999_1,4.711044567270646
1999-01-26,1999,1,1,20,58.069,948.53,0,9.808833333333332,547.7167993327128,6436.678033060856,362.58905029296875,1999_1,4.954467474852731
1999-01-26,1999,1,1,20,58.018816666666666,951.1,0,9.851666666666667,550.3141198121697,6431.1222767799545,194.83905029296875,1999_1,5.107507531996039
1999-01-26,1999,1,1,20,57.97365,952.2,0,9.870000000000001,551.4619184579976,6426.107792043242,95.15806579589844,1999_1,5.107507531996039
1999-01-26,1999,1,1,20,57.89233333333333,953.65,0,9.894166666666667,553.0110980932889,6417.073791037199,60.15608215332031,1999_1,5.315016246719932
1999-01-26,1999,1,1,20,57.760000000000005,948.28,0,9.804666666666666,547.8803453981602,6402.275111074714,36.61806869506836,1999_1,5.4802984965827495
1999-01-27,1999,1,1,20,57.77965000000001,846.85,0,8.780833333333334,486.9657615651892,6404.199429407015,376.9264221191406,1999_1,5.151462546478855
1999-01-27,1999,1,1,20,57.63783333333334,849.49,0,8.824833333333334,489.5417141020124,6388.403683799618,94.27642059326172,1999_1,5.57354679633611
1999-01-27,1999,1,1,20,57.529983333333334,838.71,0,8.645166666666666,478.7520302490953,6376.439208306923,78.64325714111328,1999_1,5.7560809171191325
1999-01-27,1999,1,1,20,57.45616666666667,834.5,0,8.575,474.4989660531124,6368.245851772491,42.13842010498047,1999_1,5.654207092149859
1999-01-27,1999,1,1,20,57.412150000000004,832.41,0.3947368421052631,8.540166666666666,472.3757562696203,6363.359452048401,30.22842025756836,1999_1,5.801083603233598
1999-01-28,1999,1,1,20,57.738166666666665,1007.02,0,10.116999999999999,566.5044246176631,6400.108257540367,71.65608215332031,1999_1,5.1228518024928515
1999-01-28,1999,1,1,20,57.83098333333334,1035.05,0,10.584166666666667,594.0744567761628,6410.994245137282,104.51995849609375,1999_1,4.887677221369401
1999-01-28,1999,1,1,20,57.85716666666667,1057.04,0,10.950666666666667,615.7514347440836,6414.476909503713,105.92343139648438,1999_1,4.767350884939096
1999-01-28,1999,1,1,20,57.8715,1112.39,0,11.206500000000002,630.8773237663322,6416.538570915,82.71343231201172,1999_1,4.620607465742606
1999-02-01,1999,1,2,20,57.658816666666674,1059.089,0,10.984816666666665,618.4246225459939,6392.459482244272,32.47343063354492,1999_2,2.6707856959782834
1999-02-01,1999,1,2,21,57.464983333333336,1052.199,0,10.869983333333334,612.168590948885,6370.691021697534,26.84459686279297,1999_2,2.514403909741241
1999-02-02,1999,1,2,20,58.65215,1050.06,0,10.834333333333332,606.4393096804317,6502.775081701544,81.1828842163086,1999_2,2.2332802590684815
1999-02-02,1999,1,2,20,58.58283333333334,1053.719,0,10.895316666666668,610.1953391593795,6495.157402735592,75.29288482666016,1999_2,2.3021645165145053
1999-02-02,1999,1,2,20,58.53065,1050.609,0,10.843483333333332,607.3416957809825,6489.264603229108,103.94506072998047,1999_2,2.4806496236550895
1999-02-02,1999,1,2,20,58.491499999999995,1107.81,0,11.130166666666666,624.1695465673008,6485.400747330827,46.95478820800781,1999_2,1.721037661276213
1999-02-02,1999,1,2,20,58.35431666666667,1050.81,0,10.846833333333333,608.0760407627055,6469.641465501886,129.90505981445312,1999_2,2.6320883189406263
1999-02-03,1999,1,2,21,56.62048333333334,1149.66,0,11.827666666666667,673.4917114305732,6278.717258316468,34.36613845825195,1999_2,1.2665821100263006
1999-02-03,1999,1,2,21,56.34698333333334,1157.56,0,11.959333333333332,682.8787505444047,6248.631744809548,30.70829963684082,1999_2,1.2525397981953357
1999-02-03,1999,1,2,21,56.47483333333333,1106.01,0,11.100166666666667,629.3610420078594,6260.906098115268,17.072755813598633,1999_2,1.5945617462989556
1999-02-03,1999,1,2,21,56.270149999999994,1058.89,0,10.981500000000002,622.7090161959848,6237.912179402232,16.50118637084961,1999_2,1.4257001718452145
1999-02-04,1999,1,2,21,56.35066666666667,1233.989,0,12.566483333333334,720.3605929955194,6250.821157630843,24.49195671081543,1999_2,0.9891571887253161
1999-02-08,1999,1,2,20,57.56498333333334,1137.91,0,11.631833333333335,657.4241579420127,6383.332469541466,40.97043228149414,1999_2,1.3206951032208205
1999-02-08,1999,1,2,21,57.41265,1119.53,0.029772329246935205,11.3255,639.6858138216134,6365.710719032963,37.367637634277344,1999_2,2.064956860098155
1999-02-08,1999,1,2,21,57.33366666666667,1135.099,0,11.584983333333332,655.60215992492,6357.484836085781,68.483123779296875,1999_2,1.6486351469282854
1999-02-09,1999,1,2,21,56.37,1216.06,0,12.267666666666665,701.8036201464741,6252.054377405756,32.72195816040039,1999_2,1.1469365141809615
1999-02-09,1999,1,2,21,56.54750000000001,1232.729,0,12.545483333333333,717.9332704342536,6272.646353450777,25.18486213684082,1999_2,0.9194086544961662
1999-02-09,1999,1,2,21,56.82083333333333,1213.089,0,12.21815,696.3928861793299,6302.060370973897,40.15486145019531,1999_2,0.9880105882330734
1999-02-09,1999,1,2,21,56.87515,1217.54,0,12.292333333333334,700.627069944766,6308.317900206798,30.754863739013672,1999_2,0.8178548557124816
1999-02-09,1999,1,2,21,57.01815,1212.01,0,12.200166666666666,694.2675444770032,6323.959124933622,37.878231048583984,1999_2,1.0211673425091996
1999-02-10,1999,1,2,21,56.792816666666674,1151.699,0.542907180385289,11.861650000000001,674.7749872346676,6297.976673184782,36.4061393737793,1999_2,1.294618007819929
1999-02-10,1999,1,2,21,56.92048333333334,1142.06,0.28790786948176583,11.700999999999999,664.4052049990889,6311.782550149437,33.636138916015625,1999_2,1.449696904251481
1999-02-10,1999,1,2,21,57.15215,1127.349,0,11.455816666666665,648.5575823471845,6336.998115325348,62.637638092041016,1999_2,1.709364495945835
1999-02-10,1999,1,2,21,57.20583333333334,1139.9,0,11.665000000000001,660.9742662176577,6343.446643775582,48.363121032714844,1999_2,1.6015116388655768
1999-02-10,1999,1,2,21,57.097500000000004,1149.81,0,11.830166666666665,671.4481861014021,6331.795592592566,55.16312026977539,1999_2,1.4238860966797475
1999-02-10,1999,1,2,21,57.18548333333333,1203.93,0,12.065500000000002,685.258698491434,6342.200078304439,41.398231506347656,1999_2,1.0280787320877416
1999-02-11,1999,1,2,20,58.317483333333335,1059.64,0,10.994000000000002,616.8081706883295,6465.787379880923,94.85478973388672,1999_2,2.411849700817811
1999-02-11,1999,1,2,20,58.25698333333333,1110.229,0,11.170483333333333,627.3615148215988,6459.373382662526,64.59478759765625,1999_2,2.0659365878184612
1999-02-11,1999,1,2,20,58.0885,1104.069,0,11.067816666666666,621.9136301494789,6440.430980791926,115.44478607177734,1999_2,2.5789280080815367
1999-02-11,1999,1,2,20,58.10315000000001,1044.25,0,10.7375,602.3998211667827,6441.512613833156,221.1450653076172,1999_2,2.8378015331049093
1999-08-30,1999,3,8,20,57.67733333333334,1122.65,0,11.377500000000001,641.7766133781458,6395.2738970445,80.20343017578125,1999_8,18.389275511744895
1999-08-30,1999,3,8,20,57.68150000000001,1058.099,0,10.968316666666665,617.3669972227123,6394.955418083995,32.47343063354492,1999_8,17.66718979024021
1999-08-30,1999,3,8,21,57.457649999999994,1052.16,0.03732809430255402,10.869333333333335,612.1520643588499,6369.873759019881,26.84459686279297,1999_8,18.15119695562512
1999-08-31,1999,3,8,20,57.77833333333333,846.6,0,8.776666666666667,486.71747951433736,6404.05365597786,249.2132568359375,1999_8,17.006712922662146
1999-08-31,1999,3,8,20,57.63816666666666,849.73,0,8.828833333333334,489.78062652519543,6388.440182945196,94.27642059326172,1999_8,16.796265704920945
1999-08-31,1999,3,8,20,57.531650000000006,839.059,0,8.650983333333333,479.1012929747062,6376.622943202399,78.64325714111328,1999_8,16.691822060458453
1999-08-31,1999,3,8,20,57.457649999999994,834.64,0,8.577333333333334,474.63999755033285,6368.410106665208,42.13842010498047,1999_8,16.759365841686673
1999-08-31,1999,3,8,20,57.424166666666665,834.619,0,8.576983333333335,474.5958026404252,6364.682808198378,27.758419036865234,1999_8,16.759365841686673
1999-09-01,1999,3,9,20,58.07998333333333,950.45,0,9.840833333333334,549.5893368357908,6437.9238638641655,310.95904541015625,1999_9,15.461294182772003
1999-09-01,1999,3,9,20,58.02881666666667,952.5,0,9.875,551.6781194639857,6432.253173985728,194.83905029296875,1999_9,15.538313056965109
1999-09-01,1999,3,9,20,57.97533333333334,951.84,0,9.864,551.104624430687,6426.29063936049,95.15806579589844,1999_9,15.52695948762268
1999-09-01,1999,3,9,20,57.89698333333334,954.2,0,9.903333333333334,553.5476148536158,6417.598674477526,60.15608215332031,1999_9,15.595369060550823
1999-09-01,1999,3,9,20,57.75915,948.44,0,9.807333333333334,548.0401442601639,6402.182373658701,36.61806869506836,1999_9,15.72279262612157
1999-09-02,1999,3,9,20,57.7395,1007.909,0,10.131816666666667,567.384057000838,6400.271323546887,71.65608215332031,1999_9,15.96137321592574
1999-09-02,1999,3,9,20,57.83165,1035.29,0,10.588166666666666,594.310225630301,6411.074020087829,104.51995849609375,1999_9,15.906938407508962
1999-09-02,1999,3,9,20,58.09348333333334,1044,0,10.733333333333333,602.1819349384068,6440.430278632026,221.1450653076172,1999_9,15.67933578579984
1999-09-02,1999,3,9,20,58.35281666666666,1050.689,0,10.844816666666668,607.9626227560874,6469.471258188094,129.90505981445312,1999_9,15.730231329932591
1999-09-03,1999,3,9,20,57.87615000000001,1059.849,0,10.997483333333332,618.4666245167323,6416.670844035801,81.28343200683594,1999_9,15.836019203350263
1999-09-03,1999,3,9,20,57.809,1059.66,0,10.994333333333335,618.5001648867195,6409.191461940035,53.77342987060547,1999_9,15.913707628895882
1999-09-06,1999,3,9,20,57.87165,1112.709,0,11.211816666666667,631.1920649230989,6416.5655651207435,82.71343231201172,1999_9,16.010459233488724
1999-09-06,1999,3,9,20,58.06681666666667,1105.459,0,11.090983333333334,623.3540055353518,6438.059675368183,115.44478607177734,1999_9,15.797195667679695
1999-09-06,1999,3,9,20,58.22,1111.819,0,11.196983333333332,629.0504330151693,6455.307521667664,64.59478759765625,1999_9,16.059650518010354
1999-09-07,1999,3,9,20,58.30015,1058.369,0,10.972816666666665,615.6240243997033,6463.821461251776,110.01478576660156,1999_9,15.859634710128674
1999-09-07,1999,3,9,20,58.46298333333334,1107.989,0,11.13315,624.4441927395553,6482.232174067837,37.98478698730469,1999_9,16.352553146873447
1999-09-07,1999,3,9,20,58.51298333333334,1050.099,0,10.834983333333332,606.9005706231912,6487.284461641465,103.94506072998047,1999_9,15.890476300428315
1999-09-07,1999,3,9,20,58.65798333333334,1049.38,0,10.823000000000002,605.7641305743549,6503.406512477398,81.1828842163086,1999_9,16.027786719588644
1999-09-07,1999,3,9,20,58.58231666666667,1053.64,0,10.894000000000002,610.120422804814,6495.097728962715,75.29288482666016,1999_9,16.068871657897486
1999-09-08,1999,3,9,21,57.201666666666675,1139.79,0,11.663166666666665,660.8816879182493,6342.9786914970555,48.363121032714844,1999_9,16.48716071283228
1999-09-08,1999,3,9,21,57.094816666666674,1149.599,0.17192982456140354,11.826649999999999,671.2475976229841,6331.488206924132,55.16312026977539,1999_9,16.475576874186583
1999-09-08,1999,3,9,21,57.20516666666667,1203.089,0.37267080745341613,12.051483333333332,684.3138336328481,6344.351896839286,41.398231506347656,1999_9,16.54452923187684
1999-09-08,1999,3,9,21,57.042666666666676,1211.989,0,12.199816666666667,694.118386616611,6326.685487337658,37.878231048583984,1999_9,16.528303110048213
1999-09-08,1999,3,9,21,56.94116666666667,1140.949,0,11.682483333333334,663.1881047244591,6314.039489101429,16.906137466430664,1999_9,16.405533890674818
1999-09-09,1999,3,9,21,56.21365000000001,1058.41,6.503496503496503,10.973500000000001,622.3937851408996,6231.610835767142,20.16118621826172,1999_9,16.450498164234226
1999-09-09,1999,3,9,21,56.452816666666664,1105.31,18.98148148148148,11.0885,628.7170217991538,6258.434247775414,18.342756271362305,1999_9,16.4606054771918
1999-09-09,1999,3,9,21,56.588316666666664,1149.06,0,11.817666666666666,673.0254091324583,6275.113296837825,32.96613693237305,1999_9,16.3918077786508
1999-09-09,1999,3,9,21,56.350483333333344,1154.78,0,11.913,679.9999434480918,6248.898906998579,30.70829963684082,1999_9,16.416052941334605
1999-09-09,1999,3,9,21,56.36881666666667,1215.66,0,12.261000000000001,701.3983187003146,6251.90320615034,32.72195816040039,1999_9,16.48161932544339
1999-09-10,1999,3,9,21,57.31000000000001,1134.91,0,11.581833333333334,655.5125535886283,6354.844152231642,68.483123779296875,1999_9,16.39839379011227
1999-09-13,1999,3,9,20,57.563833333333335,1137.819,0,11.630316666666666,657.3384266802545,6383.200985130152,40.97043228149414,1999_9,16.569137123658578
1999-09-13,1999,3,9,21,57.408483333333336,1119.27,3.9591078066914496,11.321166666666667,639.4414191530318,6365.238138382816,37.367637634277344,1999_9,16.33022142385519
1999-09-13,1999,3,9,21,57.186483333333335,1126.64,0,11.444,647.7059256480358,6340.792926065057,62.637638092041016,1999_9,16.424604753634565
1999-09-14,1999,3,9,21,56.351483333333334,1233.969,0,12.56615,720.3352955450902,6250.910919612609,24.49195671081543,1999_9,16.57255583030151
1999-09-15,1999,3,9,21,56.56048333333333,1236.27,0,12.6045,721.4831330917307,6274.279370148959,22.206270217895508,1999_9,16.535721683843388
1999-09-15,1999,3,9,21,56.773649999999996,1153.489,0,11.891483333333333,676.6865449008649,6295.920867836522,38.286136627197266,1999_9,16.430081293689742
1999-09-15,1999,3,9,21,56.819,1212.9,0,12.215000000000002,696.2103212529813,6301.847389460078,40.15486145019531,1999_9,16.462184953015107
1999-09-15,1999,3,9,21,56.874500000000005,1217.479,0,12.291316666666667,700.5686264770128,6308.242611889681,30.754863739013672,1999_9,16.462184953015107
2000-01-24,2000,1,1,20,57.68500000000001,1122.199,0,11.369983333333334,641.2986427362284,6396.111396910898,80.20343017578125,2000_1,4.001482353104632
2000-01-25,2000,1,1,20,57.78,847,0,8.783333333333333,487.1145654420274,6404.23791610917,376.9264221191406,2000_1,5.071145401379571
2000-01-25,2000,1,1,20,57.635000000000005,849.1,0,8.818333333333333,489.15278886290787,6388.089279679926,94.27642059326172,2000_1,5.4936842534763475
2000-01-25,2000,1,1,20,57.52666666666667,839.9,0,8.665,479.93785377464656,6376.063951934311,78.64325714111328,2000_1,5.6772117689614205
2000-01-25,2000,1,1,20,57.458333333333336,835.12,0.13856812933025403,8.585333333333333,475.1204581510299,6368.483220127704,42.13842010498047,2000_1,5.738392968241544
2000-01-25,2000,1,1,20,57.425,835.9,0.4762845849802371,8.598333333333333,475.8785124228281,6364.7678004916315,27.758419036865234,2000_1,5.575889645635953
2000-01-26,2000,1,1,20,58.083999999999996,950.8,0,9.846666666666666,549.9277456945613,6438.375336438457,310.95904541015625,2000_1,4.872936582905423
2000-01-26,2000,1,1,20,58.02733333333334,952.24,0,9.870666666666667,551.4243273144991,6432.084729982216,194.83905029296875,2000_1,5.0262683325476
2000-01-26,2000,1,1,20,57.97416666666666,951.65,0,9.860833333333334,550.9189803875262,6426.158367301833,95.15806579589844,2000_1,5.0262683325476
2000-01-26,2000,1,1,20,57.89798333333333,954.07,0,9.901166666666667,553.4177008653544,6417.708286453807,60.15608215332031,2000_1,5.234084200430934
2000-01-26,2000,1,1,20,57.76316666666666,948.929,0,9.815483333333333,548.5197102623866,6402.6353343748415,36.61806869506836,2000_1,5.399968096653692
2000-01-27,2000,1,1,21,57.172650000000004,1126.939,0,11.448983333333334,648.0623497250657,6339.264411367142,62.637638092041016,2000_1,3.346317749899729
2000-01-27,2000,1,1,21,57.203,1139.859,0,11.664316666666666,660.9453353486545,6343.129766533992,48.363121032714844,2000_1,3.322159529112157
2000-01-27,2000,1,1,21,56.94515,1140.68,0,11.678,662.8980680418398,6314.471997232357,33.26312255859375,2000_1,3.276791972459022
2000-01-27,2000,1,1,21,56.791316666666674,1152.38,0,11.873000000000001,675.4749626091501,6297.838829883653,36.4061393737793,2000_1,3.145818495585871
2000-01-28,2000,1,1,21,57.01748333333333,1212.119,0,12.201983333333333,694.3812595483562,6323.890133324688,37.878231048583984,2000_1,2.7565172915025733
2000-01-28,2000,1,1,21,57.18798333333334,1203.869,0,12.064483333333332,685.1847676704512,6342.475446863346,41.398231506347656,2000_1,2.721644744017735
2000-01-31,2000,1,1,20,57.56498333333334,1137.8,0,11.629999999999999,657.3145291058786,6383.328217889016,40.97043228149414,2000_1,3.0538269698752853
2000-01-31,2000,1,1,21,57.461666666666666,1052,0,10.866666666666667,611.9798169933625,6370.316410609771,26.84459686279297,2000_1,4.17657838953194
2000-02-01,2000,1,2,20,57.73831666666667,1007.599,0,10.126650000000001,567.0786610793103,6400.134468759941,71.65608215332031,2000_2,4.408703365901932
2000-02-01,2000,1,2,20,57.833333333333336,1034.9,0,10.581666666666669,593.9198984988037,6411.252355444858,104.51995849609375,2000_2,3.977811905508267
2000-02-01,2000,1,2,20,57.86498333333334,1058.099,0,10.968316666666665,616.7732796739978,6415.377256521773,105.92343139648438,2000_2,3.7618768949535335
2000-02-01,2000,1,2,20,57.80833333333333,1059.4,0.17761989342806397,10.990000000000002,618.2449116392522,6409.109683399937,65.53343200683594,2000_2,3.7618768949535335
2000-02-01,2000,1,2,20,57.891666666666666,1110.699,0,11.178316666666667,629.1336900155479,6418.728855842346,65.6634292602539,2000_2,3.4008085435428965
2000-02-02,2000,1,2,21,56.47833333333333,1106,0,11.1,629.3388722111222,6261.295253106215,17.072755813598633,2000_2,2.0709891311709883
2000-02-02,2000,1,2,21,56.275,1058.8,0,10.979999999999999,622.6006218262661,6238.449200385562,16.50118637084961,2000_2,1.8644011927861794
2000-02-02,2000,1,2,21,56.351666666666674,1155.199,0,11.919983333333334,680.4257234167272,6249.0488447103135,30.70829963684082,2000_2,1.7294709755765836
2000-02-02,2000,1,2,21,56.60181666666667,1149.5,0,11.825,673.4137156089339,6276.633755368846,34.36613845825195,2000_2,1.7505550033584223
2000-02-03,2000,1,2,21,56.36498333333334,1215.9,0,12.265000000000002,701.6655067540803,6251.488530687618,32.72195816040039,2000_2,1.6184902680959188
2000-02-04,2000,1,2,21,57.13333333333333,1151,0,11.85,672.4825868300175,6335.832467817721,55.16312026977539,2000_2,1.996437062180929
2000-02-04,2000,1,2,21,57.34333333333334,1135,0,11.583333333333334,655.4620094649646,6358.556713626659,68.483123779296875,2000_2,2.2739531645264033
2000-02-07,2000,1,2,21,57.41166666666666,1119.4,12.311926605504587,11.323333333333334,639.5594394244083,6365.596839441154,37.367637634277344,2000_2,2.71938216074833
2000-02-08,2000,1,2,20,58.64831666666667,1050.199,0,10.83665,606.5854016104203,6502.352040146006,81.1828842163086,2000_2,3.274962664040237
2000-02-08,2000,1,2,20,58.588316666666664,1053.5,0,10.891666666666667,609.9659556877691,6495.761797454115,75.29288482666016,2000_2,3.2472435524855996
2000-02-08,2000,1,2,20,58.529983333333334,1050.8,0,10.846666666666666,607.5290653761652,6489.195484543479,103.94506072998047,2000_2,3.4263341055713767
2000-02-08,2000,1,2,20,58.48831666666667,1107.8,0,11.129999999999999,624.1710686136225,6485.046112662088,46.95478820800781,2000_2,2.597772343395715
2000-02-08,2000,1,2,20,58.34831666666667,1050.699,0,10.844983333333335,607.9861105923834,6468.970615591297,129.90505981445312,2000_2,3.573097993004278
2000-02-09,2000,1,2,20,58.245,1109.9,0,11.165000000000001,627.0827046677284,6458.029257804216,64.59478759765625,2000_2,2.9332647293353147
2000-02-09,2000,1,2,20,58.09665,1044.5,0,10.741666666666667,602.6640287188485,6440.795415720381,221.1450653076172,2000_2,3.718725921302506
2000-02-09,2000,1,2,20,58.088316666666664,1103.8,0,11.063333333333333,621.6499778109845,6440.402484238053,115.44478607177734,2000_2,3.4434943664369384
2000-02-09,2000,1,2,20,57.67165,1057.5,0,10.958333333333334,616.8034863128408,6393.841875103915,32.47343063354492,2000_2,3.4391059359543847
2000-02-10,2000,1,2,21,56.339983333333336,1236.5,0,12.608333333333333,723.0074145284626,6249.767856183167,23.126773834228516,2000_2,1.4702595940303296
2000-02-10,2000,1,2,21,56.556650000000005,1235.8,0,12.596666666666666,721.0244149553711,6273.827761096542,22.206270217895508,2000_2,1.4217062578968327
2000-02-10,2000,1,2,21,56.84333333333334,1214.599,0,12.243316666666665,697.8093429305391,6304.635815036622,37.66486358642578,2000_2,1.5249248446763466
2000-02-10,2000,1,2,21,56.894999999999996,1216.199,0,12.269983333333334,699.1600439013281,6310.460655118544,30.754863739013672,2000_2,1.4916236837723162
2001-01-22,2001,1,1,20,57.55698333333333,1136.969,0,11.616150000000001,656.5206595887926,6382.405985785739,40.97043228149414,2001_1,2.332773454555803
2001-01-22,2001,1,1,21,57.40765,1119.609,0,11.326816666666666,639.7839329884798,6365.1570046463175,37.367637634277344,2001_1,2.8174381394935812
2001-01-23,2001,1,1,21,56.35866666666667,1232.78,0,12.546333333333333,719.0703051577467,6251.646547481614,24.49195671081543,2001_1,1.9453199603327804
2001-01-23,2001,1,1,21,56.54665,1232.02,0,12.533666666666667,717.2121585793607,6272.514345570207,25.18486213684082,2001_1,1.9537955243166825
2001-01-23,2001,1,1,21,56.39750000000001,1215.719,0,12.261983333333335,701.3075917540235,6255.0966599071035,34.694862365722656,2001_1,2.1938307236011907
2001-01-23,2001,1,1,21,56.35015,1154.56,0,11.909333333333333,679.7750170150732,6248.852236143385,30.70829963684082,2001_1,2.324576158090929
2001-01-24,2001,1,1,21,56.271499999999996,1058.949,0.04210526315789474,10.982483333333334,622.7655774586905,6238.064155265107,16.50118637084961,2001_1,2.3519420026450772
2001-01-24,2001,1,1,21,56.479,1105.75,0,11.095833333333333,629.0800288304802,6261.361601975051,17.072755813598633,2001_1,2.5763635963669174
2001-01-24,2001,1,1,21,56.620333333333335,1149.67,0,11.827833333333334,673.5026223424753,6278.700991702622,34.36613845825195,2001_1,2.340778864353929
2001-01-25,2001,1,1,20,57.82098333333333,1103.119,0,11.051983333333332,621.8845702062283,6410.627580880214,53.77342987060547,2001_1,3.765914983385478
2001-01-25,2001,1,1,20,57.68098333333334,1057.349,0,10.955816666666665,616.6234297440825,6394.876338160485,32.47343063354492,2001_1,3.6836917444836375
2001-01-25,2001,1,1,21,57.462650000000004,1052.459,0,10.874316666666667,612.4356461339552,6370.438486968293,26.84459686279297,2001_1,3.2314710588999036
2001-01-26,2001,1,1,20,57.87548333333334,1059.91,0,10.998500000000002,618.5291031041506,6416.5984241625465,81.28343200683594,2001_1,3.9993660715450874
2001-01-26,2001,1,1,20,57.894000000000005,1110.77,0,11.179499999999999,629.1954532895242,6418.990807245437,65.6634292602539,2001_1,3.649321938756972
2001-01-29,2001,1,1,20,57.67965000000001,1122.78,0,11.379666666666667,641.8967317139712,6395.536244498421,80.20343017578125,2001_1,2.7717650175568815
2001-01-29,2001,1,1,20,57.8305,1037.42,0,10.623666666666669,596.4211548095723,6410.996036431994,104.51995849609375,2001_1,4.176338753252461
2001-01-30,2001,1,1,20,57.77715,846.54,0,8.775666666666666,486.6575693062971,6403.922113451252,249.2132568359375,2001_1,4.796219769781107
2001-01-30,2001,1,1,20,57.635000000000005,849.1,0,8.818333333333333,489.15278886290787,6388.089279679926,94.27642059326172,2001_1,5.217984947480947
2001-01-30,2001,1,1,20,57.52965000000001,838.88,0,8.648,478.92150139396904,6376.401217401232,78.64325714111328,2001_1,5.401386428206916
2001-01-30,2001,1,1,20,57.458999999999996,835.3,0,8.588333333333333,475.30090305045104,6368.556340791987,42.13842010498047,2001_1,5.46300374629154
2001-01-30,2001,1,1,20,57.42533333333334,835.35,0,8.589166666666667,475.3282501789061,6364.808196937968,27.758419036865234,2001_1,5.29988501131427
2001-01-31,2001,1,1,20,57.74400000000001,1009.33,0,10.1555,568.7854468863395,6400.79606002457,71.65608215332031,2001_1,4.582691949257246
2001-01-31,2001,1,1,20,57.74665,945.539,0,9.758983333333333,545.1787569829435,6400.757553717092,36.61806869506836,2001_1,5.16119760560996
2001-01-31,2001,1,1,20,57.88581666666667,951.68,0,9.861333333333333,551.0738615571663,6416.32305829627,63.308067321777344,2001_1,4.960826741644068
2001-01-31,2001,1,1,20,57.96815,950.44,0,9.840666666666667,549.7344762593899,6425.473530483753,95.15806579589844,2001_1,4.7479143913806325
2001-01-31,2001,1,1,20,58.01166666666666,950.36,0,9.839333333333334,549.595414631821,6430.317160144353,194.83905029296875,2001_1,4.7479143913806325
2001-02-01,2001,1,2,20,58.65215,1049.38,0,10.823000000000002,605.781781999284,6502.757153196101,81.1828842163086,2001_2,3.5627783669349062
2001-02-01,2001,1,2,20,58.58231666666667,1054.25,0,10.904166666666667,610.7114312633715,6495.114452260865,75.29288482666016,2001_2,3.4858725556225467
2001-02-01,2001,1,2,20,58.535000000000004,1051.199,0,10.853316666666668,607.9008128481577,6489.764585368517,82.20506286621094,2001_2,3.6648667343176697
2001-02-01,2001,1,2,20,58.46398333333333,1108.119,0,11.135316666666665,624.5670285778731,6482.347494218705,37.98478698730469,2001_2,2.8782417673552487
2001-02-01,2001,1,2,20,58.347316666666664,1050.79,0,10.846499999999999,608.0779214561628,6468.861737100831,129.90505981445312,2001_2,3.811808029253632
2001-02-02,2001,1,2,21,57.169999999999995,1126.829,0,11.447149999999999,647.9621262801742,6338.965547457576,62.637638092041016,2001_2,3.496647022574529
2001-02-05,2001,1,2,21,57.346166666666676,1135.119,0,11.585316666666666,655.5693448565561,6358.876524681202,68.483123779296875,2001_2,3.4397672769118413
2001-02-05,2001,1,2,21,57.19716666666667,1139.42,0,11.657000000000002,660.5288021937856,6342.46343452996,48.363121032714844,2001_2,3.4947093270907077
2001-02-06,2001,1,2,20,58.299166666666665,1058.81,0,10.980166666666666,616.0579406736749,6463.724653700091,110.01478576660156,2001_2,3.570368858679404
2001-02-06,2001,1,2,20,58.24916666666666,1110.67,0,11.177833333333334,627.8208470595765,6458.517296088262,64.59478759765625,2001_2,3.213489617771094
2001-02-06,2001,1,2,20,58.07566666666666,1104.43,0,11.073833333333335,622.3121934817664,6439.013485803738,115.44478607177734,2001_2,3.7280682572514228
2001-02-06,2001,1,2,20,58.076483333333336,1044.239,0,10.737316666666667,602.4654447091926,6438.544012558655,221.1450653076172,2001_2,3.9983573620683894
2001-02-07,2001,1,2,21,56.94415000000001,1140.459,0,11.674316666666668,662.6784392203612,6314.351957023302,33.26312255859375,2001_2,3.3476317377475238
2001-02-07,2001,1,2,21,56.80531666666668,1150,0,11.833333333333334,672.9885241590384,6299.295439202142,37.92613983154297,2001_2,3.216432480259136
2001-02-07,2001,1,2,21,56.81933333333333,1213.069,0,12.217816666666666,696.3804041475233,6301.892551600824,40.15486145019531,2001_2,2.9464905138427264
2001-02-07,2001,1,2,21,56.87566666666667,1217.449,0,12.290816666666668,700.5319212130373,6308.370924173341,30.754863739013672,2001_2,2.904202601049288
2001-02-07,2001,1,2,21,57.018,1212.42,0,12.207,694.6829728949357,6323.96190633208,37.878231048583984,2001_2,2.9721944573538055
2001-02-08,2001,1,2,21,57.10033333333334,1149.579,0,11.826316666666665,671.20196835053,6332.101163130424,55.16312026977539,2001_2,3.3399846778242286
2001-02-08,2001,1,2,21,57.182833333333335,1204.079,0,12.067983333333332,685.4219956433744,6341.912013280038,41.398231506347656,2001_2,2.9586196236105438
2001-09-03,2001,3,9,20,57.669000000000004,1122.089,0,11.368149999999998,641.2515928565347,6394.326989175522,80.20343017578125,2001_9,15.6719396162846
2001-09-03,2001,3,9,20,57.65166666666667,1059.819,0.33542976939203356,10.996983333333333,619.1738669353679,6391.6850171340175,34.5034294128418,2001_9,15.600548775963617
2001-09-03,2001,3,9,21,57.46815,1052.589,0.08093525179856115,10.876483333333333,612.5486915997509,6371.054215911487,26.84459686279297,2001_9,15.726530699404139
2001-09-04,2001,3,9,20,58.072500000000005,948.929,0,9.815483333333333,548.1043947005803,6437.072405601153,362.58905029296875,2001_9,14.993202497709277
2001-09-04,2001,3,9,20,58.02398333333334,951.45,0,9.8575,550.6514231742018,6431.701831579947,194.83905029296875,2001_9,15.059020311223291
2001-09-04,2001,3,9,20,57.97533333333334,951.82,0,9.863666666666667,551.0849087933012,6426.290387329059,95.15806579589844,2001_9,15.059020311223291
2001-09-04,2001,3,9,20,57.89750000000001,954.55,0,9.909166666666666,553.8926162556729,6417.660825750294,60.15608215332031,2001_9,15.127542925224013
2001-09-04,2001,3,9,20,57.758816666666675,947.969,0,9.799483333333335,547.5734832971815,6402.1397253989235,36.61806869506836,2001_9,15.25530069589728
2001-09-05,2001,3,9,20,57.42648333333333,835.42,0,8.590333333333332,475.3990828137558,6364.935794191365,27.758419036865234,2001_9,15.140937895181876
2001-09-05,2001,3,9,20,57.45665,835.35,0,8.589166666666667,475.3493195192176,6368.294430862303,42.13842010498047,2001_9,15.140937895181876
2001-09-05,2001,3,9,20,57.528999999999996,839.37,0,8.656166666666667,479.4101696615905,6376.326351492929,78.64325714111328,2001_9,14.991356820231696
2001-09-05,2001,3,9,20,57.61815,847.07,0,8.784500000000001,487.12666507163135,6386.219347957074,94.27642059326172,2001_9,14.933337254830922
2001-09-05,2001,3,9,20,57.76283333333334,844.58,0,8.743,484.708646940834,6402.335163652236,249.2132568359375,2001_9,14.995569223232316
2001-09-06,2001,3,9,20,58.666666666666664,1049.53,0,10.8255,605.8828358926306,6504.377075370981,81.1828842163086,2001_9,15.49202404493864
2001-09-06,2001,3,9,20,58.59466666666667,1054.479,0,10.907983333333334,610.8942162127798,6496.495496614292,75.29288482666016,2001_9,15.538032224453534
2001-09-06,2001,3,9,20,58.543,1051,0,10.85,607.6832102670144,6490.6497906979175,103.94506072998047,2001_9,15.449661465834604
2001-09-06,2001,3,9,20,58.498316666666675,1107.63,0,11.12716666666667,623.9706821646596,6486.153949431006,58.07478713989258,2001_9,15.806925500172119
2001-09-06,2001,3,9,20,58.32633333333333,1059.93,0,10.998833333333334,617.061997587934,6466.780856335153,94.85478973388672,2001_9,15.315541375869465
2001-09-07,2001,3,9,21,57.149166666666666,1127.39,0,11.456500000000002,648.6108727185822,6336.667631339677,31.96763801574707,2001_9,15.778724258881034
2001-09-07,2001,3,9,21,57.37298333333333,1119.39,1.2660550458715594,11.323166666666669,639.6965466483174,6361.291661598502,37.367637634277344,2001_9,15.720779716387076
2001-09-10,2001,3,9,20,57.736,1006.21,0,10.1035,565.704627383201,6399.853893631584,71.65608215332031,2001_9,15.43976781975895
2001-09-10,2001,3,9,20,57.83098333333334,1033.52,0,10.558666666666666,592.5603228689849,6410.959084282963,104.00995635986328,2001_9,15.366815596340745
2001-09-10,2001,3,9,20,58.073499999999996,1044.189,0,10.736483333333334,602.4248468130628,6438.21066724591,221.1450653076172,2001_9,15.137956592918345
2001-09-10,2001,3,9,20,58.32165,1050.77,0,10.846166666666667,608.1367947278338,6466.004166870425,149.0150604248047,2001_9,15.199194411272227
2001-09-10,2001,3,9,20,58.25215,1110.459,0,11.174316666666668,627.6037714851657,6458.842678685821,64.59478759765625,2001_9,15.511184169221597
2001-09-11,2001,3,9,20,58.089316666666676,1104.079,0,11.067983333333332,621.9206683930186,6440.522179107544,115.44478607177734,2001_9,15.248425632953133
2001-09-11,2001,3,9,20,57.89098333333333,1110.979,0.293040293040293,11.182983333333334,629.4127340454485,6418.661724545873,65.6634292602539,2001_9,15.342286726590682
2001-09-11,2001,3,9,20,57.87465,1059.55,0,10.9925,618.1760440409482,6416.4951742023395,81.28343200683594,2001_9,15.363476511851959
2001-09-11,2001,3,9,20,57.81583333333333,1100.859,0,11.014316666666666,619.6646947329959,6409.987172183837,53.77342987060547,2001_9,15.363476511851959
2001-09-12,2001,3,9,21,56.22398333333334,1057.92,14.359550561797752,10.965333333333335,621.8545798606347,6232.746218064925,20.16118621826172,2001_9,15.860835136568271
2001-09-12,2001,3,9,21,56.350483333333344,1155.219,22.857142857142858,11.920316666666668,680.4519035595648,6248.918075733274,30.70829963684082,2001_9,15.77239956806093
2001-09-12,2001,3,9,21,56.59116666666667,1149.689,3.019693654266958,11.82815,673.655881947052,6275.456860869052,30.776138305664062,2001_9,15.734268195584404
2001-09-13,2001,3,9,21,56.92881666666667,1141.41,0.15308151093439362,11.690166666666668,663.7094884145392,6312.68374726363,33.636138916015625,2001_9,15.728577283632152
2001-09-13,2001,3,9,21,57.18931666666667,1139.76,0.0774526678141136,11.662666666666667,660.9052074324509,6341.603336407552,48.363121032714844,2001_9,15.813660729230625
2001-09-13,2001,3,9,21,57.10565,1150.329,0.1014760147601476,11.838816666666666,671.9342634853057,6332.724146401432,55.16312026977539,2001_9,15.79707626719073
2001-09-13,2001,3,9,21,57.19598333333333,1203.699,0,12.061650000000002,684.9736072063092,6343.357774677479,41.398231506347656,2001_9,15.863559498188735
2001-09-17,2001,3,9,20,57.5625,1137.489,0.2828282828282829,11.624816666666668,657.0152699734798,6383.039878480747,40.97043228149414,2001_9,15.926857288466596
2001-09-17,2001,3,9,21,57.35,1135.28,0,11.588,655.7145333060893,6359.309215292571,68.483123779296875,2001_9,15.752123366217033
2001-09-17,2001,3,9,21,57.04031666666666,1212.02,0.5432595573440644,12.200333333333333,694.1619821971952,6326.425530945386,37.878231048583984,2001_9,15.809124687676865
2001-09-18,2001,3,9,21,56.36981666666667,1215.739,0.5405405405405406,12.262316666666667,701.474322498179,6252.018297216258,32.72195816040039,2001_9,15.824083851930231
2001-09-18,2001,3,9,21,56.34016666666666,1236.15,0.08095238095238096,12.602500000000001,722.6460095796184,6249.7693481912365,23.126773834228516,2001_9,15.904329386600716
2001-09-18,2001,3,9,21,56.5465,1233.069,0.7366071428571429,12.55115,718.2871721627025,6272.553142041101,25.18486213684082,2001_9,15.857400651603747
2001-09-18,2001,3,9,21,56.782833333333336,1153.239,1.226252158894646,11.887316666666667,676.3889157006126,6296.931812278196,36.4061393737793,2001_9,15.744959411221805
2001-09-19,2001,3,9,21,56.8395,1214.89,0.380952380952381,12.248166666666668,698.1252758671857,6304.223430111664,37.66486358642578,2001_9,15.77402550624123
2001-09-19,2001,3,9,21,56.89616666666667,1216.579,0.8450704225352113,12.276316666666666,699.5393859515727,6310.608906050702,30.754863739013672,2001_9,15.863006407538808
2002-01-21,2002,1,1,20,57.66815,1121.939,0,11.36565,641.1058151720783,6394.227188784401,80.20343017578125,2002_1,4.93597636955514
2002-01-21,2002,1,1,20,57.8645,1112.989,0,11.216483333333334,631.4948860074021,6415.778869784381,82.71343231201172,2002_1,5.174571887687211
2002-01-22,2002,1,1,20,58.667666666666676,1049.4,0,10.823333333333334,605.7541572497191,6504.484975637353,81.1828842163086,2002_1,4.9264424631620365
2002-01-22,2002,1,1,20,58.59381666666666,1054.349,0,10.905816666666665,610.7709954195748,6496.397300670862,75.29288482666016,2002_1,4.930503432106589
2002-01-22,2002,1,1,20,58.53433333333334,1050.859,0,10.847649999999998,607.5729913587397,6489.6812843454945,103.94506072998047,2002_1,5.128789616375763
2002-01-22,2002,1,1,20,58.497166666666665,1107.43,0,11.123833333333334,623.7805042104014,6486.019800105281,58.07478713989258,2002_1,4.591114711449976
2002-01-23,2002,1,1,20,58.33783333333334,1050.93,0,10.848833333333335,608.2434775841822,6467.809867610326,129.90505981445312,2002_1,5.292434691772358
2002-01-23,2002,1,1,20,58.32450000000001,1059.939,0,10.998983333333335,617.076842327578,6466.577051754796,94.85478973388672,2002_1,5.166592083754113
2002-01-23,2002,1,1,20,58.257983333333335,1109.959,0,11.165983333333335,627.0939361455958,6459.476184676903,64.59478759765625,2002_1,4.73926478782418
2002-01-24,2002,1,1,20,57.42766666666667,835.489,0.16919739696312364,8.591483333333334,475.4689325531321,6365.0671094252475,27.758419036865234,2002_1,6.18244867888111
2002-01-24,2002,1,1,20,57.45315000000001,831.859,0,8.530983333333333,471.8555652627316,6367.927400840922,47.39841842651367,2002_1,6.32949479815604
2002-01-24,2002,1,1,20,57.526,835.76,0,8.596,475.8052355240394,6376.0122182212735,90.92325592041016,2002_1,6.344951103151619
2002-01-24,2002,1,1,20,57.61081666666667,846.06,0,8.767666666666665,486.1182980417723,6385.40627684934,108.2332534790039,2002_1,6.275412588274176
2002-01-24,2002,1,1,20,57.7645,844.63,0,8.743833333333333,484.75893135894637,6402.5205232466415,249.2132568359375,2002_1,5.677418892890847
2002-01-25,2002,1,1,21,57.438316666666665,1049.3,0,10.821666666666665,609.3503638447833,6367.644298143917,35.68459701538086,2002_1,4.6830321378487
2002-01-28,2002,1,1,20,57.567483333333335,1137.959,0,11.632650000000002,657.4621965289947,6383.612553220327,40.97043228149414,2002_1,4.158849666275872
2002-01-28,2002,1,1,20,57.65033333333334,1059.949,0,10.999150000000002,619.3075206233849,6391.540430010086,34.5034294128418,2002_1,5.23203206740777
2002-01-29,2002,1,1,21,56.206316666666666,1058.099,0,10.968316666666665,622.0956773476036,6230.785618494466,20.16118621826172,2002_1,4.283571450424352
2002-01-29,2002,1,1,21,56.436816666666665,1105.209,0,11.086816666666667,628.6673575190217,6256.6506699327065,18.342756271362305,2002_1,4.447118256387457
2002-01-29,2002,1,1,21,56.34433333333333,1158.329,0.04743833017077799,11.97215,683.6832528770092,6248.371088752361,31.678298950195312,2002_1,4.3765641552384285
2002-01-30,2002,1,1,21,56.56033333333333,1236.609,0,12.610149999999999,721.8310023897179,6274.2809413900795,22.206270217895508,2002_1,3.9865356599596278
2002-01-30,2002,1,1,21,56.341816666666666,1236.099,0,12.60165,722.5838892304085,6249.950107731396,23.126773834228516,2002_1,4.043883020223211
2002-01-30,2002,1,1,21,56.36748333333333,1215.849,0,12.264149999999999,701.5998229971057,6251.764123715131,32.72195816040039,2002_1,4.2625773548273465
2002-01-30,2002,1,1,21,56.58983333333334,1149.41,0,11.823500000000001,673.3765578520158,6275.296760271667,30.776138305664062,2002_1,4.402728605724559
2002-01-31,2002,1,1,20,57.74098333333333,943.94,0,9.732333333333335,543.5992630700039,6400.1092539066285,33.20806884765625,2002_1,6.045513259522593
2002-01-31,2002,1,1,20,57.87916666666667,949.469,0,9.824483333333335,548.8978840480743,6415.5555120464305,63.308067321777344,2002_1,5.844754903899388
2002-01-31,2002,1,1,20,57.96666666666667,950.01,0,9.833499999999999,549.3125406274223,6425.303143366891,95.15806579589844,2002_1,5.631591875444306
2002-01-31,2002,1,1,20,58.00598333333334,949.36,0,9.822666666666667,548.6183325051634,6429.672329628058,194.83905029296875,2002_1,5.631591875444306
2002-02-01,2002,1,2,20,57.87748333333334,1100,0,11,618.6114675860715,6416.823656671844,81.28343200683594,2002_2,4.544894067891395
2002-02-01,2002,1,2,20,57.82165,1102.739,0,11.04565,621.5062062732162,6410.690391979546,53.77342987060547,2002_2,4.575289671080587
2002-02-04,2002,1,2,21,57.40266666666666,1119.56,0,11.325999999999999,639.7538608630942,6364.6007600429275,37.367637634277344,2002_2,3.934511265129829
2002-02-04,2002,1,2,21,57.18098333333334,1126.75,0,11.445833333333333,647.8386673968693,6340.184878780316,62.637638092041016,2002_2,3.701708671658855
2002-02-05,2002,1,2,21,56.95366666666667,1139.829,0,11.663816666666666,661.9986184975628,6315.385886838961,33.26312255859375,2002_2,3.5424352320644052
2002-02-05,2002,1,2,21,56.79931666666666,1149.979,0,11.832983333333335,672.9948040375099,6298.62701070902,36.4061393737793,2002_2,3.4091936927041977
2002-02-05,2002,1,2,21,56.81516666666666,1212.689,0,12.211483333333335,696.0158155480669,6301.410881990388,40.15486145019531,2002_2,3.13677886388542
2002-02-05,2002,1,2,21,56.89548333333334,1216.18,0,12.269666666666668,699.138192622812,6310.513498660141,30.754863739013672,2002_2,3.095157445603064
2002-02-05,2002,1,2,21,57.044000000000004,1211.8,0,12.196666666666665,693.9204203440872,6326.824858587597,37.878231048583984,2002_2,3.041566246081956
2002-02-06,2002,1,2,20,57.74381666666667,1008.289,0,10.13815,567.7530251607091,6400.758167714556,71.65608215332031,2002_2,4.821665487979411
2002-02-06,2002,1,2,20,57.830316666666675,1032.839,0,10.547316666666665,591.8880790766441,6410.86940942311,104.00995635986328,2002_2,4.705929754577459
2002-02-06,2002,1,2,20,58.077816666666664,1044.089,0,10.734816666666665,602.314201409771,6438.688635910588,221.1450653076172,2002_2,4.450919384127511
2002-02-06,2002,1,2,20,58.08965,1103.949,0,11.065816666666668,621.7918181251456,6440.55536740827,115.44478607177734,2002_2,4.229781314358482
2002-02-07,2002,1,2,21,57.21215,1203.29,0,12.054833333333333,684.4812437354448,6345.137887068125,41.398231506347656,2002_2,3.078511974343452
2002-02-07,2002,1,2,21,57.12983333333333,1150.739,0,11.845650000000001,672.2356709752393,6335.432057301215,55.16312026977539,2002_2,3.5185121805075887
2002-02-07,2002,1,2,21,57.182833333333335,1139.67,0,11.661166666666668,660.842769108728,6340.878400664382,48.363121032714844,2002_2,3.690078412985687
2002-02-07,2002,1,2,21,57.30981666666666,1134.739,0,11.578983333333333,655.3417101067749,6354.817242807656,68.483123779296875,2002_2,3.644719451080142
2002-09-02,2002,3,9,20,57.66498333333334,1121.92,0,11.365333333333334,641.0992309579628,6393.874121988478,80.20343017578125,2002_9,15.605891469842046
2002-09-02,2002,3,9,20,57.81498333333334,1101.199,0,11.019983333333334,620.0040986757349,6409.902600194651,53.77342987060547,2002_9,15.231863069650286
2002-09-02,2002,3,9,20,57.86498333333334,1058.199,0,10.969983333333335,616.8721402228823,6415.380134780364,105.92343139648438,2002_9,15.231863069650286
2002-09-03,2002,3,9,20,57.41498333333334,832.9,0,8.548333333333334,472.8684551759114,6363.671574167379,30.22842025756836,2002_9,14.858392281730572
2002-09-03,2002,3,9,20,57.45498333333333,832.8,0,8.546666666666665,472.79803294989136,6368.125105628667,47.39841842651367,2002_9,14.858392281730572
2002-09-03,2002,3,9,20,57.52666666666667,836.7,0,8.611666666666668,476.74389950949603,6376.080960912993,90.92325592041016,2002_9,14.64741017854498
2002-09-03,2002,3,9,20,57.61331666666667,846.3,0,8.7716666666666665,486.3582304022719,6385.683780191542,108.2332534790039,2002_9,14.651174009679819
2002-09-03,2002,3,9,20,57.77666666666667,845.8,0,8.763333333333332,485.923846716895,6403.870801055794,249.2132568359375,2002_9,14.713810102533891
2002-09-04,2002,3,9,20,58.063316666666665,946.9,0,9.781666666666666,546.1214833162942,6436.026429657429,362.58905029296875,2002_9,14.68497545886746
2002-09-04,2002,3,9,20,58.02666666666667,951.299,0,9.854983333333333,550.4989900547889,6431.998677441258,194.83905029296875,2002_9,14.777177553098781
2002-09-04,2002,3,9,20,57.98165000000001,952.799,0,9.879983333333334,552.0408305123613,6427.006053815281,95.15806579589844,2002_9,14.788463404742487
2002-09-04,2002,3,9,20,57.89665,953.8,0,9.8966666666666665,553.1529355599807,6417.556307397044,60.15608215332031,2002_9,14.845542627751893
2002-09-04,2002,3,9,20,57.760000000000005,948,0,9.8,547.602670984412,6402.271821990933,36.61806869506836,2002_9,14.973064488291854
2002-09-04,2002,3,9,20,57.73831666666667,1005.9,0,10.098333333333333,565.3928289050987,6400.106785458736,71.65608215332031,2002_9,15.157459644058266
2002-09-05,2002,3,9,20,58.660000000000004,1049.4,0,10.823333333333334,605.7773626989025,6503.631531029977,81.1828842163086,2002_9,15.313966255510646
2002-09-05,2002,3,9,20,58.595,1054.3,0,10.905,610.7197972595424,6496.527676366293,75.29288482666016,2002_9,15.335582561016604
2002-09-05,2002,3,9,20,58.541666666666664,1050.699,0,10.844983333333335,607.3953287523406,6490.4933355128205,103.94506072998047,2002_9,15.244692036416232
2002-09-05,2002,3,9,20,58.49665,1107.4,0,11.123333333333335,623.7531873819669,6485.961370315109,58.07478713989258,2002_9,15.50569299048545
2002-09-05,2002,3,9,20,58.32331666666667,1059.9,0,10.998333333333335,617.0426910513844,6466.44420636348,94.85478973388672,2002_9,15.167094080322858
2002-09-06,2002,3,9,20,58.08500000000001,1103.9,0,11.065000000000001,621.7595209425605,6440.036335910473,115.44478607177734,2002_9,15.112673045803945
2002-09-06,2002,3,9,20,57.891666666666666,1111.099,0,11.184983333333332,629.5288162479073,6418.741605980721,65.6634292602539,2002_9,15.257616213533032
2002-09-09,2002,3,9,20,57.56498333333334,1137.3,0.21113243761996162,11.621666666666666,656.8162153520151,6383.308929555329,40.97043228149414,2002_9,15.79779202730685
2002-09-09,2002,3,9,20,57.65166666666667,1059.8,0.18832391713747645,10.996666666666666,619.1549725042686,6391.68446060629,34.5034294128418,2002_9,15.515339356075547
2002-09-10,2002,3,9,21,57.43998333333334,1049.5,0,10.825,609.5454460335252,6367.83516491087,35.68459701538086,2002_9,15.683950895523555
2002-09-10,2002,3,9,21,57.40333333333333,1119.4,6.363636363636364,11.323333333333334,639.5911395839927,6364.669471017463,37.367637634277344,2002_9,15.663224905454516
2002-09-10,2002,3,9,21,57.211666666666666,1139.599,0,11.659983333333333,660.645984142408,6344.083873751893,48.363121032714844,2002_9,15.781139125064193
2002-09-10,2002,3,9,21,57.12833333333333,1150.9,0,11.848333333333334,672.4050013823761,6335.271947019683,55.16312026977539,2002_9,15.803561273399609
2002-09-11,2002,3,9,20,58.33165,1050.8,0,10.846666666666666,608.1355334494241,6467.118099330511,149.0150604248047,2002_9,14.997933401901683
2002-09-11,2002,3,9,20,58.25333333333333,1109.8,0,11.163333333333332,626.9551005175317,6458.953632247263,64.59478759765625,2002_9,15.374423765498973
2002-09-11,2002,3,9,20,58.095,1043.9,0,10.731666666666667,602.0793634294077,6440.596579853721,221.1450653076172,2002_9,14.982683428920453
2002-09-11,2002,3,9,20,57.82998333333333,1036.5,0,10.608333333333333,595.5120584221004,6410.916783081707,104.51995849609375,2002_9,15.208560180785742
2002-09-12,2002,3,9,21,56.47833333333333,1105.8,49.06542056074766,11.096666666666666,629.1336081659892,6261.28898325603,17.072755813598633,2002_9,15.743651366097442
2002-09-12,2002,3,9,21,56.24665,1058.099,7.45920745920746,10.968316666666665,621.9674626758525,6235.273764202969,16.50118637084961,2002_9,15.757308777976439
2002-09-12,2002,3,9,21,56.35,1154.4,2.429718875502008,11.906666666666668,679.6109968989301,6248.828583282159,30.70829963684082,2002_9,15.726749076569888
2002-09-12,2002,3,9,21,56.36833333333334,1215.4,0,12.256666666666668,701.133352129497,6251.8367604178475,32.72195816040039,2002_9,15.794733252636865
2002-09-12,2002,3,9,21,56.35498333333333,1232.9,0,12.548333333333336,719.2149398039913,6251.243255531943,24.49195671081543,2002_9,15.88893619721441
2002-09-13,2002,3,9,21,57.19166666666667,1203.5,0.943025540275049,12.058333333333334,684.7948715944484,6342.868531114293,41.398231506347656,2002_9,15.868367971382815
2002-09-16,2002,3,9,21,57.336666666666666,1134.8,0,11.58,655.2896116080564,6357.80727226554,68.483123779296875,2002_9,15.727928258327369
2002-09-16,2002,3,9,21,57.18500000000001,1126.699,0,11.444983333333335,647.7712629324815,6340.6299971068765,62.637638092041016,2002_9,15.753656929044496
2002-09-17,2002,3,9,21,56.785000000000004,1153.1,0.6351606805293005,11.884999999999998,676.2372730955907,6297.166897563971,36.4061393737793,2002_9,15.746425135649014
2002-09-17,2002,3,9,21,56.61833333333334,1149.699,0.326530612244898,11.828316666666668,673.5414472677767,6278.479704619049,34.36613845825195,2002_9,15.702209247748293
2002-09-17,2002,3,9,21,56.54831666666667,1233.5,0,12.558333333333334,718.7180215167715,6272.778071449746,25.18486213684082,2002_9,15.8536411107384
2002-09-17,2002,3,9,21,56.81666666666667,1213.099,0.07954545454545454,12.218316666666665,696.4248660403574,6301.597342561713,40.15486145019531,2002_9,15.780287973459208
2002-09-17,2002,3,9,21,56.88466666666667,1216.78,0.38696537678207743,12.279666666666666,699.8047262430613,6309.339432784295,30.754863739013672,2002_9,15.867931795130971
2002-09-18,2002,3,9,21,56.92165,1141.8,0,11.696666666666665,664.136398218977,6311.901943283194,33.636138916015625,2002_9,15.722159521273
2002-09-18,2002,3,9,21,57.02048333333334,1212.25,0.8548707753479126,12.204166666666667,694.4980735331987,6324.2300869177725,37.878231048583984,2002_9,15.817603224391693
2003-01-27,2003,1,1,20,57.663500000000006,1122.06,0,11.367666666666667,641.2441543723514,6393.713906116541,80.20343017578125,2003_1,4.899825122770622
2003-01-27,2003,1,1,20,57.8195,1102.34,0,11.038999999999998,621.1184967942828,6410.439178387402,53.77342987060547,2003_1,5.455050278597712
2003-01-28,2003,1,1,20,57.777166666666666,845.95,0,8.765833333333335,486.07273057881923,6403.9259485893035,249.2132568359375,2003_1,5.719666556221375
2003-01-28,2003,1,1,20,57.630333333333326,848.34,0,8.805666666666667,488.3949824205367,6387.571852940433,94.27642059326172,2003_1,6.141521932820861
2003-01-28,2003,1,1,20,57.52816666666666,838.84,0,8.647333333333334,478.88072269055624,6376.23629410707,78.64325714111328,2003_1,6.3243465377832315
2003-01-28,2003,1,1,20,57.45666666666666,835.56,0,8.592666666666666,475.55933494107046,6368.295022241625,42.13842010498047,2003_1,6.222582709588325
2003-01-28,2003,1,1,20,57.428999999999995,835.73,0,8.5955,475.71101126178945,6365.2140963820075,27.758419036865234,2003_1,6.222582709588325
2003-01-29,2003,1,1,20,58.071000000000005,948.77,0,9.812833333333334,547.9500897683359,6436.903526151026,362.58905029296875,2003_1,5.5206114193999865
2003-01-29,2003,1,1,20,58.021,950.6,0,9.843333333333334,549.8187901846261,6431.359166177968,194.83905029296875,2003_1,5.673659672553944
2003-01-29,2003,1,1,20,57.97866666666667,952.13,0,9.868833333333333,551.385729770238,6426.6653950668115,95.15806579589844,2003_1,5.673659672553944
2003-01-29,2003,1,1,20,57.89616666666667,953.88,0,9.898,553.232685000136,6417.5035487709365,60.15608215332031,2003_1,5.881042401159606
2003-01-29,2003,1,1,20,57.75633333333334,947.31,0,9.788499999999999,546.9231528896831,6401.85560934246,36.61806869506836,2003_1,6.086604075683258
2003-01-30,2003,1,1,20,58.66499999999999,1049.39,0,10.823166666666669,605.7525629452746,6504.187862422107,81.1828842163086,2003_1,4.964375330421149
2003-01-30,2003,1,1,20,58.5895,1053.98,0,10.899666666666667,610.4272036318514,6495.906655006044,75.29288482666016,2003_1,4.951306516982273
2003-01-30,2003,1,1,20,58.54233333333333,1050.79,0,10.846499999999999,607.4815582449021,6490.569972833136,103.94506072998047,2003_1,5.092002014733808
2003-01-30,2003,1,1,20,58.495666666666665,1107.38,0,11.123000000000001,623.7372232942025,6485.851304349222,58.07478713989258,2003_1,4.595175763612323
2003-01-30,2003,1,1,20,58.32,1059.45,0,10.990833333333335,616.6144150567125,6466.062015877524,110.01478576660156,2003_1,5.170186030764296
2003-01-31,2003,1,1,20,57.867000000000004,1058.5,0,10.975,617.1631557373415,6415.613272148805,105.92343139648438,2003_1,5.455050278597712
2003-01-31,2003,1,1,20,57.89200000000001,1110.87,0,11.181166666666664,629.3014097161148,6418.771400462529,65.6634292602539,2003_1,5.332937534001628
2003-02-03,2003,1,2,20,57.55949999999999,1137.1,0,11.618333333333332,656.6404389099486,6382.6910679241155,40.97043228149414,2003_2,3.2059377710990486
2003-02-03,2003,1,2,21,57.3985,1119.47,0.16880733944954127,11.3245,639.6796133974201,6364.133994016423,37.367637634277344,2003_2,3.7077356033190183
2003-02-03,2003,1,2,21,57.339000000000006,1135,0,11.583333333333334,655.4803254010965,6358.074525494807,68.483123779296875,2003_2,3.3777169158498106
2003-02-04,2003,1,2,20,57.74166666666667,1008.03,0,10.133833333333333,567.5000781885316,6400.514522592619,71.65608215332031,2003_2,4.9679545491918
2003-02-04,2003,1,2,20,57.83383333333333,1034.21,0,10.570166666666667,593.2358074545747,6411.2921098320385,104.00995635986328,2003_2,4.666203361502898
2003-02-04,2003,1,2,20,58.07816666666666,1043.95,0,10.7325,602.1765896355319,6438.724085592473,221.1450653076172,2003_2,4.408963034599182
2003-02-04,2003,1,2,20,58.326833333333326,1050.63,0,10.843833333333334,607.9843369012883,6466.577392990405,149.0150604248047,2003_2,4.180656602077077
2003-02-05,2003,1,2,21,56.799166666666665,1150.34,0.205607476635514,11.838999999999999,673.3627811807733,6298.625546560981,36.4061393737793,2003_2,3.080702383317225
2003-02-05,2003,1,2,21,56.61866666666666,1149.62,0,11.826999999999998,673.4591552076135,6278.513458675524,34.36613845825195,2003_2,3.025843696713056
2003-02-05,2003,1,2,21,56.476666666666674,1105.76,0,11.096,629.0982139533053,6261.102268957938,17.072755813598633,2003_2,3.315060733688017
2003-02-05,2003,1,2,21,56.25450000000001,1058.34,0,10.972333333333331,622.1913071143783,6236.1544038111315,16.50118637084961,2003_2,3.1200223555156494
2003-02-06,2003,1,2,21,56.929500000000004,1141.14,0,11.685666666666668,663.4327344456213,6312.749007690512,33.636138916015625,2003_2,3.2280161878244513
2003-02-06,2003,1,2,21,57.15833333333333,1127.05,0,11.450833333333332,648.2314636413604,6337.675325233134,62.637638092041016,2003_2,3.438836359733869
2003-02-06,2003,1,2,21,57.20216666666667,1139.69,0,11.6615,660.7788607307773,6343.030391918085,48.363121032714844,2003_2,3.38916340842972
2003-02-06,2003,1,2,21,57.12866666666667,1150.64,0.16822429906542055,11.844000000000001,672.1412529162254,6335.2980856898075,55.16312026977539,2003_2,3.206443659289527
2003-02-07,2003,1,2,20,58.2575,1109.99,0,11.166500000000001,627.1259770015284,6459.423363681462,64.59478759765625,2003_2,3.6446308470135946
2003-02-07,2003,1,2,20,58.08516666666666,1104,0,11.066666666666666,621.8572063567501,6440.057894732168,115.44478607177734,2003_2,4.156896660710601
2003-02-10,2003,1,2,20,57.66983333333333,1057.91,0,10.965166666666669,617.2168499354756,6393.651475818457,32.47343063354492,2003_2,4.272375336517428
2003-02-10,2003,1,2,21,57.463833333333334,1052.29,0,10.8715,612.2630785340712,6370.565533051896,26.84459686279297,2003_2,4.039271360757396
2003-02-11,2003,1,2,21,56.35,1154.99,0,11.916500000000001,680.2184235687062,6248.854300685498,30.70829963684082,2003_2,3.023904010821963
2003-02-11,2003,1,2,21,56.37199999999999,1215.54,0,12.258999999999999,701.2580625707835,6252.2514467255,32.72195816040039,2003_2,2.9175042701812126
2003-02-11,2003,1,2,21,56.340500000000006,1236.38,0,12.606333333333335,722.8808562553711,6249.818836226273,23.126773834228516,2003_2,2.767305917487282
2003-02-12,2003,1,2,21,56.560500000000005,1236.35,0,12.605833333333331,721.5649214620082,6274.28552905553,22.206270217895508,2003_2,2.7022225896089163
2003-02-12,2003,1,2,21,56.8175,1212.84,0,12.213999999999999,696.1571594091814,6301.677659215232,40.15486145019531,2003_2,2.7807674337622257
2003-02-12,2003,1,2,21,56.873666666666665,1217.57,0,12.292833333333332,700.665475741455,6308.154363012744,30.754863739013672,2003_2,2.695676514335707
2003-02-12,2003,1,2,21,57.01566666666666,1212.53,0,12.208833333333333,694.8064261453379,6323.707566042651,37.878231048583984,2003_2,2.6983975994909124
2003-02-12,2003,1,2,21,57.19383333333334,1203.41,0,12.056833333333335,684.6934526216281,6343.105512555046,41.398231506347656,2003_2,2.822901617226196
2003-09-01,2003,3,9,20,58.25316666666666,1109.98,0,11.166333333333334,627.1317146744796,6458.94074011565,64.59478759765625,2003_9,15.616756185658712
2003-09-01,2003,3,9,20,58.08416666666667,1104.06,0,11.067666666666666,621.919569170121,6439.948398285884,115.44478607177734,2003_9,15.353702207958598
2003-09-02,2003,3,9,20,57.773333333333326,845.32,0,8.755333333333335,485.4466937364381,6403.5013962193625,249.2132568359375,2003_9,15.136470394416772
2003-09-02,2003,3,9,20,57.63366666666668,848.71,0,8.811833333333334,488.76426647235866,6387.94190251914,94.27642059326172,2003_9,15.067420778430732
2003-09-02,2003,3,9,20,57.52833333333333,838.86,0,8.647666666666668,478.90078035233654,6376.254744474841,78.64325714111328,2003_9,15.133533961826659
2003-09-02,2003,3,9,20,57.45316666666666,831.82,0,8.530333333333335,471.81657369040676,6367.929525539805,47.39841842651367,2003_9,15.191748372463154
2003-09-02,2003,3,9,20,57.41483333333334,832.93,0,8.548833333333333,472.89837904336866,6363.654676583312,30.22842025756836,2003_9,15.2835878288322
2003-09-03,2003,3,9,20,58.07600000000001,949.15,0,9.819166666666666,548.3169351044844,6437.464689135466,310.95904541015625,2003_9,15.133287326211057
2003-09-03,2003,3,9,20,58.02183333333334,950.59,0,9.843166666666667,549.8077867272187,6431.451816750402,194.83905029296875,2003_9,15.199363021671685
2003-09-03,2003,3,9,20,57.978500000000004,952.42,0,9.873666666666667,551.6718196202902,6426.65052618217,95.15806579589844,2003_9,15.199363021671685
2003-09-03,2003,3,9,20,57.898333333333326,954.39,0,9.9065,553.73330670792825,6417.751475041459,60.15608215332031,2003_9,15.268173962923669
2003-09-03,2003,3,9,20,57.760000000000005,947.87,0,9.797833333333333,547.4737506746394,6402.270301419536,36.61806869506836,2003_9,15.396453467073362
2003-09-03,2003,3,9,20,57.73866666666666,1006.86,0,10.114333333333333,566.344748576477,6400.161302787565,71.65608215332031,2003_9,15.580945541621242
2003-09-04,2003,3,9,20,58.661833333333334,1049.43,0,10.823833333333335,605.80081431740075,6503.836404153115,81.1828842163086,2003_9,15.612404192719646
2003-09-04,2003,3,9,20,58.59466666666667,1054.29,0,10.904833333333332,610.711165374992,6496.490296292006,75.29288482666016,2003_9,15.665955757901706
2003-09-04,2003,3,9,20,58.539,1050.72,0,10.845333333333334,607.4238568172285,6490.197051815765,103.94506072998047,2003_9,15.488581494441501
2003-09-04,2003,3,9,20,58.492000000000004,1107.67,0,11.127833333333335,624.0317996861796,6485.452090882204,58.07478713989258,2003_9,15.91429546060866
2003-09-04,2003,3,9,20,58.32133333333333,1059.78,0,10.996333333333332,616.9321206004827,6466.219968610535,94.85478973388672,2003_9,15.42360920248784
2003-09-05,2003,3,9,20,57.86683333333334,1058.52,0.30257186081694404,10.975333333333333,617.1834684989811,6415.595299200396,105.92343139648438,2003_9,15.467791038345261
2003-09-05,2003,3,9,20,57.88700000000001,1111.28,0,11.187999999999999,629.7244186617835,6418.228007554255,65.6634292602539,2003_9,15.438127240327264
2003-09-08,2003,3,9,20,57.66616666666667,1121.79,0,11.363166666666666,640.9654222307701,6394.001303484093,80.20343017578125,2003_9,15.769450017439954
2003-09-08,2003,3,9,20,57.651333333333334,1059.81,0.5048543689320388,10.996833333333333,619.166009690688,6391.647654151231,34.5034294128418,2003_9,15.696605587218878
2003-09-08,2003,3,9,21,57.46566666666666,1052.45,0.043697478991596636,10.874166666666667,612.4173871682779,6370.773989337539,26.84459686279297,2003_9,15.838384690759785
2003-09-09,2003,3,9,20,58.341833333333334,1050.79,0,10.846499999999999,608.0946712804925,6468.251369727971,129.90505981445312,2003_9,15.326519985948991
2003-09-09,2003,3,9,20,58.096166666666676,1043.64,0,10.727333333333336,601.8206289129668,6440.719897472717,221.1450653076172,2003_9,15.24729735147264
2003-09-09,2003,3,9,20,57.831500000000005,1033.79,0,10.563166666666666,592.8261950483142,6411.022758971214,104.00995635986328,2003_9,15.47665320471743
2003-09-09,2003,3,9,20,57.80683333333333,1058.66,0,10.977666666666668,617.5170752975116,6408.921253484404,65.53343200683594,2003_9,15.467791038345261
2003-09-10,2003,3,9,21,56.21433333333333,1057.79,29.880952380952383,10.963166666666666,621.7508555013873,6231.668572192036,20.16118621826172,2003_9,15.902565163800636
2003-09-10,2003,3,9,21,56.45100000000001,1105.12,108.79545454545453,11.085333333333331,628.5280241392295,6258.226168741499,18.342756271362305,2003_9,15.90591624582421
2003-09-10,2003,3,9,21,56.352666666666664,1155.45,0.2777777777777778,11.924166666666668,680.6793943684826,6249.1710724155955,30.70829963684082,2003_9,15.83167439908033
2003-09-10,2003,3,9,21,56.59083333333333,1149.48,1.464354527938343,11.824666666666667,673.4435917723933,6275.4109640050165,30.776138305664062,2003_9,15.811380014773212
2003-09-11,2003,3,9,21,56.37083333333333,1215.84,0.1168032786885246,12.264,701.5728684388963,6252.136318381031,32.72195816040039,2003_9,15.886731878284738
2003-09-11,2003,3,9,21,56.339666666666666,1236.47,0,12.607833333333334,722.9783769085537,6249.731016022389,23.126773834228516,2003_9,15.968541082555138
2003-09-11,2003,3,9,21,56.549166666666665,1234.3,0.18693693693693694,12.571666666666665,719.5322340291713,6272.915190225903,25.18486213684082,2003_9,15.932301310588755
2003-09-11,2003,3,9,21,56.81433333333333,1212.63,0.22346368715083798,12.210500000000001,695.9601739110112,6301.315363581935,40.15486145019531,2003_9,15.866101884814352
2003-09-11,2003,3,9,21,56.87666666666667,1217.36,0.33402922755741127,12.289333333333332,700.436217347348,6308.477813601308,30.754863739013672,2003_9,15.955378198928678
2003-09-12,2003,3,9,21,57.15666666666666,1127.15,0,11.452500000000002,648.3389154559017,6337.4934902024515,62.637638092041016,2003_9,15.87159702853818
2003-09-12,2003,3,9,21,57.31616666666667,1134.78,0,11.579666666666666,655.3560649870768,6355.52539222151,68.483123779296875,2003_9,15.844238925194619
2003-09-15,2003,3,9,20,57.561499999999995,1137.25,0,11.620833333333334,656.7813583460211,6382.919392940874,40.97043228149414,2003_9,15.92055197797315
2003-09-15,2003,3,9,21,57.39750000000001,1119.36,12.64367816091954,11.322666666666665,639.5732759105255,6364.018944990669,37.367637634277344,2003_9,15.819203525739447
2003-09-16,2003,3,9,21,57.207499999999996,1139.88,0,11.664666666666669,660.94688242781,6343.631305034322,48.363121032714844,2003_9,15.907697050371342
2003-09-16,2003,3,9,21,57.13233333333333,1150.7,0.21476510067114096,11.845,672.1847322847897,6335.708568778501,55.16312026977539,2003_9,15.895655557114313
2003-09-16,2003,3,9,21,56.948,1140.04,0,11.667333333333334,662.2370412236776,6314.7637254996425,33.26312255859375,2003_9,15.8269775781759
2003-09-16,2003,3,9,21,56.79933333333334,1150.21,2.71304347826087,11.836833333333335,673.2297487184563,6298.638603203807,36.4061393737793,2003_9,15.831197291231398
2003-09-17,2003,3,9,21,57.01566666666666,1212.46,0,12.207666666666666,694.7356286513251,6323.70423724814,37.878231048583984,2003_9,15.89909621944187
2003-09-17,2003,3,9,21,57.19200000000001,1203.43,1.3243537414965987,12.057166666666667,684.7227405915263,6342.902451781245,41.398231506347656,2003_9,15.95466823413985
2004-01-26,2004,1,1,20,57.672333333333334,1122.24,0,11.370666666666667,641.3886894803492,6394.7031912046095,80.20343017578125,2004_1,4.898899794599246
2004-01-26,2004,1,1,21,57.46516666666666,1052.17,0,10.8695,612.1390416445353,6370.710628663235,26.84459686279297,2004_1,4.981936106892146
2004-01-27,2004,1,1,21,56.21266666666667,1057.86,0,10.964333333333332,621.8284851358804,6231.48517336463,20.16118621826172,2004_1,4.137138775173374
2004-01-27,2004,1,1,21,56.44616666666668,1105.15,0,11.085833333333335,628.5751608203659,6257.689266291541,18.342756271362305,2004_1,4.247218394471359
2004-01-27,2004,1,1,21,56.593833333333336,1149.17,0,11.819500000000001,673.1127210230643,6275.731678463919,37.55613708496094,2004_1,4.167540402162096
2004-01-27,2004,1,1,21,56.79083333333333,1152.47,0.3244274809160305,11.874500000000001,675.5688068220815,6297.78890296628,36.4061393737793,2004_1,4.201083809384937
2004-01-28,2004,1,1,21,56.3695,1215.85,0,12.264166666666664,701.5901997584289,6251.988494737198,32.72195816040039,2004_1,3.987230003583007
2004-01-28,2004,1,1,21,56.347833333333334,1157.88,0,11.964666666666668,683.2041461266228,6248.740494750438,31.678298950195312,2004_1,4.108583211756944
2004-01-29,2004,1,1,21,56.346000000000004,1234.91,0,12.581833333333334,721.3355842253897,6250.351422335927,23.126773834228516,2004_1,3.759472392057062
2004-01-29,2004,1,1,21,56.56133333333334,1236.4,0,12.606666666666667,721.6112250644569,6274.380904607423,22.206270217895508,2004_1,3.7197669141847043
2004-01-29,2004,1,1,21,56.81883333333334,1212.93,0.15461847389558234,12.2155,696.2416949804243,6301.83028324763,40.15486145019531,2004_1,3.8150394737977593
2004-01-29,2004,1,1,21,56.8855,1216.65,0,12.277500000000002,699.6683398113721,6309.42580214249,30.754863739013672,2004_1,3.7419940929554603
2004-01-29,2004,1,1,21,57.0195,1212.3,0.12753036437246965,12.205,694.5537751143391,6324.12307109208,37.878231048583984,2004_1,3.8082545817035793
2004-01-30,2004,1,1,21,57.184666666666665,1203.81,0,12.0635,685.1419658323853,6342.103785586714,41.398231506347656,2004_1,3.7766725869208724
2004-02-02,2004,1,2,20,57.870666666666665,1112.81,0,11.2135,631.2954711398463,6416.459391559586,82.71343231201172,2004_2,3.8503806082129675
2004-02-02,2004,1,2,20,57.87950000000001,1100.32,0,11.005333333333333,618.9210527106409,6417.0574796488945,81.28343200683594,2004_2,4.30743446636531
2004-02-02,2004,1,2,20,57.81983333333333,1102.33,0,11.038833333333333,621.1074806115269,6410.475979944828,53.77342987060547,2004_2,4.3187992676422216
2004-02-03,2004,1,2,20,58.66116666666667,1049.56,0,10.825999999999999,605.9285041921185,6503.765611535779,81.1828842163086,2004_2,3.612013662026501
2004-02-03,2004,1,2,20,58.59066666666666,1054.19,0,10.903166666666667,610.6269407406755,6496.042286510035,75.29288482666016,2004_2,3.645738104363438
2004-02-03,2004,1,2,20,58.53616666666667,1050.71,0,10.845166666666668,607.422822866524,6489.881389150376,103.94506072998047,2004_2,3.8189714106569523
2004-02-03,2004,1,2,20,58.4935,1107.38,0,11.123000000000001,623.7448455249362,6485.6101389562245,58.07478713989258,2004_2,3.3813584013302824
2004-02-03,2004,1,2,20,58.3555,1050.77,0,10.846166666666667,608.0334192712279,6469.772115772459,129.90505981445312,2004_2,3.980716878130939
2004-02-04,2004,1,2,21,56.92466666666666,1141.52,0,11.692,663.8392154192443,6312.226393354147,33.636138916015625,2004_2,2.9241393186476503
2004-02-04,2004,1,2,21,57.10533333333333,1150.07,0.32258064516129026,11.834499999999998,671.6743748722158,6332.678039907744,55.16312026977539,2004_2,2.905327853421794
2004-02-04,2004,1,2,21,57.188500000000005,1139.51,0,11.6585,660.6570362266052,6341.502635454838,48.363121032714844,2004_2,3.060422988767792
2004-02-04,2004,1,2,21,57.157999999999994,1127.03,0,11.4505,648.2126416783582,6337.637508393217,62.637638092041016,2004_2,3.064484381964299
2004-02-04,2004,1,2,21,57.344500000000004,1134.64,0,11.577333333333335,655.0961183511865,6358.672837916446,68.483123779296875,2004_2,3.006594126851628
2004-02-05,2004,1,2,20,58.3195,1059.7,0,10.995000000000001,616.8600859789008,6466.013587612888,94.85478973388672,2004_2,3.8299786409255914
2004-02-05,2004,1,2,20,58.25316666666666,1109.91,0,11.165166666666668,627.0632631488994,6458.93853876231,64.59478759765625,2004_2,3.4833453648834274
2004-02-05,2004,1,2,20,58.08016666666667,1104.13,0,11.068833333333336,622.0019993223797,6439.5052964113665,115.44478607177734,2004_2,3.995426398251277
2004-02-05,2004,1,2,20,58.091833333333334,1043.89,0,10.731500000000002,602.0785856341043,6440.243838721752,221.1450653076172,2004_2,4.254633424867471
2004-02-06,2004,1,2,20,57.67183333333334,1057.71,0,10.961833333333335,617.0116159978367,6393.868315885297,32.47343063354492,2004_2,4.041425124056925
2004-02-09,2004,1,2,20,57.55583333333334,1136.77,0,11.612833333333333,656.3272146493008,6382.270373650316,56.90043258666992,2004_2,2.8179125807055723
2004-02-09,2004,1,2,21,57.402166666666666,1119.32,0,11.322,639.5154835311372,6364.536902628857,37.367637634277344,2004_2,3.383625719313302
2004-02-10,2004,1,2,20,57.425666666666665,835.2,0,8.586666666666668,475.1783445032109,6364.846214107073,27.758419036865234,2004_2,5.0617712896798635
2004-02-10,2004,1,2,20,57.45616666666667,835.21,0.26890756302521013,8.586833333333335,475.20898958985345,6368.241473773999,42.13842010498047,2004_2,5.0617712896798635
2004-02-10,2004,1,2,20,57.52683333333333,836.67,0,8.611166666666666,476.7140624554826,6376.099686180059,90.92325592041016,2004_2,5.153972679889297
2004-02-10,2004,1,2,20,57.61833333333334,847.08,0,8.784666666666668,487.1366860051855,6386.239726114562,94.27642059326172,2004_2,5.051169890590964
2004-02-10,2004,1,2,20,57.764,844.59,0,8.743166666666667,484.7190559531211,6402.465009219117,249.2132568359375,2004_2,4.360367676981314
2004-02-11,2004,1,2,20,58.06616666666667,947.54,0,9.792333333333334,546.7471182300304,6436.351055537895,362.58905029296875,2004_2,4.2220707727018
2004-02-11,2004,1,2,20,58.02283333333333,951.24,0,9.854000000000001,550.4463082314695,6431.571184880017,194.83905029296875,2004_2,4.380371024839411
2004-02-11,2004,1,2,20,57.980999999999995,952.66,0,9.877666666666666,551.9047710931196,6426.9319094002185,95.15806579589844,2004_2,4.397037645867851
2004-02-11,2004,1,2,20,57.89666666666667,953.55,0,9.8925,552.9059265839791,6417.554895940356,60.15608215332031,2004_2,4.596102632940477
2004-02-11,2004,1,2,20,57.7565,947.11,0,9.785166666666667,546.7245785511957,6401.871859294698,36.61806869506836,2004_2,4.873530758732958
2004-02-12,2004,1,2,20,57.74416666666666,1008.94,0,10.149000000000001,568.3982178218113,6400.808032068109,71.65608215332031,2004_2,4.6151703080548705
2004-02-12,2004,1,2,20,57.833999999999996,1034.81,0,10.580166666666665,593.8291048842815,6411.324482627669,104.51995849609375,2004_2,4.513228964192776
2004-08-30,2004,3,8,20,57.67383333333334,1122.09,0,11.368166666666665,641.2337900340896,6394.864909153748,80.20343017578125,2004_8,19.10836399909866
2004-08-30,2004,3,8,20,57.67516666666667,1057.91,0.26318922305764414,10.965166666666669,617.1996392584855,6394.245072074363,32.47343063354492,2004_8,18.573162234783425
2004-08-30,2004,3,8,21,57.470333333333336,1052.67,0.19572953736654802,10.877833333333335,612.6229333135241,6371.29945470053,26.84459686279297,2004_8,18.863942873277725
2004-08-31,2004,3,8,20,57.77916666666667,846.31,0,8.771833333333332,486.4303351840586,6404.147388165071,428.3232421875,2004_8,17.512564332826056
2004-08-31,2004,3,8,20,57.63866666666666,849.49,0,8.824833333333334,489.54195367753266,6388.49645586779,94.27642059326172,2004_8,17.303257000270897
2004-08-31,2004,3,8,20,57.527,839.52,0,8.658666666666667,479.55875780167275,6376.102948471566,78.64325714111328,2004_8,17.200283003908346
2004-08-31,2004,3,8,20,57.45783333333334,835.87,0,8.597833333333334,475.87010971831955,6368.423052173313,42.13842010498047,2004_8,17.268708849829213
2004-08-31,2004,3,8,20,57.42733333333334,835.46,0,8.591000000000001,475.43968579092643,6365.030176662616,27.758419036865234,2004_8,17.268708849829213
2004-09-01,2004,3,9,20,57.74033333333333,1006.78,0,10.113,566.2623212955259,6400.345530359352,71.65608215332031,2004_9,16.042936554663196
2004-09-01,2004,3,9,20,57.74166666666667,944.59,0,9.743166666666667,544.2433727028313,6400.192348611472,33.20806884765625,2004_9,15.823757906348911
2004-09-01,2004,3,9,20,57.88066666666667,949.58,0,9.826333333333334,549.0055594002831,6415.723839696767,63.308067321777344,2004_9,15.715529828692349
2004-09-01,2004,3,9,20,57.96616666666667,949.81,0,9.830166666666665,549.1160197123965,6425.245052363675,95.15806579589844,2004_9,15.664746927425275
2004-09-01,2004,3,9,20,58.011833333333335,949.67,0,9.827833333333333,548.9156839565425,6430.327329434998,194.83905029296875,2004_9,15.664746927425275
2004-09-01,2004,3,9,20,58.066333333333326,947.11,0,9.785166666666667,546.3240857515214,6436.364670449656,362.58905029296875,2004_9,15.573267239150988
2004-09-02,2004,3,9,20,58.66583333333333,1049.37,0,10.822833333333332,605.7307092968404,6504.280102619715,81.1828842163086,2004_9,16.218033137941454
2004-09-02,2004,3,9,20,58.59166666666667,1054.14,0,10.902333333333335,610.5753535186554,6496.152228748378,75.29288482666016,2004_9,16.213272788255324
2004-09-02,2004,3,9,20,58.50966666666667,1050.24,0,10.837333333333333,607.0475525331935,6486.919005387096,103.94506072998047,2004_9,16.03420176493763
2004-09-02,2004,3,9,20,58.49316666666667,1107.62,0,11.126999999999999,623.9791227323689,6485.5804108914535,58.07478713989258,2004_9,16.52381525822669
2004-09-02,2004,3,9,20,58.356833333333334,1050.84,0,10.847333333333331,608.0976040316638,6469.922407261403,129.90505981445312,2004_9,15.874292902428298
2004-09-02,2004,3,9,20,58.30016666666667,1058.38,0,10.973000000000003,615.6347130352161,6463.823631257918,110.01478576660156,2004_9,16.02854140907857
2004-09-03,2004,3,9,21,57.31033333333333,1134.59,0,11.5765,655.1899945017001,6354.869068450649,68.483123779296875,2004_9,16.708605125056053
2004-09-03,2004,3,9,21,57.376000000000005,1119.15,9.632224168126095,11.319166666666668,639.4446232684425,6361.619158677024,37.367637634277344,2004_9,16.605482360706826
2004-09-06,2004,3,9,20,57.86933333333333,1112.73,0,11.212166666666667,631.2212548251163,6416.308411112779,82.71343231201172,2004_9,16.24197388326747
2004-09-06,2004,3,9,20,57.87800000000001,1100.31,0,11.005166666666666,618.9161211521432,6416.8902345930555,81.28343200683594,2004_9,16.0164877848252
2004-09-06,2004,3,9,20,57.82083333333333,1102.37,0,11.039499999999999,621.1437190057042,6410.588472522706,53.77342987060547,2004_9,16.096803041532542
2004-09-07,2004,3,9,20,57.8305,1035.88,0,10.598000000000003,594.8971167980413,6410.9597575893595,104.51995849609375,2004_9,16.070403771152087
2004-09-07,2004,3,9,20,58.075,1044.22,0,10.737,602.4510203120923,6438.3784192095845,221.1450653076172,2004_9,15.84403289491817
2004-09-07,2004,3,9,20,58.25716666666667,1109.92,0,11.165333333333335,627.0587267946289,6459.384061610153,64.59478759765625,2004_9,16.237576074264542
2004-09-07,2004,3,9,20,58.08183333333333,1104.18,0,11.069666666666668,622.0454425798076,6439.692307403685,115.44478607177734,2004_9,15.976403691265958
2004-09-08,2004,3,9,21,56.20316666666666,1057.46,11.255696202531645,10.957666666666666,621.4451073825799,6230.416284254867,20.16118621826172,2004_9,16.803887631436275
2004-09-08,2004,3,9,21,56.4535,1105.07,98.59649122807018,11.084499999999998,628.4682322099532,6258.502802768522,17.072755813598633,2004_9,16.809920629639954
2004-09-08,2004,3,9,21,56.61833333333334,1149.65,14.079422382671478,11.827500000000002,673.4913538313439,6278.477638401871,34.36613845825195,2004_9,16.75768413344987
2004-09-08,2004,3,9,21,56.35383333333333,1154.71,18.816067653276956,11.911833333333334,679.9120963639233,6249.268536389176,30.70829963684082,2004_9,16.79926562181006
2004-09-09,2004,3,9,21,56.36633333333332,1215.76,0.7081545064377682,12.262666666666666,701.5143194293233,6251.6318569408495,32.72195816040039,2004_9,16.86916629814143
2004-09-09,2004,3,9,21,56.33783333333334,1236.32,0,12.605333333333332,722.8346390750796,6249.519013784731,23.126773834228516,2004_9,16.964527720177387
2004-09-10,2004,3,9,21,57.182333333333325,1203.94,4.7973033707865165,12.065666666666667,685.2845404401389,6341.850084966392,41.398231506347656,2004_9,16.893865833688057
2004-09-13,2004,3,9,20,57.56366666666666,1137.58,0,11.626333333333331,657.1009433792168,6383.173210425343,40.97043228149414,2004_9,16.874388105884464
2004-09-13,2004,3,9,21,57.181333333333335,1126.67,0.03656597774244833,11.444500000000001,647.7566968092766,6340.220934176366,62.637638092041016,2004_9,16.733378231923453
2004-09-13,2004,3,9,21,57.21016666666666,1139.9,0,11.665000000000001,660.9553994687633,6343.928810668881,48.363121032714844,2004_9,16.791293513841286
2004-09-14,2004,3,9,21,56.55616666666666,1235.92,0.1244343891402715,12.598666666666668,721.1500776501315,6273.780448986818,22.206270217895508,2004_9,16.917256686969463
2004-09-14,2004,3,9,21,56.78583333333333,1153.01,8.041431261770244,11.8835,676.1417659685015,6297.255749129272,36.4061393737793,2004_9,16.78219986476115
2004-09-14,2004,3,9,21,56.84483333333333,1214.92,0.9479553903345724,12.248666666666669,698.1275689136328,6304.818161734283,37.66486358642578,2004_9,16.82193048901781
2004-09-14,2004,3,9,21,56.879666666666665,1217.19,3.9308855291576674,12.2865,700.2475945812872,6308.803228678031,30.754863739013672,2004_9,16.907440213886165
2004-09-15,2004,3,9,21,57.04983333333333,1211.9,2.0297951582867784,12.198333333333334,693.9910549433816,6327.47852714857,37.878231048583984,2004_9,16.88197456339159
2004-09-15,2004,3,9,21,56.92666666666667,1141.46,0.3464566929133858,11.691,663.7696075994286,6312.446525315726,33.636138916015625,2004_9,16.746192567907492
2004-09-15,2004,3,9,21,57.10333333333333,1149.76,0.26946107784431134,11.829333333333333,671.3707889958471,6332.442523632712,55.16312026977539,2004_9,16.819982397459984
2005-01-26,2005,1,1,20,57.67516666666667,1121.75,0,11.3625,640.8907478455484,6395.001498421953,80.20343017578125,2005_1,5.123143351010022
2005-01-26,2005,1,1,20,57.80183333333333,1057.74,0,10.962333333333333,616.622226676893,6408.338229066746,65.53343200683594,2005_1,5.752637759420164
2005-01-26,2005,1,1,20,57.85850000000001,1057.4,0,10.956666666666669,616.1031184346004,6414.635594338205,105.92343139648438,2005_1,5.788652564544013
2005-01-27,2005,1,1,20,58.05166666666667,945.09,0,9.7515,544.3560107038151,6434.709225665296,218.37905883789062,2005_1,5.966908763199149
2005-01-27,2005,1,1,20,58.01283333333334,949.71,0,9.8285,548.953709814827,6430.439140599157,194.83905029296875,2005_1,6.153585003194475
2005-01-27,2005,1,1,20,57.96283333333334,949.42,0,9.823666666666666,548.7359876651809,6424.8692555702655,95.15806579589844,2005_1,6.153585003194475
2005-01-27,2005,1,1,20,57.88083333333334,949.84,0,9.830666666666668,549.2623113663549,6415.745541424709,63.308067321777344,2005_1,6.3670207313904434
2005-01-27,2005,1,1,20,57.76116666666667,948.38,0,9.806333333333333,547.9779686970355,6402.406168530728,36.61806869506836,2005_1,6.528252498992367
2005-01-28,2005,1,1,20,57.76216666666666,844.41,0,8.740166666666665,484.53978102679537,6402.261587846079,249.2132568359375,2005_1,6.197534369978664
2005-01-28,2005,1,1,20,57.611666666666665,845.68,0,8.761333333333333,485.740220999452,6385.502217189117,108.2332534790039,2005_1,6.796460373586953
2005-01-28,2005,1,1,20,57.52833333333333,839.77,0,8.662833333333333,479.8090203726139,6376.250133917105,78.64325714111328,2005_1,6.804925264218713
2005-01-31,2005,1,1,20,57.45433333333334,831.31,0.8468468468468467,8.521833333333332,471.30743030868587,6368.0629573724555,47.39841842651367,2005_1,6.849676820573343
2005-01-31,2005,1,1,20,57.41316666666667,832.11,0.2868068833652007,8.535166666666667,472.07616032329287,6363.474670780846,30.22842025756836,2005_1,6.849676820573343
2005-02-07,2005,1,2,20,57.567666666666675,1137.89,0,11.6315,657.3926427189494,6383.630285732934,40.97043228149414,2005_2,3.0750999975889335
2005-02-07,2005,1,2,21,57.405,1119.52,0,11.325333333333333,639.7049312054472,6364.859052716738,37.367637634277344,2005_2,3.685790893290663
2005-02-07,2005,1,2,21,57.186499999999995,1126.63,0,11.443833333333336,647.695788955669,6340.794419460972,62.637638092041016,2005_2,3.479034679663948
2005-02-08,2005,1,2,21,56.2095,1057.93,0,10.9655,621.9108815037407,6231.13486167765,20.16118621826172,2005_2,3.2473122600687034
2005-02-08,2005,1,2,21,56.45466666666666,1105.16,0.10199556541019955,11.086000000000002,628.556720637337,6258.635430589975,17.072755813598633,2005_2,3.3145330924086407
2005-02-08,2005,1,2,21,56.35333333333333,1154.55,0,11.909166666666666,679.7497401463011,6249.205941005895,30.70829963684082,2005_2,3.2050658577688385
2005-02-08,2005,1,2,21,56.36233333333333,1215.81,0,12.263499999999999,701.5868905647897,6251.189362706907,32.72195816040039,2005_2,3.1158130336913956
2005-02-09,2005,1,2,21,56.339000000000006,1236.24,0,12.604000000000001,722.7454695227749,6249.64444986654,23.126773834228516,2005_2,2.981807212716508
2005-02-10,2005,1,2,21,56.56033333333333,1236.35,0.270935960591133,12.605833333333331,721.5658962319379,6274.26699225443,22.206270217895508,2005_2,2.905993588430248
2005-02-10,2005,1,2,21,56.58933333333333,1149.3,0,11.821666666666665,673.2663068136908,6275.236501173617,30.776138305664062,2005_2,3.1916633329388246
2005-02-10,2005,1,2,21,56.788,1152.76,0,11.879333333333333,675.877182864873,6297.4860878694135,36.4061393737793,2005_2,3.181427422636508
2005-02-10,2005,1,2,21,56.92183333333334,1141.77,0.734375,11.696166666666667,664.1051691908111,6311.921141075655,33.636138916015625,2005_2,3.35304799225394
2005-02-11,2005,1,2,21,56.806,1211.81,0,12.196833333333332,695.1696761713301,6300.349283177924,40.15486145019531,2005_2,3.0424709956230203
2005-02-11,2005,1,2,21,56.868833333333335,1217.92,0,12.298666666666668,701.0467523472305,6307.633845108848,37.66486358642578,2005_2,2.8681723835121153
2005-02-11,2005,1,2,21,57.017500000000005,1212.44,0,12.207333333333334,694.7058140816752,6323.9072347674,37.878231048583984,2005_2,2.9670300905553293
2005-02-11,2005,1,2,21,57.101833333333325,1149.94,0,11.832333333333334,671.5593690466428,6332.283173307533,55.16312026977539,2005_2,3.33481356906102
2005-02-11,2005,1,2,21,57.184,1203.76,0.22474226804123712,12.062666666666667,685.0949584118191,6342.027352889504,41.398231506347656,2005_2,2.952537374030156
2005-02-14,2005,1,2,21,57.33916666666667,1134.88,0,11.581333333333335,655.3592836607436,6358.088502044077,68.483123779296875,2005_2,3.421226452191598
2005-02-14,2005,1,2,21,57.20433333333334,1139.71,0,11.661833333333334,660.7895694658012,6343.272262122174,48.363121032714844,2005_2,3.4885834145608996
2005-02-15,2005,1,2,20,58.663666666666664,1049.48,0,10.824666666666667,605.8435954750388,6504.041803491363,81.1828842163086,2005_2,3.4257918330028887
2005-02-15,2005,1,2,20,58.59116666666667,1054.24,0,10.904,610.6737933282534,6496.099318010685,75.29288482666016,2005_2,3.4818342916652028
2005-02-15,2005,1,2,20,58.53033333333333,1050.73,0,10.8455,607.4600718229322,6489.232577952239,103.94506072998047,2005_2,3.6570845168907185
2005-02-15,2005,1,2,20,58.49333333333334,1107.54,0,11.125666666666666,623.9008341850251,6485.596502415821,58.07478713989258,2005_2,3.028725002290615
2005-02-15,2005,1,2,20,58.35216666666667,1050.82,0,10.847,608.0923624797088,6469.402409560424,129.90505981445312,2005_2,3.8149927534121684
2005-02-16,2005,1,2,20,57.74666666666667,1010.19,0,10.169833333333335,569.6335150182999,6401.107553100268,75.0060806274414,2005_2,4.527954872490015
2005-02-16,2005,1,2,20,57.830000000000005,1032.69,0,10.544833333333335,591.7414253958875,6410.830791466212,104.00995635986328,2005_2,4.38016543300043
2005-02-16,2005,1,2,20,58.06733333333333,1044.48,0,10.741333333333333,602.7285915882738,6437.531615194322,221.1450653076172,2005_2,4.124900446072784
2005-02-16,2005,1,2,20,58.2895,1057.81,0,10.9635,615.1126589342749,6462.620058019851,110.01478576660156,2005_2,3.834070161783158
2005-02-17,2005,1,2,20,58.25166666666667,1110.15,0,11.169166666666667,627.3033315198628,6458.77913828327,64.59478759765625,2005_2,3.390576287124605
2005-02-17,2005,1,2,20,58.08316666666666,1104.09,0,11.068166666666665,621.9524576492307,6439.837999120484,115.44478607177734,2005_2,3.9061936788724667
2005-02-17,2005,1,2,20,57.898333333333326,1110.51,0,11.175166666666666,628.9231204968702,6419.464820674475,65.6634292602539,2005_2,4.077451743547515
2005-02-17,2005,1,2,20,57.676500000000004,1057.33,0,10.955499999999999,616.6189479042549,6394.3767998486055,32.47343063354492,2005_2,4.131046988623558
2005-02-17,2005,1,2,21,57.4645,1052.22,0,10.870333333333333,612.1910630864479,6370.637805193095,26.84459686279297,2005_2,3.9243297163910595
2005-09-05,2005,3,9,20,57.67183333333334,1112.16,0.5663430420711973,11.202666666666667,631.3730203843836,6394.309536004279,44.21342849731445,2005_9,16.30349932891552
2005-09-05,2005,3,9,21,57.46849999999999,1052.6,0.06688417618270799,10.876666666666665,612.5586099019835,6371.0934740973935,26.84459686279297,2005_9,16.396927432390275
2005-09-06,2005,3,9,20,57.46666666666667,805.46,0,8.091000000000001,445.474174885627,6369.699687160051,85.56122589111328,2005_9,15.05732573816921
2005-09-06,2005,3,9,20,57.153000000000006,822.51,2.0347394540942925,8.375166666666667,462.1989150822543,6334.590542780209,25.468420028686523,2005_9,15.921021310412922
2005-09-06,2005,3,9,20,57.282999999999994,828.73,0,8.478833333333334,468.58111983820794,6349.009100955559,23.26841926574707,2005_9,15.768096176414394
2005-09-06,2005,3,9,20,57.41683333333334,833.16,0,8.552666666666665,473.13011043751106,6363.875797917071,30.22842025756836,2005_9,15.337707868771844
2005-09-07,2005,3,9,20,57.52666666666667,836.52,0,8.608666666666666,476.5642398243114,6376.08199218109,90.92325592041016,2005_9,15.125116631876773
2005-09-07,2005,3,9,20,57.50300000000001,851.73,0,8.862166666666667,491.7402117499579,6373.388171241208,51.4664192199707,2005_9,15.376046215645552
2005-09-07,2005,3,9,20,57.37533333333334,902.94,3.5106382978723407,9.049000000000001,502.94661479595067,6359.168595148263,19.18343734741211,2005_9,15.633273197874159
2005-09-07,2005,3,9,20,57.4875,905.26,2.762836185819071,9.087666666666667,505.25573284057634,6371.657657900383,19.293437957763672,2005_9,15.499867345242512
2005-09-07,2005,3,9,20,57.688500000000005,926.99,0,9.449833333333334,526.8196796850831,6394.119735424729,33.04806900024414,2005_9,15.387398124081898
2005-09-08,2005,3,9,20,58.01583333333333,950.24,0,9.837333333333333,549.4714899707753,6430.779560704499,194.83905029296875,2005_9,15.254343038904432
2005-09-08,2005,3,9,20,57.92616666666666,936.59,0,9.609833333333334,536.1206354275674,6420.653001848256,179.3180694580078,2005_9,15.245003904046532
2005-09-08,2005,3,9,20,57.87,933.66,0,9.561,533.2801279299267,6414.3749813526465,115.15806579589844,2005_9,15.313073791201838
2005-09-08,2005,3,9,20,57.745333333333335,945.52,0,9.758666666666667,545.1615492235281,6400.610765437408,36.61806869506836,2005_9,15.416092524439007
2005-09-09,2005,3,9,20,57.7395,1006.99,0,10.1165,566.4722109017804,6400.256192721721,71.65608215332031,2005_9,15.636482704481288
2005-09-09,2005,3,9,20,57.67733333333334,1057.57,0.22522522522522523,10.959499999999998,616.8547721292304,6394.476437975803,32.47343063354492,2005_9,16.29302863923805
2005-09-09,2005,3,9,20,57.59883333333334,1102.8,0.5701754385964912,11.046666666666665,622.3157565357924,6385.893278033902,32.323429107666016,2005_9,16.402507588447524
2005-09-12,2005,3,9,21,57.40333333333333,1119.7,19.82456140350877,11.328333333333335,639.8914816361039,6364.679748167,37.367637634277344,2005_9,16.545202317596967
2005-09-12,2005,3,9,21,57.17816666666666,1126.97,0,11.4495,648.0715114200416,6339.879409401137,62.637638092041016,2005_9,16.753192672423896
2005-09-13,2005,3,9,21,56.21583333333333,1057.8,16.25,10.963333333333333,621.7564346259716,6231.835781052416,20.16118621826172,2005_9,16.762094773334706
2005-09-13,2005,3,9,21,56.620333333333335,1149.81,2.512315270935961,11.830166666666665,673.6457388154247,6278.706897283861,34.36613845825195,2005_9,16.732312083723198
2005-09-13,2005,3,9,21,56.351666666666674,1154.88,23.32089552238806,11.914666666666669,680.0973161928723,6249.034912775317,30.70829963684082,2005_9,16.75816292432982
2005-09-14,2005,3,9,21,56.341833333333334,1235.89,0.7216494845360825,12.598166666666668,722.3686297135434,6249.94069409785,23.126773834228516,2005_9,16.930671227300188
2005-09-14,2005,3,9,21,56.368,1216.06,0.5636363636363636,12.267666666666665,701.814195684158,6251.831909432984,32.72195816040039,2005_9,16.83236186437429
2005-09-15,2005,3,9,21,56.561166666666665,1236.53,2.911392405063291,12.608833333333333,721.7452620183398,6274.3693687516625,22.206270217895508,2005_9,16.89464245159599
2005-09-15,2005,3,9,21,56.78816666666667,1152.77,2.5694444444444446,11.8795,675.8865795464332,6297.5050586849575,36.4061393737793,2005_9,16.784364458424026
2005-09-15,2005,3,9,21,56.9285,1141.37,0,11.689499999999999,663.670317590917,6312.646916765948,33.636138916015625,2005_9,16.75266078772685
2005-09-15,2005,3,9,21,56.81566666666666,1212.83,0.6935483870967741,12.213833333333332,696.1565757942891,6301.4732380407395,40.15486145019531,2005_9,16.820639118870435
2005-09-16,2005,3,9,21,56.872166666666665,1217.88,1.4285714285714286,12.298000000000002,700.9882449793074,6308.002680820935,30.754863739013672,2005_9,16.894845353560655
2005-09-16,2005,3,9,21,57.01916666666666,1212.49,6.106346483704975,12.208166666666667,694.7476636075198,6324.095019632332,37.878231048583984,2005_9,16.94347808541954
2005-09-16,2005,3,9,21,57.19616666666668,1203.45,3.7030075187969924,12.057500000000001,684.7220622060784,6343.366911175015,41.398231506347656,2005_9,16.900911366397075
2005-09-19,2005,3,9,21,57.34116666666667,1135.3,0,11.588333333333333,655.7719940736259,6358.327057508854,68.483123779296875,2005_9,16.727708228534542
2005-09-19,2005,3,9,21,57.21116666666667,1139.87,0.4930662557781202,11.664499999999999,660.9208572806659,6344.038898821962,48.363121032714844,2005_9,16.805061657202103
2005-09-19,2005,3,9,21,57.10850000000001,1150.31,0.078125,11.8385,671.901889200273,6333.040442628954,55.16312026977539,2005_9,16.829519648379335
2005-09-20,2005,3,9,20,58.74833333333333,1006.23,0,10.103833333333334,563.8780995997496,6512.5554027153485,324.99749755859375,2005_9,15.456762496332335
2005-09-20,2005,3,9,20,58.79333333333334,1018.45,0,10.307500000000001,575.5655038226155,6517.777437218214,155.12750244140625,2005_9,15.609947120034027
2005-09-20,2005,3,9,20,58.665166666666664,1049.53,0,10.8255,605.887381587436,6504.210097121609,81.1828842163086,2005_9,15.84648599275242
2005-09-20,2005,3,9,20,58.492000000000004,1107.68,0,11.128000000000002,624.0415126906627,6485.45239857281,58.07478713989258,2005_9,16.296240281080898
2005-09-21,2005,3,9,20,58.432333333333325,1102.5,0,11.041666666666666,619.2119032199657,6478.654792817825,62.5447883605957,2005_9,16.0906999179823
2005-09-21,2005,3,9,20,58.27116666666667,1119.07,0.333941605839416,11.317833333333333,635.9514677587049,6461.2400270211465,29.954788208007812,2005_9,16.434732668077878
2005-09-21,2005,3,9,20,58.33533333333333,1121.3,0,11.354999999999999,637.8810258057954,6468.457174301486,19.084789276123047,2005_9,16.36193366575067
2005-09-21,2005,3,9,20,58.212333333333326,1053.82,0,10.896999999999998,611.4565811110793,6453.918854881481,146.83506774902344,2005_9,15.662474269731923
2005-09-22,2005,3,9,20,58.09866666666667,1043.93,0,10.732166666666668,602.0983554352292,6441.005481646339,221.1450653076172,2005_9,15.594889397944232
2005-09-22,2005,3,9,20,57.808666666666674,1059.41,0.0855148342059337,10.990166666666669,618.2537221674944,6409.147074795271,65.53343200683594,2005_9,15.899003319153927
2005-09-22,2005,3,9,20,57.884499999999996,1111.66,0,11.194333333333335,630.1088662390115,6417.961934997156,65.6634292602539,2005_9,16.03464339117615
2006-01-30,2006,1,1,20,57.67833333333333,1121.53,0,11.358833333333333,640.659867114714,6395.346291603551,80.20343017578125,2006_1,4.598714688004854
2006-01-30,2006,1,1,20,57.65083333333334,1059.49,0.26915887850467285,10.9915,618.849419290348,6391.58264437924,34.5034294128418,2006_1,5.031309781596416
2006-01-31,2006,1,1,20,57.42533333333334,835.2,0.036904761904761905,8.586666666666668,475.1781189168283,6364.809106870451,27.758419036865234,2006_1,6.156039773791884
2006-01-31,2006,1,1,20,57.455666666666666,834.82,0,8.580333333333334,474.8186329227077,6368.188202182615,42.13842010498047,2006_1,6.156039773791884
2006-01-31,2006,1,1,20,57.527,838.61,0,8.6435,478.65048480180326,6376.10761485445,78.64325714111328,2006_1,6.259103317984296
2006-01-31,2006,1,1,20,57.629,848.54,0,8.809,488.5936210797727,6387.4228525376675,94.27642059326172,2006_1,6.078619579697312
2006-02-01,2006,1,2,20,58.05949999999999,946.44,0,9.774000000000001,545.6740026217252,6435.596309465222,362.58905029296875,2006_2,4.566369989196842
2006-02-01,2006,1,2,20,58.0035,948.49,0,9.808166666666667,547.7647373967075,6429.385520798061,218.37905883789062,2006_2,4.764659457675102
2006-02-01,2006,1,2,20,57.979166666666664,952.22,0,9.870333333333333,551.4737248931874,6426.722200248464,95.15806579589844,2006_2,4.764659457675102
2006-02-01,2006,1,2,20,57.898,953.87,0,9.897833333333333,553.2200960724829,6417.707514066542,60.15608215332031,2006_2,4.979726049848842
2006-02-02,2006,1,2,20,58.65583333333334,1049.4,0,10.823333333333334,605.789973552544,6503.167702825247,81.1828842163086,2006_2,3.9243440774618543
2006-02-02,2006,1,2,20,58.5875,1054.03,0,10.9005,610.4819417329807,6495.685395403564,75.29288482666016,2006_2,3.9271537387344035
2006-02-02,2006,1,2,20,58.54333333333334,1050.77,0,10.846166666666667,607.4590978363925,6490.680755698475,103.94506072998047,2006_2,4.026925554013965
2006-02-02,2006,1,2,20,58.495,1107.45,0,11.124166666666667,623.8075539316467,6485.779248937784,58.07478713989258,2006_2,3.6597079744726955
2006-02-02,2006,1,2,20,58.362,1050.78,0,10.846333333333332,608.023314014122,6470.49592063767,129.90505981445312,2006_2,4.258747024319023
2006-02-03,2006,1,2,21,57.438833333333335,1049.3,0,10.821666666666665,609.3488223970307,6367.701802889197,35.68459701538086,2006_2,3.8671399111705544
2006-02-03,2006,1,2,21,57.37250000000001,1118.95,0,11.315833333333334,639.2575116154416,6361.222834929574,37.367637634277344,2006_2,3.5425357764075054
2006-02-06,2006,1,2,20,57.56616666666667,1137.69,0,11.628166666666667,657.1997988134301,6383.455645426209,40.97043228149414,2006_2,2.9608789737549013
2006-02-06,2006,1,2,21,57.349333333333334,1135.47,0,11.591166666666668,655.9078374026063,6359.242286152827,68.483123779296875,2006_2,3.2881799736962365
2006-02-06,2006,1,2,21,57.182166666666674,1126.86,0,11.447666666666665,647.9447253470805,6340.320534561132,62.637638092041016,2006_2,3.348099728583368
2006-02-07,2006,1,2,21,56.21483333333334,1057.78,0,10.963,621.7389358587234,6231.72391592561,20.16118621826172,2006_2,2.8743217333818123
2006-02-07,2006,1,2,21,56.44633333333333,1105.26,0,11.087666666666667,628.6875885087837,6257.711243400436,18.342756271362305,2006_2,2.979718159968355
2006-02-07,2006,1,2,21,56.350833333333334,1155.11,0,11.918499999999998,680.3380333274116,6248.952248580038,30.70829963684082,2006_2,2.7935057776431096
2006-02-07,2006,1,2,21,56.36933333333333,1215.63,0.2505694760820046,12.260500000000002,701.3647257385345,6251.95921298567,32.72195816040039,2006_2,2.6968224122826014
2006-02-08,2006,1,2,21,56.34016666666666,1236.41,0,12.606833333333334,722.913686880881,6249.78338378892,23.126773834228516,2006_2,2.5598953166521836
2006-02-09,2006,1,2,21,56.56166666666666,1236.46,0,12.607666666666667,721.6706874598611,6274.421208856224,22.206270217895508,2006_2,2.51410726648655
2006-02-09,2006,1,2,21,56.590500000000006,1149.2,0,11.82,673.1586595482075,6275.362090523917,32.96613693237305,2006_2,2.8193173079324767
2006-02-09,2006,1,2,21,56.787000000000006,1152.89,1.3669064748201438,11.8815,676.014169040823,6297.380402020617,36.4061393737793,2006_2,2.8599335680119853
2006-02-09,2006,1,2,21,56.818,1212.97,0,12.216166666666668,696.286724118719,6301.739494261541,40.15486145019531,2006_2,2.6121665745252347
2006-02-09,2006,1,2,21,56.8735,1217.46,0.376940133037694,12.291,700.5546946430073,6308.1304438738525,30.754863739013672,2006_2,2.6121665745252347
2006-02-10,2006,1,2,20,57.87133333333333,1112.5,0,11.208333333333334,630.9866492899667,6416.5235706772955,82.71343231201172,2006_2,4.135819935561482
2006-02-10,2006,1,2,20,58.06333333333334,1104.69,0,11.078166666666668,622.6099937281817,6437.648621753274,115.44478607177734,2006_2,4.272651049921931
2006-02-13,2006,1,2,20,57.82033333333334,1102.54,0,11.042333333333334,621.3136642562679,6410.537898025401,53.77342987060547,2006_2,4.494990195157319
2006-02-13,2006,1,2,20,57.8305,1036.94,0,10.615666666666668,595.9461308671091,6410.984666721195,104.51995849609375,2006_2,4.789364263483168
2006-02-14,2006,1,2,20,57.74683333333334,945.33,0,9.755500000000001,544.9711878804459,6400.775645604709,36.61806869506836,2006_2,5.255584689474647
2006-02-14,2006,1,2,20,57.739999999999995,1007.37,0,10.122833333333334,566.8483305548183,6400.318083867748,71.65608215332031,2006_2,4.975748650750441
2006-02-14,2006,1,2,20,58.30033333333334,1058.5,0,10.975,615.7513651208806,6463.845619445095,110.01478576660156,2006_2,4.107859004039405
2006-02-14,2006,1,2,20,58.2575,1109.91,0,11.165166666666668,627.0477562408478,6459.420847941735,64.59478759765625,2006_2,3.761030957157618
2006-02-15,2006,1,2,21,56.94983333333333,1139.9,1.0499139414802066,11.665000000000001,662.087202287149,6314.962174727009,33.26312255859375,2006_2,3.06692822490845
2006-02-15,2006,1,2,21,57.04666666666667,1211.67,0.8695652173913043,12.194500000000001,693.7751457739863,6327.115358340387,37.878231048583984,2006_2,2.5487775650983115
2006-02-15,2006,1,2,21,57.19016666666666,1203.53,0.2813852813852814,12.058833333333332,684.8325665506213,6342.703007523284,41.398231506347656,2006_2,2.671435942847873
2006-02-15,2006,1,2,21,57.132666666666665,1150.95,0.6689536878216125,11.849166666666667,672.4352710558326,6335.756185889567,55.16312026977539,2006_2,3.059157550097065
2006-02-15,2006,1,2,21,57.21000000000001,1139.53,0.12345679012345678,11.658833333333332,660.5837919934788,6343.895713281988,48.363121032714844,2006_2,3.242351529316665
2006-02-16,2006,1,2,20,58.093666666666664,1043.86,0,10.730999999999998,602.0438772588225,6440.447155098771,221.1450653076172,2006_2,4.531691127745371
2006-02-16,2006,1,2,20,57.873999999999995,1059.28,0,10.988,617.911320349787,6416.414974723838,105.92343139648438,2006_2,4.595343137564796
2006-09-05,2006,3,9,20,57.66016666666666,1111.03,0.767888307155323,11.183833333333332,630.2918189192474,6392.974778536516,39.72343063354492,2006_9,16.71795306586487
2006-09-06,2006,3,9,20,58.07450000000001,948.99,0,9.8165,548.1616716605192,6437.2957893544735,310.95904541015625,2006_9,15.455661040798786
2006-09-06,2006,3,9,20,57.91016666666666,940.2,0,9.67,539.701909354673,6418.905475654205,97.68807220458984,2006_9,15.542796865069757
2006-09-06,2006,3,9,20,57.8905,942.44,0,9.707333333333334,541.93700583313,6416.738559995909,87.08806610107422,2006_9,15.542796865069757
2006-09-06,2006,3,9,20,57.862,947.45,0,9.7908333333333335,546.9245892430683,6413.6205854589125,72.72806549072266,2006_9,15.605062999303307
2006-09-06,2006,3,9,20,57.76166666666666,948.26,0,9.804333333333334,547.8583082720619,6402.460415761811,36.61806869506836,2006_9,15.716644814047651
2006-09-07,2006,3,9,20,57.32083333333333,829.87,0.7281553398058253,8.497833333333334,469.75759851252576,6353.212061509822,27.868419647216797,2006_9,15.77538767270812
2006-09-07,2006,3,9,20,57.42866666666667,835.85,0,8.5975,475.8308846357699,6365.1762763635525,27.758419036865234,2006_9,15.59695942295673
2006-09-07,2006,3,9,20,57.457,835.23,0,8.587166666666667,475.22955374103174,6368.334120792547,42.13842010498047,2006_9,15.59695942295673
2006-09-07,2006,3,9,20,57.48233333333333,829.52,0,8.491999999999999,469.54058973367745,6371.1929558898155,53.45841979980469,2006_9,15.328731110026435
2006-09-07,2006,3,9,20,57.50599999999999,851.99,0,8.8665,492.00054683018925,6373.72162524987,51.4664192199707,2006_9,15.637217081184813
2006-09-08,2006,3,9,21,57.43933333333333,1049.35,0,10.822499999999998,609.3973452250774,6367.75879363399,35.68459701538086,2006_9,16.830194386567754
2006-09-08,2006,3,9,20,57.58766666666667,1101.08,1.8576709796672826,11.017999999999999,620.6398138232015,6384.599145594553,32.323429107666016,2006_9,16.759128173561116
2006-09-11,2006,3,9,21,57.401,1119.34,23.33965844402277,11.322333333333331,639.5399428083537,6364.407755189299,37.367637634277344,2006_9,17.03452591534069
2006-09-11,2006,3,9,21,57.186,1126.66,1.5051903114186853,11.444333333333335,647.7279955454876,6340.73986475477,62.637638092041016,2006_9,17.269563780851747
2006-09-13,2006,3,9,21,56.337333333333326,1236.17,0,12.602833333333335,722.6831146608515,6249.455308105789,23.126773834228516,2006_9,17.4221197805157
2006-09-13,2006,3,9,21,56.56166666666666,1236.48,4.458333333333334,12.608,721.6911582575683,6274.422285940814,22.206270217895508,2006_9,17.393899122854894
2006-09-14,2006,3,9,21,56.37383333333334,1215.49,0,12.258166666666666,701.1969554428396,6252.45293791025,32.72195816040039,2006_9,17.313800063251126
2006-09-14,2006,3,9,21,56.84400000000001,1214.69,0,12.244833333333334,697.8982845408237,6304.714363011988,37.66486358642578,2006_9,17.32248949698051
2006-09-14,2006,3,9,21,56.901333333333334,1215.87,0.976027397260274,12.264499999999998,698.7925618933402,6311.1492157207895,30.754863739013672,2006_9,17.40880585310737
2006-09-14,2006,3,9,21,57.097500000000004,1149.71,0.35608308605341243,11.8285,671.3472550233855,6331.791404553989,55.16312026977539,2006_9,17.33398925027373
2006-09-14,2006,3,9,21,57.18983333333334,1139.63,2.3224852071005917,11.660500000000003,660.7720691945351,6341.6557114175,48.363121032714844,2006_9,17.341605883579316
2006-09-15,2006,3,9,21,57.0195,1212.38,7.064220183486238,12.206333333333335,694.6346782796139,6324.126872136071,37.878231048583984,2006_9,17.360664578498277
2006-09-15,2006,3,9,21,57.18666666666666,1203.71,0.45454545454545453,12.061833333333334,685.0312780900452,6342.321764228498,41.398231506347656,2006_9,17.4071460107888
2006-09-15,2006,3,9,21,57.31816666666667,1134.54,0,11.575666666666667,655.1068133231806,6355.7388153460015,68.483123779296875,2006_9,17.245227248726405
2006-09-18,2006,3,9,20,57.606833333333334,1105.7,1.2371134020618557,11.095,625.1762785944583,6386.871802695305,34.993431091308594,2006_9,16.770182412608705
2006-09-18,2006,3,9,20,57.652,1059.57,3.4860557768924303,10.992833333333332,618.9251597569834,6391.714830088074,34.5034294128418,2006_9,16.667152216774067
2006-09-18,2006,3,9,20,57.830666666666666,1034.38,0,10.573000000000002,593.4122250207201,6410.943528879928,104.00995635986328,2006_9,16.20673123781557
2006-09-19,2006,3,9,21,56.214999999999996,1057.72,16.97674418604651,10.962,621.6764002853389,6231.740696062938,20.16118621826172,2006_9,17.212067253132602
2006-09-19,2006,3,9,21,56.3515,1155.5,4.190283400809716,11.925,680.7363879188268,6249.043472535024,30.70829963684082,2006_9,17.230627700132366
2006-09-19,2006,3,9,21,56.591333333333324,1149.44,3.264033264033264,11.824000000000002,673.4003787733826,6275.46490612234,30.776138305664062,2006_9,17.213155821682342
2006-09-19,2006,3,9,21,56.78783333333334,1152.66,1.6764132553606237,11.877666666666668,675.7761926095816,6297.463264027041,36.4061393737793,2006_9,17.2816787598831
2006-09-20,2006,3,9,20,57.487,908.48,5.9259259259259265,9.141333333333334,508.4732341799689,6371.607417908363,19.653438568115234,2006_9,15.79238923586945
2006-09-20,2006,3,9,20,57.59766666666666,908.01,0,9.1335,507.97938799609676,6383.926420812371,37.366416931152344,2006_9,15.663081565097544
2006-09-20,2006,3,9,20,57.583999999999996,858.1,0.42047531992687387,8.968333333333334,498.10655067365326,6382.397560351813,67.4564208984375,2006_9,15.595616511694425
2006-09-20,2006,3,9,20,57.870666666666665,918.51,0,9.3085,518.3008542779265,6414.352949408723,221.4464111328125,2006_9,15.478570930814179
2006-09-20,2006,3,9,20,57.93666666666666,922.9,0,9.381666666666666,522.5997605182138,6421.722888911433,334.70806884765625,2006_9,15.458025737042641
2006-09-21,2006,3,9,20,58.360833333333325,1050.68,0,10.844666666666667,607.929378505088,6470.363380302803,129.90505981445312,2006_9,15.917508411710777
2006-09-21,2006,3,9,20,58.23616666666667,1053.06,0,10.884333333333332,610.6382843095904,6456.550870263513,146.83506774902344,2006_9,16.052028407183144
2006-09-21,2006,3,9,20,58.269000000000005,1118.86,0.33088235294117646,11.314333333333332,635.7545159079871,6460.991822500925,29.954788208007812,2006_9,16.817063763316586
2006-09-21,2006,3,9,20,58.12666666666667,1109.53,0,11.158833333333332,627.1427034044494,6444.846989842757,85.69478607177734,2006_9,16.32892138295105
2006-09-21,2006,3,9,20,57.982499999999995,1048.88,0,10.81466666666667,607.3079886089209,6428.202854741393,194.54995727539062,2006_9,16.041751456181874
2006-09-21,2006,3,9,20,57.98866666666666,1043.15,0,10.719166666666668,601.644011716603,6428.741582772188,206.16506958007812,2006_9,16.01859719907985
2006-09-22,2006,3,9,21,56.91983333333333,1141.92,1.0291595197255574,11.698666666666668,664.2660778783437,6311.704618406866,33.636138916015625,2006_9,17.248667229049374
2007-01-22,2007,1,1,20,57.672333333333334,1121.57,0,11.359499999999999,640.7228609781322,6394.679953566341,80.20343017578125,2007_1,4.7224439930468
2007-01-22,2007,1,1,20,57.818666666666665,1102.3,0,11.038333333333332,621.081697286118,6410.345235986451,53.77342987060547,2007_1,5.388414975344843
2007-01-22,2007,1,1,20,57.854166666666664,1056.81,0,10.946833333333332,615.5336152259031,6414.136449189633,105.92343139648438,2007_1,5.426161901981336
2007-01-23,2007,1,1,20,57.41616666666667,832.86,0.8444846292947559,8.547666666666666,472.82928526067644,6363.803570563116,30.22842025756836,2007_1,6.359013194917414
2007-01-23,2007,1,1,20,57.45433333333334,832.33,1.6666666666666667,8.538833333333335,472.3275122308345,6368.05590848818,47.39841842651367,2007_1,6.505912898768078
2007-01-23,2007,1,1,20,57.527833333333334,838.87,0,8.647833333333333,478.9104723701688,6376.199030777379,78.64325714111328,2007_1,6.460744534578392
2007-01-23,2007,1,1,20,57.610833333333325,845.81,0,8.763499999999999,485.86935062266895,6385.408992382378,108.2332534790039,2007_1,6.452981442600654
2007-01-23,2007,1,1,20,57.765166666666666,844.68,0,8.744666666666665,484.8087915640927,6402.594555026199,249.2132568359375,2007_1,5.855771353701411
2007-01-24,2007,1,1,20,58.0585,946.36,0,9.772666666666668,545.5965983774222,6435.484078566482,362.58905029296875,2007_1,5.625503168165597
2007-01-24,2007,1,1,20,58.022333333333336,951,0,9.85,550.2107339144632,6431.512540277916,194.83905029296875,2007_1,5.811509832260433
2007-01-24,2007,1,1,20,57.98083333333334,952.6,0,9.876666666666667,551.8458743361153,6426.912587198235,95.15806579589844,2007_1,5.8242687848275985
2007-01-24,2007,1,1,20,57.897333333333336,953.49,0,9.8915,552.8456720232111,6417.628331102474,60.15608215332031,2007_1,6.0190861303016625
2007-01-24,2007,1,1,20,57.75833333333333,947.68,0,9.794666666666666,547.2875053540043,6402.082546068335,36.61806869506836,2007_1,6.184518075505797
2007-01-25,2007,1,1,20,58.660999999999994,1049.54,0,10.825666666666667,605.9096752157053,6503.746532003963,81.1828842163086,2007_1,4.986457078331595
2007-01-25,2007,1,1,20,58.59116666666667,1054.06,0,10.901,610.4994415951027,6496.094375169127,75.29288482666016,2007_1,4.96349926426151
2007-01-25,2007,1,1,20,58.5365,1050.66,0,10.844333333333335,607.3732959287278,6489.917161940663,103.94506072998047,2007_1,5.163212629177982
2007-01-25,2007,1,1,20,58.495333333333335,1107.53,0,11.125499999999999,623.8840773682266,6485.8188091078355,58.07478713989258,2007_1,4.2172149845490345
2007-01-25,2007,1,1,20,58.32600000000001,1100.04,0,11.000666666666666,617.170450531103,6466.746943514452,94.85478973388672,2007_1,5.122860324526855
2007-01-26,2007,1,1,21,57.46433333333333,1052.18,0,10.869666666666667,612.1515898767991,6370.6181548562745,26.84459686279297,2007_1,4.792869697450486
2007-01-26,2007,1,1,20,57.65083333333334,1059.92,0,10.998666666666669,619.2770401004694,6391.595228664253,34.5034294128418,2007_1,5.100209503009073
2007-01-29,2007,1,1,20,57.556333333333335,1136.63,0,11.610500000000002,656.1855103000441,6382.320639374128,56.90043258666992,2007_1,4.070745893583665
2007-01-29,2007,1,1,21,57.349,1135.26,0,11.587666666666667,655.6987172850149,6359.197178134642,68.483123779296875,2007_1,4.246458748569297
2007-01-30,2007,1,1,21,56.216499999999996,1057.91,0.5145413870246085,10.965166666666669,621.8679964973768,6231.913205575149,20.16118621826172,2007_1,4.0051839740776165
2007-01-30,2007,1,1,21,56.44683333333334,1105.15,0,11.085833333333335,628.5729091740498,6257.7634507645735,18.342756271362305,2007_1,4.0952147997444515
2007-01-30,2007,1,1,21,56.35216666666667,1155.02,0,11.917,680.2390853629051,6249.096647973787,30.70829963684082,2007_1,3.9802634142219526
2007-02-01,2007,1,2,21,56.37233333333334,1215.54,0.13548387096774192,12.258999999999999,701.2563045950192,6252.288524857748,32.72195816040039,2007_2,2.836092996411617
2007-02-01,2007,1,2,21,56.35883333333333,1233.21,0,12.553500000000001,719.5118393602748,6251.68793791258,24.49195671081543,2007_2,2.6844223501920195
2007-02-01,2007,1,2,21,56.56133333333334,1236.69,0,12.611500000000001,721.9080540864497,6274.396527828616,22.206270217895508,2007_2,2.6314425189460993
2007-02-01,2007,1,2,21,56.81833333333334,1212.74,0.10852713178294573,12.212333333333333,696.0511275784555,6301.765583512114,40.15486145019531,2007_2,2.724747092034162
2007-02-02,2007,1,2,21,57.01616666666667,1212.22,0,12.203666666666667,694.4902825905609,6323.748455798744,37.878231048583984,2007_2,2.7740593506962328
2007-02-02,2007,1,2,21,57.18483333333334,1203.71,0,12.061833333333334,685.0404472421574,6342.117800306918,41.398231506347656,2007_2,2.7872583571306713
2007-02-05,2007,1,2,21,57.4075,1119.55,0.15316901408450703,11.325833333333332,639.7254438970854,6365.138290567337,37.367637634277344,2007_2,3.878673085881134
2007-02-05,2007,1,2,21,57.1965,1125.97,0,11.432833333333333,646.9914205356995,6341.883406937194,62.637638092041016,2007_2,3.5043649327464963
2007-02-05,2007,1,2,21,57.18483333333334,1139.61,0.09559748427672955,11.660166666666665,660.7736567958574,6341.098579144141,48.363121032714844,2007_2,3.371395793531209
2007-02-06,2007,1,2,21,56.90266666666666,1215.87,0,12.264499999999998,698.7854746811931,6311.2975365483635,30.754863739013672,2007_2,2.690723474736209
2007-02-06,2007,1,2,21,56.59116666666667,1149.15,0,11.819166666666668,673.1044571237683,6275.434157439939,32.96613693237305,2007_2,2.9695429749301803
2007-02-06,2007,1,2,21,56.785999999999994,1152.67,0,11.877833333333335,675.7949481328326,6297.259723891177,36.4061393737793,2007_2,2.9792779609092697
2007-02-06,2007,1,2,21,56.923,1141.58,1.4421553090332806,11.693,663.9073677628554,6312.043350570727,33.636138916015625,2007_2,3.1973571590582406
2007-02-06,2007,1,2,21,57.10566666666667,1149.87,1.0881294964028776,11.831166666666665,671.4710155670268,6332.706741654972,55.16312026977539,2007_2,3.1867566386519792
2007-02-07,2007,1,2,20,57.73799999999999,1006.75,0,10.1125,566.2368208540629,6400.085296008121,71.65608215332031,2007_2,5.564279204846557
2007-02-07,2007,1,2,20,57.83083333333334,1033.54,0,10.559,592.5805001851014,6410.942843378633,104.00995635986328,2007_2,5.042095662625308
2007-02-07,2007,1,2,20,58.07833333333333,1044.04,0,10.734,602.2645656261216,6438.744909407539,221.1450653076172,2007_2,4.7821237243099795
2007-02-07,2007,1,2,20,58.336,1050.85,0,10.847499999999998,608.1710299944154,6467.603650030939,149.0150604248047,2007_2,4.604846601909848
2007-02-08,2007,1,2,20,58.257,1109.94,0,11.165666666666668,627.0788787391518,6459.366140097191,64.59478759765625,2007_2,4.001304544058144
2007-02-08,2007,1,2,20,58.0925,1103.77,0,11.062833333333334,621.606267835719,6440.867199983507,115.44478607177734,2007_2,4.51276441475299
2007-02-08,2007,1,2,20,57.901333333333334,1109.92,0,11.165333333333335,628.3297209006174,6419.780004860177,65.6634292602539,2007_2,4.5116606479327555
2007-09-04,2007,3,9,20,57.475166666666674,800.43,0,8.007166666666667,440.45951016847636,6370.7162454830695,100.22122192382812,2007_9,15.47051714945476
2007-09-04,2007,3,9,20,57.48916666666667,818.92,0,8.315333333333333,458.9556009169861,6372.0466144391285,61.258419036865234,2007_9,15.453415854367103
2007-09-04,2007,3,9,20,57.452,831.12,0,8.518666666666666,471.1155756926712,6367.804547803796,47.39841842651367,2007_9,15.653951050977822
2007-09-04,2007,3,9,20,57.500499999999995,850.94,0,8.849,490.95056935755633,6373.1115383181705,51.4664192199707,2007_9,15.784565016032989
2007-09-05,2007,3,9,20,57.78966666666667,847.71,0,8.795166666666667,487.82156215938215,6405.3119064197845,376.9264221191406,2007_9,15.576640642862332
2007-09-05,2007,3,9,20,57.69050000000001,845.19,0,8.753166666666667,485.28422392493746,6394.280201199403,158.6632537841797,2007_9,15.53011211021623
2007-09-05,2007,3,9,20,57.583999999999996,857.85,0,8.964166666666667,497.85741261739093,6382.3976842387265,67.4564208984375,2007_9,15.742440007485664
2007-09-05,2007,3,9,20,57.4875,907.93,16.268980477223426,9.132166666666667,507.9235651516189,6371.661973774883,19.653438568115234,2007_9,15.937387779083553
2007-09-05,2007,3,9,20,57.37250000000001,908.15,11.578947368421053,9.135833333333332,508.16896392099164,6358.860276774554,20.403438568115234,2007_9,16.167777932144087
2007-09-05,2007,3,9,20,57.58616666666667,906.06,1.4800759013282732,9.100999999999999,506.03874665750885,6382.642817703741,46.12641906738281,2007_9,15.774304646864499
2007-09-06,2007,3,9,20,57.71333333333334,924.76,0.3131115459882583,9.412666666666667,524.5869380826783,6396.870249186218,46.29806900024414,2007_9,15.741245801270823
2007-09-06,2007,3,9,20,57.74283333333333,944.86,0,9.747666666666667,544.5098339874822,6400.325174675372,36.61806869506836,2007_9,15.824653689989553
2007-09-06,2007,3,9,20,58.040333333333336,955.26,0,9.921,554.3773260344138,6433.57141769717,163.71258544921875,2007_9,15.676247272343412
2007-09-06,2007,3,9,20,58.126999999999995,1043.91,0,10.731833333333334,601.9977428541905,6444.158835053864,221.1450653076172,2007_9,15.735882992192357
2007-09-06,2007,3,9,20,57.87866666666667,1059.91,0,10.998500000000002,618.5186323476559,6416.952733999818,81.28343200683594,2007_9,15.949888442334283
2007-09-10,2007,3,9,20,57.60383333333333,1105.55,4.323110720562391,11.0925,625.0372325914703,6386.533308782368,34.993431091308594,2007_9,16.434467212654354
2007-09-10,2007,3,9,21,57.466333333333324,1052.37,0.5245346869712352,10.87283333333333,612.3353768964209,6370.845983199274,26.84459686279297,2007_9,16.44552179160243
2007-09-10,2007,3,9,20,57.55333333333333,1051.43,16.666666666666664,10.857166666666668,611.1309737135175,6380.503264698914,29.439956665039062,2007_9,16.383980245886807
2007-09-11,2007,3,9,20,58.599500000000006,1031.07,0,10.517833333333332,588.2088081187716,6496.454861906247,162.35287475585938,2007_9,15.825637593246718
2007-09-11,2007,3,9,20,58.577666666666666,1035.78,0,10.596333333333332,592.828115015048,6494.130129973716,149.4028778076172,2007_9,15.871936105731207
2007-09-11,2007,3,9,20,58.59766666666666,1054.36,0,10.905999999999999,610.76947674613,6496.826167571377,75.29288482666016,2007_9,16.115315329956587
2007-09-11,2007,3,9,20,58.472500000000004,1109.49,0.16025641025641027,11.158166666666666,625.8692860516976,6483.3380253075575,37.98478698730469,2007_9,16.45583423907366
2007-09-11,2007,3,9,20,58.334833333333336,1100.8,0,11.013333333333332,617.8827292502928,6467.752284762353,94.85478973388672,2007_9,15.95984130899006
2007-09-12,2007,3,9,21,56.21283333333334,1057.94,42.46861924686193,10.965666666666667,621.9106374535063,6231.506077023459,20.16118621826172,2007_9,16.77130178464436
2007-09-12,2007,3,9,21,56.623666666666665,1149.94,14.409722222222225,11.832333333333334,673.7633114302334,6279.0832349861785,34.36613845825195,2007_9,16.736762177865895
2007-09-12,2007,3,9,21,56.78633333333334,1152.69,38.449367088607595,11.878166666666667,675.8137433484363,6297.297665135405,36.4061393737793,2007_9,16.768927882778176
2007-09-13,2007,3,9,21,56.34483333333333,1158.18,14.666666666666666,11.969666666666667,683.5274303846713,6248.42008397131,31.678298950195312,2007_9,16.792668630883778
2007-09-13,2007,3,9,21,56.398999999999994,1215.52,2.035928143712575,12.258666666666667,701.095082612309,6255.253804710904,34.694862365722656,2007_9,16.831423221812734
2007-09-14,2007,3,9,21,57.01616666666667,1212.55,9.084380610412925,12.209166666666667,694.8240379621717,6323.764139590203,37.878231048583984,2007_9,16.92533631366858
2007-09-14,2007,3,9,21,57.19050000000001,1203.79,8.715953307392997,12.063166666666666,685.0926409323831,6342.751855815878,41.398231506347656,2007_9,16.8754332840048
2007-09-17,2007,3,9,21,57.404333333333334,1119.56,34.06040268456376,11.325999999999999,639.7475138379745,6364.786233481374,37.367637634277344,2007_9,16.55860149074494
2007-09-17,2007,3,9,21,57.34966666666666,1135.19,0.18320610687022898,11.586500000000001,655.6257178654346,6359.268691106196,68.483123779296875,2007_9,16.6751570296584
2007-09-18,2007,3,9,20,58.271499999999996,1118.91,0.15162454873646208,11.315166666666668,635.793817960169,6461.271745770827,29.954788208007812,2007_9,16.559554524282543
2007-09-18,2007,3,9,20,57.675666666666665,1057.41,0.6641366223908918,10.956833333333334,616.7011277233123,6394.286344798071,32.47343063354492,2007_9,16.291872047945063
2007-09-18,2007,3,9,20,57.67049999999999,1111.98,0.14132379248658317,11.199666666666667,631.1989460844558,6394.155336263325,44.21342849731445,2007_9,16.35911607229425
2007-09-18,2007,3,9,20,57.61916666666666,1053.8,4.989733059548255,10.896666666666667,613.2894123711698,6387.895860243777,26.80995750427246,2007_9,16.43035871415591
2007-09-19,2007,3,9,21,57.18533333333333,1139.63,2.8483920367534457,11.660500000000003,660.7916239448008,6341.1550001755,48.363121032714844,2007_9,16.80150915590933
2007-09-19,2007,3,9,21,57.10316666666666,1150.24,1.7472698907956319,11.837333333333333,671.855952961765,6332.444109279797,55.16312026977539,2007_9,16.799957809201295
2007-09-19,2007,3,9,21,57.16966666666667,1126.77,0.3650793650793651,11.446166666666667,647.9040173304594,6338.926321128339,62.637638092041016,2007_9,16.699674613737926
2007-09-19,2007,3,9,21,56.95033333333334,1140.29,3.3233082706766917,11.6715,662.480245154163,6315.033245767192,33.26312255859375,2007_9,16.728914912344074
2007-09-20,2007,3,9,21,56.33866666666666,1236.29,0.02159827213822894,12.604833333333334,722.7988914712004,6249.610076068864,23.126773834228516,2007_9,16.946825216871797
2007-09-20,2007,3,9,21,56.564,1236.84,0.17184265010351968,12.613999999999999,722.0459540055069,6274.701204856787,22.206270217895508,2007_9,16.903857911290554
2007-09-20,2007,3,9,21,56.84416666666666,1214.49,1.3162393162393164,12.2415,697.6941969552473,6304.723263218715,37.66486358642578,2007_9,16.81035423546731
2007-09-20,2007,3,9,21,56.90116666666666,1215.72,2.811918063314711,12.262,698.6412754467236,6311.123407229084,30.754863739013672,2007_9,16.895115989518178
2008-01-22,2008,1,1,20,57.78083333333334,846.68,0,8.777999999999999,486.7976903032394,6404.33171737862,428.3232421875,2008_1,5.983516002995579
2008-01-22,2008,1,1,20,57.639,849.35,0,8.8225,489.40274303030196,6388.533926843998,94.27642059326172,2008_1,6.407104665531419
2008-01-22,2008,1,1,20,57.52611666666667,837.123,0,8.618716666666668,477.1657561288507,6376.017340650221,90.92325592041016,2008_1,6.652663284977356
2008-01-22,2008,1,1,20,57.45446666666667,832.757,0.8823529411764707,8.54595,472.7546459880543,6368.067876323167,47.39841842651367,2008_1,6.491128008013923
2008-01-22,2008,1,1,20,57.41656666666666,833.2,0.39285714285714285,8.553333333333335,473.1699596379342,6363.845848978547,30.22842025756836,2008_1,6.491128008013923
2008-01-23,2008,1,1,20,58.0732,948.861,0,9.81435,548.0366025579765,6437.149529157657,362.58905029296875,2008_1,5.786418008132321
2008-01-23,2008,1,1,20,58.02206666666666,950.809,0,9.846816666666665,550.0230680284661,6431.480490735618,194.83905029296875,2008_1,5.940199387642041
2008-01-23,2008,1,1,20,57.978249999999996,951.815,0,9.863583333333334,551.0758302191996,6426.6150285536405,95.15806579589844,2008_1,5.940199387642041
2008-01-23,2008,1,1,20,57.90016666666667,953.637,0,9.893949999999998,552.986726930638,6417.945670041985,60.15608215332031,2008_1,6.148685208701421
2008-01-23,2008,1,1,20,57.75865,947.893,0,9.798216666666667,547.4983306803292,6402.120282474738,36.61806869506836,2008_1,6.315412415207106
2008-01-24,2008,1,1,21,56.47366666666667,1105.555,0.1210855949895616,11.092583333333334,628.8979774908356,6260.762023669885,17.072755813598633,2008_1,4.83696408995139
2008-01-24,2008,1,1,21,56.247550000000004,1058.173,0.2123142250530786,10.96955,622.0410116435847,6235.3760972806685,16.50118637084961,2008_1,4.621565876257167
2008-01-24,2008,1,1,21,56.35353333333334,1154.392,0.18835616438356165,11.906533333333334,679.5861469310938,6249.221312827494,30.70829963684082,2008_1,4.6015228744195955
2008-01-28,2008,1,1,20,57.67399999999999,1122.054,0,11.367566666666669,641.1973676681698,6394.882206901935,80.20343017578125,2008_1,5.125809856955799
2008-01-28,2008,1,1,20,57.86926666666667,1112.703,0,11.211716666666666,631.194810156572,6416.300118544372,82.71343231201172,2008_1,5.350483078699271
2008-01-28,2008,1,1,20,57.87310000000001,1059.131,0,10.985516666666667,617.7669966370762,6416.310476752586,105.92343139648438,2008_1,5.631262386472516
2008-01-29,2008,1,1,20,57.752199999999995,1011.907,0,10.198450000000001,571.3258987721538,6401.753288279133,75.0060806274414,2008_1,5.885481007851795
2008-01-29,2008,1,1,20,57.832183333333326,1037.129,0,10.618816666666666,596.1286891689319,6411.176510177889,104.51995849609375,2008_1,5.782845523770278
2008-01-29,2008,1,1,20,57.82191666666666,1102.821,0,11.047016666666666,621.5864698462533,6410.722526262363,53.77342987060547,2008_1,5.640760362551465
2008-01-29,2008,1,1,20,57.67295000000001,1057.765,0,10.962750000000002,617.0626814811297,6393.994182782785,32.47343063354492,2008_1,5.4127916203400614
2008-01-30,2008,1,1,21,57.46621666666667,1052.253,0,10.870883333333332,612.2187880563732,6370.82977611111,26.84459686279297,2008_1,5.138803958791135
2008-01-30,2008,1,1,21,57.40293333333334,1119.411,0,11.323516666666668,639.6036737865307,6364.625333800011,37.367637634277344,2008_1,4.988845997062143
2008-01-30,2008,1,1,20,57.566250000000004,1137.697,0,11.628283333333332,657.2064157025649,6383.465188677723,40.97043228149414,2008_1,4.340271611188404
2008-01-30,2008,1,1,21,57.31978333333333,1134.797,0,11.57995,655.3578607273865,6355.928480009514,68.483123779296875,2008_1,4.7212092456320685
2008-01-31,2008,1,1,21,56.33853333333333,1236.079,0,12.601316666666666,722.5824291796787,6249.583861281698,23.126773834228516,2008_1,4.220659309207617
2008-02-04,2008,1,2,21,56.5502,1234.1,0,12.568333333333332,719.3214751555656,6273.019460363652,25.18486213684082,2008_2,4.064432381996925
2008-02-04,2008,1,2,21,56.40036666666666,1215.682,0,12.261366666666667,701.2544168674348,6255.413726872105,34.694862365722656,2008_2,4.26785656949799
2008-02-04,2008,1,2,21,56.62161666666666,1149.883,0.4854368932038835,11.831383333333333,673.7144671952182,6278.852755674169,34.36613845825195,2008_2,4.343060278608766
2008-02-04,2008,1,2,21,56.80036666666667,1149.729,0.21848739495798322,11.828816666666667,672.7356212350608,6298.733306735661,36.4061393737793,2008_2,4.374408616524255
2008-02-05,2008,1,2,21,56.844150000000006,1214.775,0.17422867513611615,12.246250000000002,697.9838557563754,6304.735149102646,37.66486358642578,2008_2,4.102928325092296
2008-02-05,2008,1,2,21,56.89986666666667,1215.934,0.2912087912087912,12.265566666666667,698.865286779754,6310.989165773345,30.754863739013672,2008_2,4.061453681311376
2008-02-05,2008,1,2,21,57.04548333333334,1211.614,0,12.193566666666667,693.7247179566135,6326.981067832763,37.878231048583984,2008_2,4.004740685494048
2008-02-05,2008,1,2,21,57.187416666666664,1203.731,0,12.062183333333333,685.0486693087026,6342.406154546143,41.398231506347656,2008_2,4.114037202297581
2008-02-05,2008,1,2,21,57.13616666666667,1151.033,1.8455284552845528,11.850549999999998,672.5026772858374,6336.149099150855,55.16312026977539,2008_2,4.48069699648495
2008-02-06,2008,1,2,20,58.66673333333333,1049.232,0,10.820533333333334,605.5946018647307,6504.376666059172,81.1828842163086,2008_2,4.474747182188256
2008-02-06,2008,1,2,20,58.59491666666666,1054.138,0,10.902299999999999,610.5631608841666,6496.5139491326945,75.29288482666016,2008_2,4.502757131358889
2008-02-06,2008,1,2,20,58.541066666666666,1050.68,0,10.844666666666667,607.3787335867082,6490.426039339326,103.94506072998047,2008_2,4.678780834945165
2008-02-06,2008,1,2,20,58.4974,1107.382,0,11.123033333333334,623.7330676861401,6486.0442981051065,58.07478713989258,2008_2,4.412269293409294
2008-02-06,2008,1,2,20,58.32626666666667,1059.839,0,10.997316666666666,616.9734101387825,6466.7707989971095,94.85478973388672,2008_2,4.8652887779646115
2008-02-07,2008,1,2,20,58.3345,1050.557,0,10.842616666666666,607.8897272800565,6467.428842112635,149.0150604248047,2008_2,4.834213108434319
2008-02-07,2008,1,2,20,58.25266666666666,1110.054,0,11.167566666666668,627.2058688854582,6458.887417548834,64.59478759765625,2008_2,4.552907397506564
2008-02-07,2008,1,2,20,58.091366666666666,1103.717,0,11.061950000000001,621.5580596346792,6440.739465095524,115.44478607177734,2008_2,5.0696779554859175
2008-02-07,2008,1,2,20,58.083749999999995,1043.948,0,10.732466666666669,602.1586683842143,6439.34552768269,221.1450653076172,2008_2,5.2627435609552595
2008-02-08,2008,1,2,21,56.922216666666664,1141.788,0.2566510172143975,11.696466666666668,664.1217403849571,6311.96451266679,33.636138916015625,2008_2,4.50772616039692
2008-02-08,2008,1,2,21,57.15486666666667,1127.161,0,11.452683333333335,648.357209549139,6337.293592086025,62.637638092041016,2008_2,4.673556302277067
2008-02-08,2008,1,2,21,57.195166666666665,1139.666,0.303475935828877,11.6611,660.7851334663366,6342.250562988254,48.363121032714844,2008_2,4.651865016492591
2008-08-25,2008,3,8,20,57.653833333333324,1059.46,2.5,10.991000000000001,618.8097791584365,6391.915662818487,32.47343063354492,2008_8,17.615215603409414
2008-08-26,2008,3,8,20,58.79666666666667,1008.89,0,10.148166666666667,566.3512596660917,6517.979762809363,251.6875,2008_8,17.756900680138294
2008-08-26,2008,3,8,20,58.80650000000001,1015.96,0,10.266,573.1395310994683,6519.197267028014,197.34750366210938,2008_8,17.73311349373179
2008-08-26,2008,3,8,20,58.851666666666674,1048.22,0,10.803666666666667,604.0621656733341,6524.937180458811,81.952880859375,2008_8,18.2639689991107
2008-08-26,2008,3,8,20,58.468666666666664,1109.39,0.13313161875945537,11.156500000000001,625.785797771102,6482.908233152576,37.98478698730469,2008_8,18.532656623155965
2008-08-27,2008,3,8,20,57.601833333333325,908.53,18.55855855855856,9.142166666666666,508.4964284752505,6384.391330763143,37.366416931152344,2008_8,16.971796898461168
2008-08-27,2008,3,8,20,57.51978333333333,854.799,6.617647058823529,8.913316666666667,494.8078052156758,6375.25150048844,51.4664192199707,2008_8,16.96302104372146
2008-08-27,2008,3,8,20,57.64081666666666,849.492,0,8.824866666666667,489.5445617859279,6388.735802721843,133.01641845703125,2008_8,16.805442636369484
2008-08-27,2008,3,8,20,57.53103333333333,823.348,0,8.389133333333332,463.4216032642515,6376.66510449786,123.41325378417969,2008_8,16.663821890055527
2008-08-28,2008,3,8,20,57.32271666666667,846.687,33.73737373737374,8.778116666666667,486.6379612511302,6353.331942201997,24.33841896057129,2008_8,17.33521995839067
2008-08-28,2008,3,8,20,57.42861666666666,835.911,0,8.598516666666665,475.891899629889,6365.170349314167,27.758419036865234,2008_8,16.76781311580849
2008-08-28,2008,3,8,20,57.37369999999999,906.727,18.480492813141684,9.112116666666667,506.74243348545684,6358.991263868558,19.853437423706055,2008_8,17.739163352078904
2008-08-28,2008,3,8,20,57.487,908.38,18.09145129224652,9.139666666666667,508.3733140495293,6371.607211287601,19.653438568115234,2008_8,17.28281277659246
2008-08-29,2008,3,8,20,57.6495,1046.28,5.01865671641791,10.771333333333333,605.7160140041642,6391.0696695366005,24.53995704650879,2008_8,17.594754476164876
2008-08-29,2008,3,8,20,57.598733333333335,1102.699,17.100371747211895,11.044983333333334,622.2155085356353,6385.879114816371,32.323429107666016,2008_8,17.749683635509744
2008-09-01,2008,3,9,20,57.667566666666666,1111.539,1.7247386759581882,11.192316666666667,630.7712075818511,6393.8146768671495,39.72343063354492,2008_9,16.09026946891263
2008-09-01,2008,3,9,21,57.461016666666666,1051.644,2.3867595818815333,10.860733333333334,611.6259152812811,6370.23430392772,26.84459686279297,2008_9,16.184657433223162
2008-09-02,2008,3,9,21,56.22398333333334,1057.853,28.51239669421488,10.964216666666667,621.7853546562877,6232.744244099251,20.16118621826172,2008_9,16.01118037130376
2008-09-02,2008,3,9,21,56.61871666666666,1149.695,16.151202749140896,11.828249999999999,673.5355986887125,6278.522183669222,34.36613845825195,2008_9,15.94791594087952
2008-09-02,2008,3,9,21,56.35248333333334,1155.093,12.275229357798166,11.918216666666668,680.3127421616427,6249.135064965369,30.70829963684082,2008_9,15.947948801943003
2008-09-02,2008,3,9,21,56.37031666666667,1215.558,0.3846153846153846,12.2593,701.2854596917304,6252.065080257855,32.72195816040039,2008_9,16.00870588476639
2008-09-03,2008,3,9,21,56.337650000000004,1236.55,0,12.609166666666665,723.0725152135878,6249.511049216136,23.126773834228516,2008_9,16.098731035044054
2008-09-04,2008,3,9,21,56.55910000000001,1236.103,2.3408624229979464,12.601716666666668,721.3202775179772,6274.1165324116755,22.206270217895508,2008_9,16.08063854418149
2008-09-04,2008,3,9,21,56.7874,1152.711,50.55118110236221,11.878516666666666,675.8301237241367,6297.417236528335,36.4061393737793,2008_9,16.01377635830551
2008-09-04,2008,3,9,21,56.95286666666666,1139.758,2.606060606060606,11.662633333333334,661.9301455859388,6315.294069098241,33.26312255859375,2008_9,16.01199658017117
2008-09-04,2008,3,9,21,57.13206666666667,1150.983,2.077294685990338,11.849716666666666,672.4713375778296,6335.690820332915,55.16312026977539,2008_9,16.10248121129777
2008-09-05,2008,3,9,21,57.21148333333334,1139.678,0.8914100486223664,11.661300000000002,660.7262758776537,6344.066579933505,48.363121032714844,2008_9,16.095106714161304
2008-09-05,2008,3,9,21,57.19388333333333,1126.238,0.7472178060413354,11.4373,647.2716459238906,6341.60187555017,62.637638092041016,2008_9,16.13335633027356
2008-09-05,2008,3,9,21,57.34406666666667,1135.047,0.21138211382113822,11.584116666666667,655.5060355595497,6358.640105126965,68.483123779296875,2008_9,16.106209961549503
2008-09-08,2008,3,9,20,57.870216666666664,1112.687,0.0927357032457496,11.211449999999997,631.1755378393299,6416.405331406626,82.71343231201172,2008_9,15.91766730810164
2008-09-08,2008,3,9,20,57.94323333333333,1113.451,0,11.224183333333334,631.6632827617899,6424.556482606744,89.9934310913086,2008_9,15.893280475293814
2008-09-08,2008,3,9,20,57.87621666666667,1059.681,0,10.994683333333334,618.3003725772638,6416.673363431967,81.28343200683594,2008_9,15.836722933153426
2008-09-09,2008,3,9,21,56.90068333333333,1215.773,14.451097804391217,12.262883333333331,698.6976108338365,6311.072208428104,30.754863739013672,2008_9,16.129864700060672
2008-09-09,2008,3,9,21,56.842166666666664,1214.61,5.2,12.2435,697.8266767851146,6304.506564306067,37.66486358642578,2008_9,16.037987821300177
2008-09-09,2008,3,9,21,57.01744999999999,1212.402,5.798165137614679,12.206700000000001,694.6676444386875,6323.89986622378,37.878231048583984,2008_9,16.09005326246763
2008-09-09,2008,3,9,21,57.187866666666665,1203.598,4.585635359116022,12.059966666666666,684.9125188019059,6342.450200346352,41.398231506347656,2008_9,16.154196896591895
2008-09-09,2008,3,9,21,57.36916666666666,1118.858,33.78839590443686,11.3143,639.1779545126327,6360.8487497684,37.367637634277344,2008_9,16.089024584254936
2008-09-10,2008,3,9,20,58.074333333333335,955.382,0,9.923033333333333,554.4456232201509,6437.358200504171,276.9425964355469,2008_9,15.547735572362427
2008-09-10,2008,3,9,20,57.856449999999995,944.902,0,9.748366666666668,544.4117007325635,6412.974062724194,72.72806549072266,2008_9,15.681936612247355
2008-09-10,2008,3,9,20,57.69636666666667,931.975,0,9.532916666666667,531.7662807001025,6395.031401269785,29.908069610595703,2008_9,15.745188884552938
2008-09-10,2008,3,9,20,57.714999999999996,1001.34,0.6602254428341384,10.022333333333334,560.9073001210347,6397.440342398372,59.0960807800293,2008_9,15.883877452983715
2008-09-11,2008,3,9,20,57.97633333333333,1049.007,0,10.816783333333335,607.4515964396377,6427.519817686455,194.54995727539062,2008_9,15.732492612737362
2008-09-11,2008,3,9,20,58.16783333333333,1038.353,0,10.639216666666668,596.4331957728657,6448.567924375565,246.82505798339844,2008_9,15.742261022927478
2008-09-11,2008,3,9,20,58.26943333333334,1118.826,0.33638025594149906,11.313766666666668,635.7196269556318,6461.038909167986,29.954788208007812,2008_9,16.43343283241292
2009-01-19,2009,1,1,20,57.823683333333335,1102.973,0.08439490445859872,11.04955,621.7309583906693,6410.923708882667,53.77342987060547,2009_1,5.406043312444674
2009-01-20,2009,1,1,20,57.42764999999999,835.523,0,8.59205,475.5029490151032,6365.065049745559,27.758419036865234,2009_1,6.33170443105155
2009-01-20,2009,1,1,20,57.45676666666667,835.573,0,8.592883333333333,475.57240188431496,6368.306076579814,42.13842010498047,2009_1,6.33170443105155
2009-01-20,2009,1,1,20,57.52803333333333,839.591,0,8.65985,479.63019924450373,6376.217627627627,78.64325714111328,2009_1,6.433063910141996
2009-01-20,2009,1,1,20,57.63426666666666,848.769,0,8.812816666666667,488.82316711278185,6388.008535894768,94.27642059326172,2009_1,6.24956143487157
2009-01-20,2009,1,1,20,57.776500000000006,846.055,0,8.767583333333333,486.17655843238333,6403.851370890634,249.2132568359375,2009_1,5.827196251422699
2009-01-21,2009,1,1,20,58.07468333333333,949.201,0,9.820016666666668,548.3688498830019,6437.318714139392,310.95904541015625,2009_1,5.628256152544311
2009-01-21,2009,1,1,20,58.02920000000001,951.773,0,9.862883333333334,550.9619792031997,6432.286642588573,194.83905029296875,2009_1,5.7815450336076255
2009-01-21,2009,1,1,20,57.982366666666664,952.906,0,9.881766666666666,552.1452492414757,6427.087212998804,95.15806579589844,2009_1,5.7942666818240625
2009-01-21,2009,1,1,20,57.898266666666665,953.949,0,9.899149999999999,553.2977455296112,6417.738237645327,60.15608215332031,2009_1,5.989255186258922
2009-01-21,2009,1,1,20,57.759816666666666,947.949,0,9.79915,547.5523353511437,6402.2508155311425,36.61806869506836,2009_1,6.155072841205759
2009-01-22,2009,1,1,20,58.666450000000005,1049.262,0,10.821033333333332,605.6244549269428,6504.345913030539,81.1828842163086,2009_1,5.05463452242662
2009-01-22,2009,1,1,20,58.592999999999996,1054.23,0,10.903833333333333,610.6583174268548,6496.3031214603425,75.29288482666016,2009_1,5.043634846414741
2009-01-22,2009,1,1,20,58.53483333333334,1050.65,0,10.844166666666668,607.3686897238842,6489.731368384655,103.94506072998047,2009_1,5.243722438181908
2009-01-22,2009,1,1,20,58.49731666666666,1107.328,0,11.122133333333332,623.6809184872511,6486.033365302394,58.07478713989258,2009_1,4.624118594874777
2009-01-22,2009,1,1,20,58.3261,1059.839,0,10.997316666666666,616.9739607350679,6466.752247580449,94.85478973388672,2009_1,5.198390086062222
2009-01-23,2009,1,1,21,57.3465,1135.3,0,11.588333333333333,655.7494070482705,6358.920519049534,68.483123779296875,2009_1,4.312285233336111
2009-01-23,2009,1,1,20,57.56634999999999,1137.664,0.12147887323943664,11.627733333333333,657.1730971268961,6383.475042190096,40.97043228149414,2009_1,3.940868908000843
2009-01-26,2009,1,1,20,57.703,1120.42,0,11.340333333333335,639.4621348021808,6398.053149654771,80.20343017578125,2009_1,4.7992898726731745
2009-01-26,2009,1,1,20,57.86900000000001,1112.84,0,11.213999999999999,631.3311955350521,6416.274871036135,82.71343231201172,2009_1,5.10375742445028
2009-01-27,2009,1,1,20,57.73866666666666,1007.08,0,10.118,566.5630412769096,6400.16489926274,71.65608215332031,2009_1,5.7974446075515065
2009-01-27,2009,1,1,20,57.83156666666667,1033.801,0,10.563349999999998,592.8369094006014,6411.0304312596545,104.00995635986328,2009_1,5.640048816887529
2009-01-27,2009,1,1,20,58.07088333333333,1044.336,0,10.738933333333334,602.5768431535233,6437.923121863175,221.1450653076172,2009_1,5.59606854675999
2009-01-27,2009,1,1,20,58.22908333333333,1111.458,0,11.190966666666668,628.6642105800523,6456.306996668736,64.59478759765625,2009_1,4.752453387451203
2009-01-28,2009,1,1,20,58.3654,1050.743,0,10.845716666666666,607.9768566788167,6470.873396737966,129.90505981445312,2009_1,5.402335757862775
2009-01-28,2009,1,1,20,58.094766666666665,1103.778,0,11.062966666666666,621.6064118547336,6441.119726888629,115.44478607177734,2009_1,5.290721440420684
2009-01-28,2009,1,1,20,57.87621666666667,1059.793,0,10.996549999999997,618.4110611044905,6416.676629805397,81.28343200683594,2009_1,5.514116085809102
2009-01-28,2009,1,1,20,57.67568333333334,1057.544,0,10.959066666666669,616.8342428679698,6394.292046817787,32.47343063354492,2009_1,5.175695754665518
2009-01-29,2009,1,1,21,56.21778333333334,1057.783,0,10.963049999999999,621.7326847752761,6232.052269362898,20.16118621826172,2009_1,4.1135538630673345
2009-01-29,2009,1,1,21,56.45098333333333,1105.169,0.08576998050682261,11.086150000000002,628.5784064565266,6258.22584163566,18.342756271362305,2009_1,4.188375286974486
2009-01-29,2009,1,1,21,56.350233333333335,1154.967,0,11.91611666666667,680.1936435351223,6248.879254382608,30.70829963684082,2009_1,4.064038779619513
2009-01-29,2009,1,1,21,56.596399999999996,1149.457,0,11.824283333333335,673.3945562500926,6276.029313273277,34.36613845825195,2009_1,4.089160071371762
2009-01-30,2009,1,1,21,57.44638333333334,1050.664,0.21812080536912754,10.8444,610.6904274822823,6368.57891249406,35.68459701538086,2009_1,4.633945938404981
2009-02-02,2009,1,2,21,57.40423333333333,1119.313,0,11.321883333333336,639.5006189692922,6364.766650561491,37.367637634277344,2009_2,3.9261166845567925
2009-02-02,2009,1,2,21,57.19473333333334,1126.28,0,11.437999999999999,647.3105473720005,6341.697974227955,62.637638092041016,2009_2,3.6402821134381194
2009-02-03,2009,1,2,21,57.21571666666667,1203.016,0.2762430939226519,12.050266666666667,684.1877944120436,6345.522333825955,41.398231506347656,2009_2,2.959888252326815
2009-02-03,2009,1,2,21,57.04706666666666,1211.706,0,12.195099999999998,693.809441372107,6327.161560480754,37.878231048583984,2009_2,2.91439559184895
2009-02-03,2009,1,2,21,57.13185,1150.943,1.1890243902439024,11.84905,672.4320107210987,6335.665027573818,55.16312026977539,2009_2,3.4054502394297725
2009-02-03,2009,1,2,21,57.20498333333333,1139.626,0.10664993726474278,11.660433333333334,660.7022017377495,6343.341284102009,48.363121032714844,2009_2,3.583334564574752
2009-02-03,2009,1,2,21,56.947599999999994,1140.198,0.7417974322396577,11.669966666666669,662.3989029233857,6314.725474937628,33.26312255859375,2009_2,3.42704089981328
2009-02-04,2009,1,2,21,56.39358333333333,1215.386,0.1953125,12.256433333333332,700.9858719527202,6254.644752007575,34.694862365722656,2009_2,3.152422793657422
2009-02-05,2009,1,2,21,56.3393,1236.243,0.34836065573770497,12.604049999999999,722.746809008646,6249.677977330458,23.126773834228516,2009_2,3.01164895207583
2009-02-05,2009,1,2,21,56.55805,1236.19,0,12.603166666666668,721.4154681116335,6274.00442893864,22.206270217895508,2009_2,2.9435676583409403
2009-02-05,2009,1,2,21,56.816966666666666,1212.843,0.056925996204933584,12.214050000000002,696.1629980462615,6301.618473603,40.15486145019531,2009_2,2.9993725637625563
2009-02-05,2009,1,2,21,56.87221666666666,1217.653,0.17718940936863542,12.294216666666667,700.7575136920836,6307.997127462996,30.754863739013672,2009_2,2.917466488995902
2009-02-05,2009,1,2,21,56.78695,1152.689,0.24,11.878150000000002,675.8098398092742,6297.366229786435,36.4061393737793,2009_2,3.2375205100538915
2009-08-24,2009,3,8,21,57.46523333333333,1052.241,10.260869565217392,10.870683333333334,612.2098071157909,6370.720002143217,26.84459686279297,2009_8,18.13203429352923
2009-08-25,2009,3,8,21,56.3685,1215.716,0.5273833671399595,12.261933333333332,701.4576084904772,6251.870715784221,32.72195816040039,2009_8,18.84672881363524
2009-08-25,2009,3,8,21,56.36136666666666,1232.769,0.13924050632911394,12.54615,719.0434922188467,6251.9462612885045,24.49195671081543,2009_8,19.15953500639614
2009-08-26,2009,3,8,20,57.751450000000006,1011.406,0,10.1901,570.8304452166104,6401.66103810634,75.0060806274414,2009_8,17.466206555544268
2009-08-26,2009,3,8,20,57.761133333333326,948.36,0,9.806000000000001,547.9581796138789,6402.4022216735875,36.61806869506836,2009_8,17.21950901136175
2009-08-26,2009,3,8,20,57.685750000000006,927.109,3.780487804878049,9.451816666666668,526.9399680538901,6393.814375047112,33.04806900024414,2009_8,17.169035545005524
2009-08-26,2009,3,8,20,57.60291666666667,908.723,4.70703125,9.145383333333333,508.6884103226272,6384.512341148613,37.366416931152344,2009_8,17.18633576971746
2009-08-26,2009,3,8,20,57.51915,854.715,3.44,8.911916666666666,494.72385601799266,6375.181102834532,51.4664192199707,2009_8,17.17814524495659
2009-08-27,2009,3,8,20,57.49046666666666,802.877,0,8.047949999999998,442.9290669945879,6372.384400657453,94.05122375488281,2009_8,16.973615429403978
2009-08-27,2009,3,8,20,57.527683333333336,839.139,0,8.652316666666668,479.1788702363368,6376.180948825033,78.64325714111328,2009_8,16.91516667288244
2009-08-27,2009,3,8,20,57.33219999999999,844.059,8.840909090909092,8.734316666666667,484.0044089121968,6354.397079925762,24.33841896057129,2009_8,17.55252887667835
2009-08-27,2009,3,8,20,57.488033333333334,904.45,27.877461706783368,9.074166666666667,504.44632534834363,6371.716066830322,19.293437957763672,2009_8,17.377842898952036
2009-08-27,2009,3,8,20,57.57408333333333,855.587,0,8.926449999999999,495.6010189433649,6381.295522488632,67.4564208984375,2009_8,16.988058622305868
2009-08-28,2009,3,8,20,57.654149999999994,1046.58,8.151750972762647,10.776333333333332,606.0008210650475,6391.595039589247,24.53995704650879,2009_8,17.825881715035003
2009-08-28,2009,3,8,20,57.67411666666667,1057.947,11.515151515151516,10.96578333333333,617.2397996702541,6394.129274126227,32.47343063354492,2009_8,17.90603669117072
2009-08-31,2009,3,8,20,57.54646666666666,1103.805,20.81996434937611,11.063416666666667,623.4938501664691,6380.095458201898,40.163429260253906,2009_8,18.07349455741362
2009-08-31,2009,3,8,20,57.6194,1053.877,39.23679060665362,10.89795,613.3653281773323,6387.923974437067,26.80995750427246,2009_8,18.020317572250654
2009-09-01,2009,3,9,20,57.58958333333333,914.033,29.49019607843137,9.233883333333333,513.9824599354173,6383.042780715705,32.136417388916016,2009_9,15.834397551979771
2009-09-01,2009,3,9,20,57.658899999999996,944.25,26.33499170812604,9.7375,544.0062773162142,6390.974758133714,42.03807067871094,2009_9,15.895659573241275
2009-09-01,2009,3,9,20,57.93156666666667,938.309,0,9.638483333333333,537.8118776107927,6421.269842195781,179.3180694580078,2009_9,15.665222635781392
2009-09-01,2009,3,9,20,58.023133333333334,951.029,0,9.850483333333333,550.238162699682,6431.601962181197,194.83905029296875,2009_9,15.643163570675084
2009-09-02,2009,3,9,20,58.49676666666666,1107.577,0,11.126283333333333,623.9246739088009,6485.9797938524325,58.07478713989258,2009_9,16.562861534867487
2009-09-02,2009,3,9,20,58.27036666666666,1118.909,0.1267361111111111,11.315150000000001,635.7971780607465,6461.145575269646,29.954788208007812,2009_9,16.66152883322838
2009-09-02,2009,3,9,20,58.13028333333333,1109.49,0,11.158166666666666,627.0905663121486,6445.248269963454,75.79479217529297,2009_9,16.18523542558519
2009-09-02,2009,3,9,20,58.0902,1047.707,0,10.795116666666669,605.8333382300453,6440.1600298405765,202.37506103515625,2009_9,15.897638619146067
2009-09-03,2009,3,9,21,57.220850000000006,1203.052,2.5656565656565657,12.050866666666666,684.1984196763252,6346.095060000255,41.398231506347656,2009_9,16.87705260550066
2009-09-03,2009,3,9,21,57.04573333333333,1211.724,8.135283363802559,12.1954,693.8345797207866,6327.0140852765435,37.878231048583984,2009_9,16.857380518711572
2009-09-03,2009,3,9,21,56.90291666666667,1215.735,27.48560460652591,12.262249999999998,698.6471971339788,6311.318805080614,30.754863739013672,2009_9,16.89109026120375
2009-09-03,2009,3,9,21,56.84551666666666,1214.917,2.9180887372013653,12.248616666666665,698.1209087125368,6304.894031327602,37.66486358642578,2009_9,16.807789255085805
2009-09-03,2009,3,9,21,56.563599999999994,1236.782,0.7942973523421589,12.613033333333332,721.9889367175135,6274.653588296016,22.206270217895508,2009_9,16.91350881137114
2009-09-07,2009,3,9,21,57.21138333333333,1139.638,3.144654088050314,11.660633333333331,660.6864599400208,6344.053880339368,48.363121032714844,2009_9,16.745258061922435
2009-09-07,2009,3,9,21,57.13156666666667,1150.748,23.519458544839257,11.8458,672.2366948895095,6335.625289050332,55.16312026977539,2009_9,16.784223958308207
2009-09-08,2009,3,9,20,58.200450000000004,1025.731,0,10.42885,583.9818332060205,6451.917294814059,303.2950744628906,2009_9,15.677055986997875
2009-09-08,2009,3,9,20,58.125233333333334,1051.68,0,10.861333333333334,609.6290334062409,6444.165319905201,170.54505920410156,2009_9,15.897344464256443
2009-09-08,2009,3,9,20,57.993900000000004,1041.487,0,10.691450000000001,599.9909147472731,6429.282749830407,183.7650604248047,2009_9,15.86306011619931
2009-09-08,2009,3,9,20,57.7598,1118.244,0,11.304066666666666,637.0864258088832,6404.300339076172,75.19342803955078,2009_9,16.451899719455533
2009-09-08,2009,3,9,21,57.40508333333334,1119.433,31.72041166380789,11.323883333333333,639.6175188690274,6364.865347673401,37.367637634277344,2009_9,16.618458792308893
2009-09-09,2009,3,9,21,56.22211666666667,1057.719,42.87892376681614,10.961983333333334,621.6528187573607,6232.532583501989,20.16118621826172,2009_9,16.758870760267055
2009-09-09,2009,3,9,21,56.35081666666667,1154.814,19.313373253493015,11.913566666666668,680.0333761318149,6248.9374725774815,30.70829963684082,2009_9,16.775728843470173
2009-09-09,2009,3,9,21,56.58866666666666,1149.29,14.719710669077758,11.821499999999999,673.2591271252376,6275.161910368258,30.776138305664062,2009_9,16.733024752222317
2009-09-09,2009,3,9,21,56.783483333333336,1153.176,26.579804560260587,11.886266666666666,676.321741667782,6297.001422818885,36.4061393737793,2009_9,16.76080969368287
2009-09-10,2009,3,9,21,56.92005000000001,1141.951,1.0307692307692309,11.699183333333334,664.29656533329,6311.7299674424,33.636138916015625,2009_9,16.712101157810707
2009-09-10,2009,3,9,21,57.16495,1126.775,1.1112820512820512,11.446250000000001,647.9278952594598,6338.401647650275,62.637638092041016,2009_9,16.694652722681177
2009-09-10,2009,3,9,21,57.30951666666667,1134.719,0.38269550748752085,11.578650000000001,655.3229031301124,6354.783099792013,68.483123779296875,2009_9,16.669654265026157
2010-01-25,2010,1,1,20,57.56326666666667,1137.194,0,11.6199,656.7179498499462,6383.113824538404,40.97043228149414,2010_1,3.809849348579034
2010-01-25,2010,1,1,21,57.39971666666667,1119.266,0.2096505823627288,11.321100000000001,639.4707303679793,6364.2624098572005,37.367637634277344,2010_1,4.277529857014189
2010-01-26,2010,1,1,21,56.21246666666666,1057.715,0,10.961916666666665,621.6792587625637,6231.458648987562,20.16118621826172,2010_1,3.82006026589168
2010-01-26,2010,1,1,21,56.448150000000005,1105.3,0,11.088333333333333,628.7225328400089,6257.914644366366,18.342756271362305,2010_1,3.907047374826783
2010-01-26,2010,1,1,21,56.351549999999996,1154.562,0,11.909366666666665,679.7704869603417,6249.008070837005,30.70829963684082,2010_1,3.808538694013619
2010-01-26,2010,1,1,21,56.3675,1215.52,0,12.258666666666667,701.2612158835788,6251.749916484417,32.72195816040039,2010_1,3.665740349519899
2010-01-27,2010,1,1,21,56.34225,1236.072,0,12.601199999999999,722.5535684382718,6249.996846278006,23.126773834228516,2010_1,3.430415291018442
2010-01-28,2010,1,1,21,56.588033333333335,1149.49,0.13005136986301372,11.824833333333334,673.4666531801913,6275.099872182872,30.776138305664062,2010_1,3.830359174835498
2010-01-28,2010,1,1,21,56.7849,1152.939,0.09584664536741214,11.882316666666668,676.0738791020492,6297.148866512494,36.4061393737793,2010_1,3.8247908851008985
2010-01-28,2010,1,1,21,56.92211666666667,1141.796,0.20217729393468117,11.6966,664.1302924744115,6311.953706434854,33.636138916015625,2010_1,3.9750109400589486
2010-01-28,2010,1,1,21,57.09673333333333,1149.911,0.08051529790660227,11.831850000000001,671.5536690250291,6331.714524650597,55.16312026977539,2010_1,3.871402770357445
2010-01-28,2010,1,1,21,57.18531666666666,1139.604,0.23730964467005075,11.660066666666667,660.765514921465,6341.152123310594,48.363121032714844,2010_1,4.008116440563333
2010-01-29,2010,1,1,21,57.44336666666666,1049.914,0,10.8319,609.9494075584057,6368.222869572445,35.68459701538086,2010_1,4.19700616006313
2010-01-29,2010,1,1,20,57.67668333333333,1057.479,0,10.957983333333335,616.7664307837947,6394.4014797348045,32.47343063354492,2010_1,4.7678580055835535
2010-02-01,2010,1,2,21,57.33836666666666,1133.807,0,11.56345,654.2866194195823,6357.95878375772,68.483123779296875,2010_2,3.89823082209636
2010-02-01,2010,1,2,21,57.18698333333334,1126.581,0,11.443016666666665,647.6445166095841,6340.846433692154,62.637638092041016,2010_2,3.957401909654891
2010-02-02,2010,1,2,21,56.56031666666666,1236.283,0.05642023346303502,12.604716666666665,721.4974140126849,6274.26153282976,22.206270217895508,2010_2,3.183334524373254
2010-02-02,2010,1,2,21,56.83715,1214.314,0.10657193605683837,12.238566666666667,697.5523478606159,6303.93424708516,37.66486358642578,2010_2,3.2724582238382123
2010-02-02,2010,1,2,21,56.903283333333334,1215.644,0,12.260733333333333,698.5529367502158,6311.355186381856,30.754863739013672,2010_2,3.2346685308439818
2010-02-02,2010,1,2,21,57.02036666666666,1212.39,0.2504816955684008,12.206500000000002,694.6402602786936,6324.223759407538,37.878231048583984,2010_2,3.3211945890718635
2010-02-03,2010,1,2,20,58.63383333333333,1050.345,0,10.839083333333333,606.7707978617823,6500.743652614881,81.1828842163086,2010_2,4.261919724947948
2010-02-03,2010,1,2,20,58.56453333333334,1053.305,0,10.888416666666668,609.8515458822164,6493.109020969693,75.29288482666016,2010_2,4.295487218141524
2010-02-03,2010,1,2,20,58.51411666666666,1050.527,0,10.842116666666668,607.3126120075884,6487.421993419507,103.94506072998047,2010_2,4.469680990699537
2010-02-03,2010,1,2,20,58.49368333333334,1107.518,0,11.125300000000001,623.8782337668102,6485.6347837413505,58.07478713989258,2010_2,3.8636480636731347
2010-02-03,2010,1,2,20,58.30285000000001,1058.694,0,10.978233333333332,615.932599230165,6464.131309722267,110.01478576660156,2010_2,4.545008417521139
2010-02-04,2010,1,2,20,58.36008333333333,1050.756,0,10.845933333333335,608.0057689331894,6470.281927697314,129.90505981445312,2010_2,4.629280177813653
2010-02-04,2010,1,2,20,58.25456666666667,1110.064,0.19462025316455694,11.167733333333334,627.2088406895754,6459.09920612235,64.59478759765625,2010_2,4.2292728940878765
2010-02-04,2010,1,2,20,58.08843333333333,1103.871,0,11.064516666666668,621.7193340972111,6440.417603415769,115.44478607177734,2010_2,4.745256952464258
2010-02-04,2010,1,2,20,57.89575,1110.525,0,11.175416666666669,628.9471867283892,6419.177781709,65.6634292602539,2010_2,4.799660043615894
2010-02-04,2010,1,2,20,57.87553333333334,1059.636,0,10.993933333333333,618.2581419749176,6416.595995793002,81.28343200683594,2010_2,5.0577989848371265
2010-02-05,2010,1,2,20,57.67281666666666,1121.7,0,11.361666666666668,640.8501772307761,6394.7382424204925,80.20343017578125,2010_2,4.332877241222143
2010-02-08,2010,1,2,20,57.82271666666667,1102.964,0,11.049399999999999,621.7253095919483,6410.8158498844105,53.77342987060547,2010_2,5.006473684062524
2010-02-08,2010,1,2,20,57.829366666666665,1038.155,0,10.635916666666667,597.1515833824674,6410.88740329953,104.51995849609375,2010_2,5.186232015177538
2010-02-10,2010,1,2,20,57.41218333333333,832.069,0,8.534483333333332,472.03436156616084,6363.365485790744,30.22842025756836,2010_2,5.893445817829773
2010-02-10,2010,1,2,20,57.453133333333334,831.538,0,8.525633333333333,471.5345162020935,6367.927773409935,47.39841842651367,2010_2,5.893445817829773
2010-02-10,2010,1,2,20,57.526466666666664,835.39,0,8.589833333333333,475.43624240604976,6376.066382848232,90.92325592041016,2010_2,5.853959294255857
2010-02-10,2010,1,2,20,57.60986666666666,845.783,0,8.76305,485.84208780563534,6385.3014712444665,108.2332534790039,2010_2,5.751104897463943
2010-02-10,2010,1,2,20,57.75666666666666,843.606,0,8.726766666666666,483.74000678889945,6401.652419389625,249.2132568359375,2010_2,5.060731005545891
2010-02-11,2010,1,2,20,57.74583333333333,1009.473,0,10.157883333333332,568.9238270656202,6401.002566906403,71.65608215332031,2010_2,5.299096974430695
2010-02-11,2010,1,2,20,57.758183333333335,947.682,0,9.7947,547.2896847468832,6402.065870705213,36.61806869506836,2010_2,5.541950264739957
2010-02-11,2010,1,2,20,57.897483333333334,953.906,0,9.898433333333333,553.2564245703936,6417.650468258786,60.15608215332031,2010_2,5.295081573254792
2010-02-11,2010,1,2,20,58.02776666666667,951.706,0,9.861766666666666,550.8980670751313,6432.126230288984,194.83905029296875,2010_2,5.079566477595631
2010-02-11,2010,1,2,20,58.071450000000006,948.682,0,9.811366666666666,547.86296960389,6436.952583570754,362.58905029296875,2010_2,4.921376047700496
2010-02-11,2010,1,2,20,57.978983333333325,952.369,0,9.872816666666667,551.6208542079263,6426.703684623039,95.15806579589844,2010_2,5.079566477595631
2010-08-23,2010,3,8,20,57.660900000000005,1111.147,6.2217659137577,11.185783333333331,630.4055037853911,6393.060142260858,39.72343063354492,2010_8,17.560853684530176
2010-08-23,2010,3,8,20,57.65246666666667,1059.804,12.771084337349398,10.996733333333335,619.156327796976,6391.773616220185,34.5034294128418,2010_8,17.461996253807325
2010-08-23,2010,3,8,20,57.64691666666666,1046.226,17.043478260869563,10.770433333333335,605.6698159667093,6390.780730972848,24.53995704650879,2010_8,17.345331338117976
2010-08-24,2010,3,8,21,56.48051666666667,1105.746,33.40857787810384,11.095766666666668,629.0707747150944,6261.530246780692,17.072755813598633,2010_8,18.08620798707644
2010-08-24,2010,3,8,21,56.25683333333333,1058.505,19.384288747346076,10.975083333333336,622.3542056943209,6236.418930510862,16.50118637084961,2010_8,18.378046991122144
2010-08-24,2010,3,8,21,56.34778333333334,1158.112,1.1,11.968533333333335,683.4432477672465,6248.745236613301,31.678298950195312,2010_8,18.471253382642878
2010-08-24,2010,3,8,21,56.338950000000004,1236.471,0.16485900216919738,12.607850000000001,722.9835894966307,6249.651363611276,23.126773834228516,2010_8,18.972471986563644
2010-08-26,2010,3,8,21,56.56266666666667,1236.824,0.8131868131868132,12.613733333333334,722.0373939485457,6274.552047833367,22.206270217895508,2010_8,18.839966748383674
2010-08-26,2010,3,8,21,56.367399999999996,1215.814,0,12.263566666666668,701.5642504331771,6251.753144286931,32.72195816040039,2010_8,18.6482031489223
2010-08-26,2010,3,8,21,56.592933333333335,1149.452,1.5982721382289415,11.8242,673.4053248628353,6275.643419297632,30.776138305664062,2010_8,18.35583057098421
2010-08-26,2010,3,8,21,56.78861666666667,1152.613,4.050387596899224,11.876883333333334,675.7246962493464,6297.5484027494185,36.4061393737793,2010_8,18.41016345249297
2010-08-26,2010,3,8,21,56.82758333333333,1213.592,0.38934426229508196,12.226533333333334,696.868846398379,6302.83534732207,40.15486145019531,2010_8,18.67587432411187
2010-08-27,2010,3,8,21,56.871399999999994,1217.716,0.49217002237136465,12.295266666666665,700.825855135379,6307.909365965013,37.66486358642578,2010_8,18.821340474108727
2010-08-27,2010,3,8,21,57.01626666666666,1212.486,1.554524361948956,12.208100000000002,694.7587866706652,6323.77222023396,37.878231048583984,2010_8,18.979036345794864
2010-08-30,2010,3,8,20,57.735866666666666,1119.765,0,11.329416666666669,638.685964348777,6401.688420391983,75.19342803955078,2010_8,17.87547106521748
2010-08-30,2010,3,8,20,57.79036666666666,1052.92,0,10.882000000000001,611.8842286735812,6406.926383782979,73.83995819091797,2010_8,17.27410186074003
2010-08-30,2010,3,8,20,57.807516666666665,1048.89,0,10.814833333333334,607.8406007591079,6408.72625584618,84.33995819091797,2010_8,17.086417934376705
2010-08-31,2010,3,8,20,57.44966666666666,811.81,0,8.196833333333332,451.79997354624214,6367.727293033146,78.01122283935547,2010_8,16.08087599810032
2010-08-31,2010,3,8,20,57.28745000000001,828.763,5.659090909090909,8.479383333333335,468.6180638141008,6349.5042147453105,23.26841926574707,2010_8,16.864160796834735
2010-08-31,2010,3,8,20,57.27583333333334,839.972,35.20518358531317,8.6662,479.87266601812604,6348.1404044964365,23.81842041015625,2010_8,17.15688862933308
2010-08-31,2010,3,8,20,57.37213333333334,907.874,9.424778761061946,9.131233333333334,507.8924006511531,6358.818915762594,20.403438568115234,2010_8,17.28955510563047
2010-08-31,2010,3,8,20,57.486799999999995,908.051,20.60085836909871,9.134183333333334,508.0446207699537,6371.584284024553,19.653438568115234,2010_8,16.77183455257962
2010-08-31,2010,3,8,20,57.52023333333333,854.961,1.0059171597633136,8.916016666666668,494.96959284645374,6375.3013933492275,51.4664192199707,2010_8,16.451565002972586
2010-09-01,2010,3,9,20,57.77068333333333,845.311,0,8.755183333333333,485.43670505900843,6403.206407578499,249.2132568359375,2010_9,14.944123682105564
2010-09-01,2010,3,9,20,57.7215,853.769,0,8.89615,493.81392374887724,6397.709315543797,166.26641845703125,2010_9,14.912220451434493
2010-09-01,2010,3,9,20,57.590050000000005,914.078,26.962616822429904,9.234633333333333,514.0271181499113,6383.094887359213,32.136417388916016,2010_9,15.203720965755295
2010-09-01,2010,3,9,20,57.694533333333325,931.928,1.3377192982456139,9.532133333333332,531.7211902708937,6394.826937405495,29.908069610595703,2010_9,15.159267136608367
2010-09-01,2010,3,9,20,57.64886666666666,941.044,0,9.684066666666666,540.8292695010628,6389.824392927622,42.03807067871094,2010_9,15.19430050679329
2010-09-02,2010,3,9,20,57.87395,918.964,0,9.316066666666668,518.7480148868872,6414.720555108237,221.4464111328125,2010_9,14.968792126603834
2010-09-02,2010,3,9,20,57.87131666666667,933.436,0,9.557266666666667,533.0574515589204,6414.519733617586,115.15806579589844,2010_9,15.069858416150161
2010-09-02,2010,3,9,20,58.12094999999999,1022.207,0,10.370116666666666,580.7098545847923,6442.995538838438,156.50506591796875,2010_9,15.082748605363538
2010-09-02,2010,3,9,20,58.204866666666675,1023.535,0,10.392249999999999,581.8206724837447,6452.363951818591,303.2950744628906,2010_9,15.05811888656021
2010-09-03,2010,3,9,21,57.448233333333334,1050.728,1.524008350730689,10.845466666666669,610.7488413984939,6368.786553484885,35.68459701538086,2010_9,15.992082630252298
2010-09-03,2010,3,9,20,57.58766666666667,1101.201,20.892857142857142,11.020016666666667,620.7603526983298,6384.602732951059,32.323429107666016,2010_9,15.904947794674122
2010-09-06,2010,3,9,21,57.40655,1119.398,35.319148936170215,11.323299999999998,639.5769015696708,6365.027366669913,37.367637634277344,2010_9,15.991578509519837
2010-09-06,2010,3,9,21,57.34926666666667,1135.156,0,11.585933333333333,655.5933246449677,6359.222885103216,68.483123779296875,2010_9,16.125575908468612
2010-09-06,2010,3,9,21,57.18158333333334,1126.737,2.3847695390781563,11.445616666666668,647.8231777975936,6340.251174861461,62.637638092041016,2010_9,16.150371032498597
2010-09-07,2010,3,9,20,58.623933333333326,1029.155,0,10.485916666666666,586.2939315598255,6499.133439605821,164.73287963867188,2010_9,15.212850081341022
2010-09-07,2010,3,9,20,58.457883333333335,1103.872,0,11.064533333333335,620.459456186172,6481.539491741369,54.62479019165039,2010_9,15.797524856633313
2010-09-07,2010,3,9,20,58.36398333333333,1050.708,0,10.845133333333335,607.9470614217493,6470.714766532918,129.90505981445312,2010_9,15.291863592254954
2010-09-07,2010,3,9,20,58.26936666666667,1118.94,1.0917030567685588,11.315666666666667,635.8313041842864,6461.035320007929,29.954788208007812,2010_9,16.080257839362023
2010-09-09,2010,3,9,21,56.922,1141.772,0.14699331848552338,11.6962,664.1064657082135,6311.939765130276,33.636138916015625,2010_9,16.200532373960442
2010-09-09,2010,3,9,21,57.18500000000001,1139.553,0.280943025540275,11.65921666666667,660.7155343691189,6341.114883118238,48.363121032714844,2010_9,16.268503835468266
2010-09-09,2010,3,9,21,57.095,1149.64,0.3373015873015873,11.827333333333335,671.2881366239999,6331.510320610939,55.16312026977539,2010_9,16.269230042248743
2010-09-09,2010,3,9,21,57.18703333333333,1203.664,1.6705882352941177,12.061066666666667,684.983132062323,6342.360475295703,41.398231506347656,2010_9,16.345165520267003
2011-01-17,2011,1,1,20,58.236666666666665,1110.77,0,11.179499999999999,627.9636671687834,6457.129191606695,64.59478759765625,2011_1,5.059749008829363
2011-01-18,2011,1,1,20,58.563500000000005,1052.5,0,10.875,609.0744220236392,6492.972120366318,75.29288482666016,2011_1,5.239165469601046
2011-01-18,2011,1,1,20,58.6285,1050.61,0,10.843499999999999,607.0434894934144,6500.156995219164,81.1828842163086,2011_1,5.254098350611038
2011-01-18,2011,1,1,20,58.5035,1050.27,0,10.837833333333332,607.0954610188836,6486.233353654434,103.94506072998047,2011_1,5.436284674855985
2011-01-18,2011,1,1,20,58.49166666666667,1107.66,0,11.127666666666668,624.0232618755094,6485.41468091227,58.07478713989258,2011_1,4.584494858083835
2011-01-19,2011,1,1,20,58.330000000000005,1059.86,0,10.997666666666666,616.9815684815359,6467.186959111443,94.85478973388672,2011_1,5.484533170613362
2011-01-19,2011,1,1,20,58.32283333333333,1050.7,0,10.845,608.0648584593134,6466.134013518518,149.0150604248047,2011_1,5.601092814240678
2011-01-19,2011,1,1,20,58.066333333333326,1044.59,0,10.743166666666665,602.8396078961714,6437.423095196637,221.1450653076172,2011_1,5.870931514567755
2011-01-20,2011,1,1,20,57.959833333333336,949.14,0,9.818999999999999,548.4639184975467,6424.53191767749,95.15806579589844,2011_1,5.91492649500976
2011-01-20,2011,1,1,20,58.0065,948.96,0,9.816,548.2236596891778,6429.725070764305,218.37905883789062,2011_1,5.91492649500976
2011-01-20,2011,1,1,20,58.06033333333333,946.66,0,9.777666666666667,545.8892993974048,6435.691570517516,362.58905029296875,2011_1,5.728886984035462
2011-01-20,2011,1,1,20,57.89633333333333,953.67,0,9.894499999999999,553.0249698896533,6417.519353684906,60.15608215332031,2011_1,6.1225332896808755
2011-01-24,2011,1,1,20,57.66466666666667,1121.97,0,11.366166666666667,641.1501600800644,6393.840616091315,80.20343017578125,2011_1,5.266974119743499
2011-01-24,2011,1,1,20,57.873666666666665,1112.93,0,11.2155,631.4031380894103,6416.797159708726,82.71343231201172,2011_1,5.50304584890178
2011-01-25,2011,1,1,20,58.05333333333333,1105.05,0,11.084166666666667,622.9982914051096,6436.546519186739,120.8847885131836,2011_1,5.600350811914594
2011-01-25,2011,1,1,20,57.878833333333326,1100.26,0,11.004333333333333,618.8639601175671,6416.981520899149,81.28343200683594,2011_1,5.826014652153678
2011-01-25,2011,1,1,20,57.81066666666667,1059.41,0,10.990166666666669,618.2471760256245,6409.369676228148,65.53343200683594,2011_1,5.779704299034765
2011-01-26,2011,1,1,20,57.75833333333333,843.53,0,8.7255,483.665380142443,6401.838271239925,249.2132568359375,2011_1,5.959436967643295
2011-01-26,2011,1,1,20,57.63483333333333,848.87,0,8.8145,488.9238523539785,6388.071344736387,94.27642059326172,2011_1,6.381664726112774
2011-01-26,2011,1,1,20,57.52916666666667,840.08,0,8.668000000000001,480.1188744763143,6376.341379580982,78.64325714111328,2011_1,6.564599836985335
2011-01-27,2011,1,1,20,57.41466666666667,833.02,0,8.550333333333333,472.9883607035722,6363.6355261857725,30.22842025756836,2011_1,6.462946631461307
2011-01-27,2011,1,1,20,57.45433333333334,831.11,0,8.5185,471.1074143689259,6368.064369425583,47.39841842651367,2011_1,6.609870636763419
2011-01-27,2011,1,1,20,57.74400000000001,944.88,0,9.748,544.5282434172295,6400.455272283683,36.61806869506836,2011_1,6.328143658346506
2011-01-28,2011,1,1,21,57.442833333333326,1049.86,0,10.830999999999998,609.8969973065566,6368.162054308231,35.68459701538086,2011_1,4.99868675344414
2011-01-31,2011,1,1,20,57.573,1138.2,0,11.636666666666667,657.6785058239648,6384.235750512148,21.39043426513672,2011_1,4.504096305511959
2011-01-31,2011,1,1,21,57.34966666666666,1135.27,0,11.587833333333332,655.7059196842179,6359.271742392408,68.483123779296875,2011_1,4.888225123668086
2011-02-01,2011,1,2,21,57.12816666666666,1150.73,0.4961832061068702,11.8455,672.2343364049476,6335.246243007095,55.16312026977539,2011_2,3.260031999869844
2011-02-01,2011,1,2,21,56.95216666666667,1139.77,0,11.662833333333333,661.9453415445169,6315.216657075269,33.26312255859375,2011_2,3.279625944486428
2011-02-01,2011,1,2,21,56.62533333333334,1149.89,0,11.831500000000002,673.7045444232264,6279.26654868099,34.36613845825195,2011_2,3.111354434533646
2011-02-02,2011,1,2,21,56.254,1058.41,0.7302231237322515,10.973500000000001,622.2651684401675,6236.100835476322,16.50118637084961,2011_2,3.2059512204956007
2011-02-02,2011,1,2,21,56.352666666666664,1154.2,0,11.903333333333334,679.392564355794,6249.116547937428,30.70829963684082,2011_2,3.124387894533136
2011-02-03,2011,1,2,21,56.36383333333333,1215.96,0,12.266,701.7333242380463,6251.363544453601,32.72195816040039,2011_2,3.026873658353068
2011-02-07,2011,1,2,21,56.873000000000005,1217.33,0,12.288833333333333,700.4253923428388,6308.0684707892215,30.754863739013672,2011_2,2.859591893901821
2011-02-07,2011,1,2,21,57.01466666666667,1212.51,0,12.208499999999999,694.7914292256934,6323.595370332741,37.878231048583984,2011_2,2.773602593543278
2011-02-09,2011,1,2,20,57.74750000000001,1010.23,0,10.1705,569.6715925916949,6401.201004088208,75.0060806274414,2011_2,5.278189904551693
2011-02-09,2011,1,2,20,57.833333333333336,1034.81,0,10.580166666666665,593.8308377734211,6411.250274735083,104.51995849609375,2011_2,4.764724510284061
2011-02-09,2011,1,2,20,57.67716666666667,1057.39,0,10.956500000000002,616.676432421303,6394.452720400309,32.47343063354492,2011_2,4.404119522137889
2011-02-09,2011,1,2,21,57.40416666666667,1119.34,0.5139186295503212,11.322333333333331,639.5279026031944,6364.76015506327,37.367637634277344,2011_2,3.7249315249635493
2011-02-10,2011,1,2,21,56.341499999999996,1235.91,0,12.598500000000001,722.3911600402952,6249.904698914197,23.126773834228516,2011_2,2.8884162309738786
2011-02-10,2011,1,2,21,56.5495,1233.57,0.8108108108108109,12.559499999999998,718.7828651770781,6272.913404578749,25.18486213684082,2011_2,2.81294076567806
2011-02-10,2011,1,2,21,56.84483333333333,1214.99,0,12.249833333333333,698.1986901387385,6304.821542007662,37.66486358642578,2011_2,2.859591893901821
2011-02-10,2011,1,2,21,57.18833333333334,1203.67,0,12.061166666666669,684.9826722929054,6342.505375827019,41.398231506347656,2011_2,2.8867295337906844
2011-08-29,2011,3,8,20,58.41016666666666,1046.67,0,10.777833333333335,603.8744528054914,6475.749695450392,137.66506958007812,2011_8,17.278188310271876
2011-08-30,2011,3,8,20,57.71833333333334,1002.41,0,10.040166666666666,561.9640068063641,6397.827577219082,64.30608367919922,2011_8,16.934884866001454
2011-08-30,2011,3,8,20,57.755166666666675,946.88,0,9.781333333333333,546.4981784464563,6401.720789213347,36.61806869506836,2011_8,16.757680747860935
2011-08-30,2011,3,8,20,57.71366666666666,937.18,0,9.619666666666665,536.9196164746454,6397.0012874988715,29.288068771362305,2011_8,16.67909794512186
2011-08-30,2011,3,8,20,57.70683333333333,925.45,0.39915966386554624,9.424166666666668,525.2766386844129,6396.150855922871,33.04806900024414,2011_8,16.757710006502922
2011-08-30,2011,3,8,20,57.57899999999999,912.76,12.12121212121212,9.212666666666667,512.7177390035149,6381.8604137451985,32.136417388916016,2011_8,16.866798343365613
2011-08-31,2011,3,8,20,57.45399999999999,812.74,0,8.212333333333333,452.73573245549574,6368.198789755334,78.01122283935547,2011_8,16.39510820701877
2011-08-31,2011,3,8,20,57.4535,831.53,0,8.5255,471.52680025645196,6367.968647256219,47.39841842651367,2011_8,16.479501240178468
2011-08-31,2011,3,8,20,57.30933333333334,831.72,7.08695652173913,8.528666666666668,471.60561827802496,6351.918610292102,25.76841926574707,2011_8,16.77215928043899
2011-08-31,2011,3,8,20,57.3305,844.81,10.585585585585585,8.746833333333333,484.757274749505,6354.204962257265,24.33841896057129,2011_8,17.135438583642834
2011-08-31,2011,3,8,20,57.50566666666667,852.08,0,8.868,492.09035615187884,6373.684341526516,51.4664192199707,2011_8,16.637201795109377
2011-08-31,2011,3,8,20,57.57633333333333,856,0,8.933333333333334,496.01295287935125,6381.545579775745,67.4564208984375,2011_8,16.57564191877161
2011-09-01,2011,3,9,20,58.846166666666676,1013.72,0,10.228666666666667,570.9018179406944,6523.573413271936,202.8675079345703,2011_9,15.76688632545334
2011-09-01,2011,3,9,20,58.47866666666667,1031.19,0,10.519833333333334,588.6294650049323,6483.005753188502,189.5650634765625,2011_9,15.41960213240966
2011-09-02,2011,3,9,20,57.98783333333334,1049.3,0,10.821666666666665,607.7058545458582,6428.807637993161,194.54995727539062,2011_9,15.40422198856424
2011-09-02,2011,3,9,20,58.09416666666666,1051.72,0,10.862,609.7637423695135,6440.708401744975,170.54505920410156,2011_9,15.381422672291448
2011-09-02,2011,3,9,20,58.22733333333334,1042.39,0,10.706500000000002,600.2231862744044,6455.28934597567,221.37506103515625,2011_9,15.369475973287011
2011-09-02,2011,3,9,20,58.272166666666664,1118.9,0.20673076923076922,11.315000000000001,635.7814933793804,6461.345607892461,29.954788208007812,2011_9,16.1164002424564
2011-09-03,2011,3,9,20,57.53033333333333,1100.42,19.20634920634921,11.007000000000001,620.1710420921324,6378.198652007506,36.06343078613281,2011_9,15.918457840243487
2011-09-03,2011,3,9,20,57.59433333333333,1100.27,27.789473684210527,11.0045,619.8109750167497,6385.317202670475,32.323429107666016,2011_9,15.890843783884748
2011-09-03,2011,3,9,20,58.01649999999999,1109.85,0,11.164166666666665,627.8499971246023,6432.595573690531,100.6347885131836,2011_9,15.570138542625978
2011-09-05,2011,3,9,20,57.514333333333326,1049.04,41.9620253164557,10.817333333333332,608.8639323080697,6376.098006764788,28.079957962036133,2011_9,15.913657449378409
2011-09-05,2011,3,9,21,57.456500000000005,1051.04,37.204301075268816,10.850666666666665,611.0357947380255,6369.715110844763,35.68459701538086,2011_9,15.978333673560366
2011-09-05,2011,3,9,20,57.650666666666666,1059.75,17.8,10.995833333333334,619.1085269017177,6391.571698397599,34.5034294128418,2011_9,15.815926068633336
2011-09-06,2011,3,9,21,56.35249999999999,1155.34,5.938697318007663,11.922333333333333,680.5669416309565,6249.147717305936,30.70829963684082,2011_9,16.084241307177116
2011-09-06,2011,3,9,21,56.398999999999994,1215.58,0.8669354838709677,12.259666666666666,701.1567676398205,6255.2567304275335,34.694862365722656,2011_9,16.134484431433755
2011-09-06,2011,3,9,21,56.33533333333333,1236.87,0,12.614499999999998,723.4155313837449,6249.270703909432,23.126773834228516,2011_9,16.239468349269032
2011-09-06,2011,3,9,21,56.54933333333334,1234.12,0.8502024291497976,12.568666666666665,719.3469683865184,6272.924133068288,25.18486213684082,2011_9,16.185140765473687
2011-09-06,2011,3,9,21,56.81416666666667,1212.5,9.797160243407708,12.208333333333334,695.8288517195887,6301.290619724503,40.15486145019531,2011_9,16.082434717984874
2011-09-07,2011,3,9,21,56.44083333333333,1105.23,17.5704989154013,11.087166666666667,628.675360221857,6257.098285927176,18.342756271362305,2011_9,16.090933886240855
2011-09-07,2011,3,9,21,56.21666666666667,1057.78,19.37629937629938,10.963,621.7331244034941,6231.927922482006,20.16118621826172,2011_9,16.117641890218554
2011-09-08,2011,3,9,21,56.58916666666667,1148.95,12.184873949579831,11.815833333333334,672.9089820925966,6275.203241419462,32.96613693237305,2011_9,16.033545961438804
2011-09-08,2011,3,9,21,56.79783333333333,1150.29,24.13127413127413,11.838166666666666,673.3180642308923,6298.475093246747,36.4061393737793,2011_9,16.024913800412076
2011-09-08,2011,3,9,21,56.90533333333333,1215.46,6.307385229540919,12.257666666666667,698.3554082382343,6311.574325812152,30.754863739013672,2011_9,16.16733221742534
2011-09-08,2011,3,9,21,57.01466666666667,1212.52,4.82421875,12.208666666666666,694.8015434240085,6323.5958459316635,37.878231048583984,2011_9,16.1979866473596
2011-09-08,2011,3,9,21,57.17833333333333,1204.13,4.6875,12.068833333333336,685.4959037142709,6341.4136896134105,41.398231506347656,2011_9,16.149802236482795
2011-09-09,2011,3,9,21,56.9325,1141.13,1.261595547309833,11.685500000000001,663.4094746491618,6313.082403061975,33.636138916015625,2011_9,16.00547572348441
2011-09-09,2011,3,9,21,57.104166666666664,1149.97,10.163636363636362,11.832833333333333,671.5788585153304,6332.544040984743,55.16312026977539,2011_9,16.075849834368523
2011-09-09,2011,3,9,21,57.18033333333333,1139.58,6.16636528028933,11.659666666666665,660.7629945454646,6340.596688563233,48.363121032714844,2011_9,16.078630754244525
2011-09-09,2011,3,9,21,57.17366666666667,1126.77,1.4376163873370578,11.446166666666667,647.8880392230848,6339.371427519,62.637638092041016,2011_9,16.000550947589133
2011-09-09,2011,3,9,21,57.31216666666666,1134.62,0.616822429906542,11.576999999999998,655.2123750520077,6355.07421110651,68.483123779296875,2011_9,15.973274503562353
2011-09-10,2011,3,9,21,57.375,1118.94,56.072874493927124,11.315666666666667,639.2380167290296,6361.5007035769195,37.367637634277344,2011_9,15.927596493773573
2011-09-10,2011,3,9,20,57.60533333333333,1125.85,1.245136186770428,11.430833333333332,645.2435347763578,6387.374261637153,77.19342803955078,2011_9,15.929602027901934
2011-09-10,2011,3,9,20,57.63616666666667,1127.35,0,11.455833333333333,646.6126296179666,6390.859287101365,77.19342803955078,2011_9,15.941932755959252
2011-09-11,2011,3,9,20,58.56916666666666,1056.85,0,10.947499999999998,613.2729389044978,6493.722958934075,59.80449676513672,2011_9,15.789409627349583
2012-01-09,2012,1,1,20,58.265166666666666,1109.52,0.10161662817551963,11.158666666666667,626.6390748886336,6460.261924461109,64.59478759765625,2012_1,4.262754639183147
2012-01-09,2012,1,1,20,58.49816666666667,1107.48,0,11.124666666666666,623.8255413156506,6486.132642862238,58.07478713989258,2012_1,4.147829501975531
2012-01-10,2012,1,1,20,57.41483333333334,832.8,2.4091778202676863,8.546666666666665,472.76822832428843,6363.655542206345,30.22842025756836,2012_1,6.1701245881621665
2012-01-10,2012,1,1,20,57.45683333333333,836.22,0.2597938144329897,8.603666666666667,476.2194566029933,6368.309673826852,42.13842010498047,2012_1,6.1701245881621665
2012-01-10,2012,1,1,20,57.52583333333334,836.25,0,8.604166666666666,476.29420964488804,6375.990784303105,90.92325592041016,2012_1,6.332401977510432
2012-01-10,2012,1,1,20,57.620666666666665,846.94,0,8.782333333333334,486.99813392674923,6386.499931638302,94.27642059326172,2012_1,6.2630386276671315
2012-01-10,2012,1,1,20,57.76633333333333,844.22,0,8.737,484.3531643396875,6402.72618345584,249.2132568359375,2012_1,5.66475089576133
2012-01-11,2012,1,1,20,58.06483333333334,947.3,0,9.788333333333332,546.512860950386,6436.199853288733,362.58905029296875,2012_1,5.434009190033734
2012-01-11,2012,1,1,20,58.019833333333324,950.69,0,9.844833333333334,549.9090224761238,6431.230390687867,194.83905029296875,2012_1,5.620432197378988
2012-01-11,2012,1,1,20,57.975,951.55,0,9.859166666666665,550.8192194280355,6426.249885361025,95.15806579589844,2012_1,5.620432197378988
2012-01-11,2012,1,1,20,57.88483333333333,951.14,0,9.852333333333332,550.5415916382481,6416.206828095143,63.308067321777344,2012_1,5.833674826363756
2012-01-12,2012,1,1,21,56.47633333333333,1105.93,0.20242914979757087,11.098833333333335,629.2738293241262,6261.07050385921,17.072755813598633,2012_1,3.662869660158616
2012-01-12,2012,1,1,21,56.24916666666666,1058.17,0,10.969500000000002,622.0327703121663,6235.55590597631,16.50118637084961,2012_1,3.428360813666404
2012-01-13,2012,1,1,21,57.444,1049.51,0,10.825166666666666,609.5434417549344,6368.282486420764,35.68459701538086,2012_1,4.102648048520747
2012-01-14,2012,1,1,20,58.07,1104.52,0,11.075333333333333,622.4200424113808,6438.385492703317,115.44478607177734,2012_1,4.799575374434546
2012-01-14,2012,1,1,20,58.075833333333335,1044.21,0,10.736833333333333,602.4388040775247,6438.470926152443,221.1450653076172,2012_1,5.125743390174157
2012-01-14,2012,1,1,20,58.30166666666667,1058.35,0,10.972499999999998,615.6005215009077,6463.989735909031,110.01478576660156,2012_1,4.72138695272522
2012-01-14,2012,1,1,20,58.31466666666667,1050.74,0,10.845666666666666,608.1288284949686,6465.226029316165,149.0150604248047,2012_1,4.981140391606651
2012-01-16,2012,1,1,20,58.51533333333334,1050.27,0,10.837833333333332,607.0594191729857,6487.550593348227,103.94506072998047,2012_1,4.826317178159339
2012-01-16,2012,1,1,20,58.57033333333334,1053.49,0,10.8915,610.0126845707852,6493.759699290491,75.29288482666016,2012_1,4.624466125479929
2012-01-16,2012,1,1,20,58.6375,1050.4,0,10.840000000000002,606.8128116431307,6501.153277622552,81.1828842163086,2012_1,4.627355155049078
2012-01-17,2012,1,1,20,57.74400000000001,944.9,0,9.748333333333333,544.5480861780794,6400.45549141501,36.61806869506836,2012_1,6.0345224641256765
2012-01-17,2012,1,1,20,57.736666666666665,1006.6,0.24154589371980675,10.110000000000001,566.0904139148113,6399.934428664785,71.65608215332031,2012_1,5.637167310147688
2012-01-17,2012,1,1,20,57.831500000000005,1034.34,0,10.572333333333331,593.3704841737722,6411.035368887307,104.00995635986328,2012_1,5.172168394650337
2012-01-17,2012,1,1,20,57.853,1056.58,0,10.943,615.3098961676575,6414.000056274557,105.92343139648438,2012_1,5.010111265383225
2012-01-18,2012,1,1,21,57.19050000000001,1126.29,0,11.438166666666666,647.3374741683415,6341.227261152062,62.637638092041016,2012_1,3.6024667419721363
2012-01-18,2012,1,1,21,56.96000000000001,1139.1,1.4189189189189189,11.651666666666666,661.2325790898176,6316.061830679976,33.26312255859375,2012_1,3.552612939006729
2012-01-18,2012,1,1,21,56.800666666666665,1149.85,2.663551401869159,11.830833333333333,672.8573435154092,6298.771775677416,36.4061393737793,2012_1,3.4210087106967677
2012-01-18,2012,1,1,21,56.62199999999999,1149.67,0,11.827833333333334,673.4949740202348,6278.886416760082,34.36613845825195,2012_1,3.372210693538581
2012-01-19,2012,1,1,21,56.351833333333325,1154.73,2,11.912166666666668,679.9421073430364,6249.046911854709,30.70829963684082,2012_1,3.3370573603760505
2012-01-19,2012,1,1,21,56.368833333333335,1215.8,0.13219616204690832,12.263333333333332,701.5422763425272,6251.9118960366695,32.72195816040039,2012_1,3.172692905859197
2012-01-19,2012,1,1,21,56.339999999999996,1236.48,0,12.608,722.9867266134884,6249.768629107625,23.126773834228516,2012_1,2.920068637900206
2012-01-19,2012,1,1,21,56.54899999999999,1233.6,0.7628865979381444,12.559999999999999,718.8164686107037,6272.859387501528,25.18486213684082,2012_1,2.874850666833817
2012-01-20,2012,1,1,21,56.823499999999996,1213.29,0.19409282700421943,12.221499999999999,696.5832642773609,6302.366636882596,40.15486145019531,2012_1,2.987864485845947
2012-01-20,2012,1,1,21,56.87916666666667,1217.04,0.1649048625792812,12.283999999999999,700.0980089093312,6308.740289087998,30.754863739013672,2012_1,2.918071621880147
2012-01-20,2012,1,1,21,57.0155,1212.36,0.5454545454545455,12.205999999999998,694.6353604633533,6323.680943159273,37.878231048583984,2012_1,2.994847954651635
2012-01-20,2012,1,1,21,57.19349999999999,1203.39,0,12.056500000000002,684.674984924194,6343.067524511354,41.398231506347656,2012_1,2.9760200146262608
2012-01-20,2012,1,1,21,57.12866666666667,1150.91,0.9848484848484849,11.848500000000001,672.4135361543769,6335.30945548374,55.16312026977539,2012_1,3.415979076581496
2012-01-21,2012,1,1,21,57.223499999999994,1139.6,1.342281879194631,11.659999999999998,660.5955607782812,6345.400603370323,68.26312255859375,2012_1,3.5853390776440426
2012-01-21,2012,1,1,21,57.3425,1135.03,0,11.583833333333333,655.495613413901,6358.4651278970205,68.483123779296875,2012_1,3.669070085812841
2012-01-21,2012,1,1,21,57.401,1119.22,0.8656036446469249,11.320333333333334,639.4197981833822,6364.403652132199,37.367637634277344,2012_1,4.0521818800218234
2012-01-21,2012,1,1,20,57.56433333333333,1137.48,0,11.624666666666666,656.9984068744908,6383.243537028073,40.97043228149414,2012_1,3.5076775581052075
2012-01-22,2012,1,1,20,57.68483333333334,1121.38,0,11.356333333333335,640.4856705334394,6396.06447269801,80.20343017578125,2012_1,4.216564669830961
2012-01-22,2012,1,1,20,57.65183333333333,1059.58,0,10.992999999999999,618.9356494410297,6391.6965727260795,34.5034294128418,2012_1,4.641469742551946
2012-01-22,2012,1,1,20,57.811,1059.54,0,10.992333333333333,618.3747954338854,6409.410563637308,53.77342987060547,2012_1,4.965732070082642
2012-01-22,2012,1,1,20,57.874500000000005,1112.3,0,11.205,630.7774839986661,6416.8695546332465,82.71343231201172,2012_1,4.772188794564839
2012-08-11,2012,3,8,20,58.4145,1046.31,0,10.771833333333332,603.5112270216321,6476.222814368698,137.66506958007812,2012_8,17.79679079964681
2012-08-11,2012,3,8,20,58.16983333333333,1010.8,0,10.18,569.4161436153443,6448.225829735121,304.632568359375,2012_8,17.39876874775484
2012-08-12,2012,3,8,20,57.46983333333333,814.65,0,8.244166666666667,454.66546010253506,6369.939658976766,68.45841979980469,2012_8,16.912226745878566
2012-08-12,2012,3,8,20,57.483333333333334,829.57,0,8.492833333333333,469.5913863424519,6371.303904736233,53.45841979980469,2012_8,16.871625485676958
2012-08-12,2012,3,8,20,57.164,825.09,0.33071625344352623,8.418166666666668,464.81073275296023,6335.792002476562,25.468420028686523,2012_8,17.809234962099808
2012-08-13,2012,3,8,20,57.759,947.8,0,9.796666666666665,547.405641360078,6402.158160138371,36.61806869506836,2012_8,17.225930154164175
2012-08-13,2012,3,8,20,57.80100000000001,920.93,0,9.348833333333333,520.7334722761956,6406.608630735251,110.51806640625,2012_8,17.130965484556377
2012-08-13,2012,3,8,20,57.84433333333333,904.45,0,9.074166666666667,504.40294113443974,6411.381933000588,209.5064239501953,2012_8,17.256679725210663
2012-08-13,2012,3,8,20,57.600166666666674,908.25,0,9.1375,508.2179066631233,6384.20521286827,37.366416931152344,2012_8,17.19145897768938
2012-08-14,2012,3,8,20,57.571999999999996,855,0,8.916666666666666,495.01559912451273,6381.064270556986,80.18641662597656,2012_8,16.993093653248074
2012-08-14,2012,3,8,20,57.58433333333334,901.13,0,9.018833333333333,501.12609379169925,6382.434383460308,56.49641799926758,2012_8,17.061030768277995
2012-08-14,2012,3,8,20,57.59066666666666,914.13,10.555555555555554,9.2355,514.07869186232,6383.163717514765,32.136417388916016,2012_8,17.284459258834833
2012-08-14,2012,3,8,20,57.48716666666666,905.58,26.63438256658596,9.093,505.57552391861014,6371.620975013472,19.293437957763672,2012_8,17.38224039831651
2012-08-15,2012,3,8,20,58.11566666666666,1051.71,0,10.861833333333333,609.6878714882939,6443.101274160315,170.54505920410156,2012_8,17.681858408314586
2012-08-15,2012,3,8,20,57.998666666666665,1041.31,0,10.6885,599.803282482301,6429.80897378431,183.7650604248047,2012_8,17.603007879029064
2012-08-15,2012,3,8,20,57.99916666666666,1050.91,0,10.848500000000001,609.2576094890449,6430.112219009562,216.66506958007812,2012_8,17.656876281572845
2012-08-15,2012,3,8,20,57.81183333333333,1056.82,0,10.947,615.6790932986729,6409.424935284488,65.53343200683594,2012_8,17.7437400182092
2012-08-15,2012,3,8,20,57.79533333333334,1115.4,0,11.256666666666668,634.1350392385317,6408.159946303401,61.173431396484375,2012_8,18.010847914066566
2012-08-16,2012,3,8,20,57.86533333333333,1112.91,0,11.215166666666669,631.4137525665562,6415.869056511194,82.71343231201172,2012_8,18.010847914066566
2012-08-16,2012,3,8,20,57.94766666666666,1113.18,0,11.219666666666667,631.3797626488463,6425.041103323885,89.9934310913086,2012_8,18.041461838902116
2012-08-16,2012,3,8,20,58.26833333333334,1118.78,0,11.312999999999999,635.678873022142,6460.914937321032,29.954788208007812,2012_8,18.985071838909228
2012-08-17,2012,3,8,21,57.181333333333335,1126.77,4.188191881918819,11.446166666666667,647.8574124824554,6340.224548754958,62.637638092041016,2012_8,18.558225424195694
2012-08-17,2012,3,8,21,57.18633333333334,1139.55,1.1512415349887133,11.659166666666666,660.7067224375469,6341.263124116145,48.363121032714844,2012_8,18.37510228221729
2012-08-17,2012,3,8,21,56.94433333333333,1140.35,0,11.672499999999998,662.5671659769235,6314.368032122119,33.26312255859375,2012_8,18.315196481950068
2012-08-17,2012,3,8,21,56.7995,1150.31,0.17094017094017094,11.8385,673.3307202080364,6298.661365824475,36.4061393737793,2012_8,18.287718335850844
2012-08-17,2012,3,8,21,56.62766666666666,1149.74,0.2912621359223301,11.829,673.5405129736553,6279.519814096008,34.36613845825195,2012_8,18.203959933096744
2012-08-18,2012,3,8,21,56.450833333333335,1105.17,27.341772151898734,11.086166666666667,628.5799402459762,6258.209181300092,18.342756271362305,2012_8,18.073038910342255
2012-08-18,2012,3,8,21,56.25266666666666,1058.34,20.437158469945356,10.972333333333331,622.1971488203119,6235.950396582238,16.50118637084961,2012_8,18.219174323324584
2012-08-18,2012,3,8,21,56.35216666666667,1155.18,0.9828009828009829,11.919666666666668,680.4038015040595,6249.103638144175,30.70829963684082,2012_8,18.24821423248617
2012-08-18,2012,3,8,21,56.36766666666667,1215.67,0.9722222222222222,12.261166666666668,701.4146764530173,6251.775774878359,32.72195816040039,2012_8,18.449718400431745
2012-08-19,2012,3,8,21,56.339666666666666,1236.15,0,12.602500000000001,722.6489236734328,6249.713738915707,23.126773834228516,2012_8,18.754367304855542
2012-08-19,2012,3,8,21,56.54633333333333,1233.06,0.21917808219178084,12.550999999999998,718.2789161600912,6272.534127666513,25.18486213684082,2012_8,18.649274691660715
2012-08-19,2012,3,8,21,56.817666666666675,1212.61,0,12.210166666666664,695.9224310354525,6301.68521549452,40.15486145019531,2012_8,18.53522113019405
2012-08-19,2012,3,8,21,56.88166666666666,1216.97,10.72972972972973,12.282833333333334,700.0135940043108,6309.014973879385,30.754863739013672,2012_8,18.697030550203273
2012-08-19,2012,3,8,21,57.02116666666667,1212.34,4.814814814814814,12.205666666666666,694.5855156719961,6324.31037923561,37.878231048583984,2012_8,18.63762050728083
2012-08-20,2012,3,8,21,57.190333333333335,1203.59,3.6842105263157894,12.059833333333332,684.8921356048422,6342.724262998678,41.398231506347656,2012_8,18.761876333137355
2012-08-20,2012,3,8,21,57.1325,1150.92,0.3184713375796178,11.848666666666668,672.4057956773771,6335.736377947406,55.16312026977539,2012_8,18.446765186408772
2012-08-20,2012,3,8,21,57.31916666666666,1134.53,0,11.5755,655.0925666058768,6355.84970960258,68.483123779296875,2012_8,18.439374642062894
2012-08-20,2012,3,8,21,57.37416666666666,1118.92,44.7191011235955,11.315333333333335,639.2211363189197,6361.407284514269,37.367637634277344,2012_8,18.397026189114868
2012-08-20,2012,3,8,20,57.54383333333333,1103.13,4.745011086474501,11.052166666666668,622.8295304139217,6379.781971534086,36.06343078613281,2012_8,18.06068348747699
2012-08-21,2012,3,8,21,57.4445,1050,0.9110629067245118,10.833333333333334,610.0320198127483,6368.3513284500295,35.68459701538086,2012_8,18.36961189920059
2012-08-21,2012,3,8,20,57.65333333333333,1059.59,15.15151515151515,10.993166666666665,618.9406854454627,6391.863812360189,34.5034294128418,2012_8,17.937905937813007
2012-08-21,2012,3,8,20,57.627833333333335,1044.74,11.512195121951219,10.745666666666667,604.2464735387758,6388.618344043849,24.689956665039062,2012_8,17.958970015548502
2012-08-21,2012,3,8,20,57.67866666666667,1046.52,16.995305164319248,10.775333333333332,605.8696891460719,6394.322288481751,24.53995704650879,2012_8,17.958970015548502
2013-01-17,2013,1,1,20,57.88099999999999,949.85,0,9.830833333333334,549.2719672687197,6415.764217126566,63.308067321777344,2013_1,5.811329512323234
2013-01-17,2013,1,1,20,57.961499999999994,949.22,0,9.820333333333334,548.5405634110177,6424.7184202102835,95.15806579589844,2013_1,5.598977367025991
2013-01-17,2013,1,1,20,58.01200000000001,948.98,0,9.816333333333334,548.2359587352082,6430.337614462442,194.83905029296875,2013_1,5.598977367025991
2013-01-17,2013,1,1,20,58.05799999999999,946.27,0,9.771166666666666,545.5087185560033,6435.427401696548,218.37905883789062,2013_1,5.41366622586959
2013-01-18,2013,1,1,20,57.4115,831.71,1.228628230616302,8.528500000000001,471.67439228478196,6363.291892865657,30.22842025756836,2013_1,6.290378445399813
2013-01-18,2013,1,1,20,57.45116666666666,830.23,0.19723865877712032,8.503833333333334,470.22477137774536,6367.718180422952,47.39841842651367,2013_1,6.290378445399813
2013-01-18,2013,1,1,20,57.52666666666667,836.98,0,8.616333333333333,477.023370184414,6376.079372492819,90.92325592041016,2013_1,6.30728385179753
2013-01-18,2013,1,1,20,57.62133333333333,847.34,0,8.789,487.3965834527899,6386.572890962687,94.27642059326172,2013_1,6.239014740083051
2013-01-18,2013,1,1,20,57.759,843.8,0,8.729999999999999,483.93345575813134,6401.911413900113,249.2132568359375,2013_1,5.6435845510541025
2013-01-19,2013,1,1,20,58.65883333333333,1049.59,0,10.8265,605.9645798036103,6503.5066576646805,81.1828842163086,2013_1,4.8420817378624745
2013-01-19,2013,1,1,20,58.589999999999996,1054.26,0,10.904333333333334,610.6968509956936,6495.969999759512,75.29288482666016,2013_1,4.826973344655281
2013-01-19,2013,1,1,20,58.5395,1050.76,0,10.846,607.461129747192,6490.253776530615,103.94506072998047,2013_1,5.025757425155833
2013-01-19,2013,1,1,20,58.36033333333333,1050.82,0,10.847,608.0674060007534,6470.311468732467,129.90505981445312,2013_1,5.1859797263012455
2013-01-19,2013,1,1,20,58.320499999999996,1059.71,0,10.995166666666668,616.8665471595451,6466.125185438548,94.85478973388672,2013_1,5.00229697194614
2013-01-20,2013,1,1,20,57.7515,946.51,0.6390977443609023,9.775166666666667,546.1358726116322,6401.308383733782,36.61806869506836,2013_1,6.01047176429958
2013-01-20,2013,1,1,20,57.73783333333334,1006.56,0,10.109333333333332,566.0485955257525,6400.063651287563,71.65608215332031,2013_1,5.6124855472677755
2013-01-20,2013,1,1,20,57.83216666666667,1034,0,10.566666666666666,593.0322966075775,6411.101773044022,104.00995635986328,2013_1,5.442779142207878
2013-01-21,2013,1,1,20,58.486666666666665,1107.75,0,11.129166666666666,624.1283195677187,6484.860916690203,58.07478713989258,2013_1,4.096486930166113
2013-01-21,2013,1,1,20,58.24583333333333,1110.36,0,11.172666666666665,627.5296399707993,6458.13649793315,64.59478759765625,2013_1,4.558860930955714
2013-01-21,2013,1,1,20,58.08500000000001,1104.04,0,11.067333333333332,621.897076012433,6440.040548317676,115.44478607177734,2013_1,5.097554978202253
2013-01-21,2013,1,1,20,58.09349999999999,1043.88,0,10.731333333333335,602.0640009381749,6440.42910715022,221.1450653076172,2013_1,5.398962413346608
2013-01-22,2013,1,1,21,56.477833333333336,1105.63,0,11.093833333333334,628.960829434712,6261.228023225688,17.072755813598633,2013_1,4.167943870052538
2013-01-22,2013,1,1,21,56.2515,1058.26,0,10.971,622.1182686551016,6235.818209521501,16.50118637084961,2013_1,3.9604593533730506
2013-01-22,2013,1,1,21,56.35133333333333,1154.57,0,11.9095,679.7797427245457,6248.9843154887485,30.70829963684082,2013_1,3.910574353208692
2013-01-23,2013,1,1,20,57.5485,1135.92,0,11.598666666666668,655.5111172807441,6381.421801092941,56.90043258666992,2013_1,3.9367816476839073
2013-01-23,2013,1,1,20,57.67833333333333,1121.37,0,11.356166666666665,640.5008892083266,6395.340760665094,80.20343017578125,2013_1,4.607043546496989
2013-01-24,2013,1,1,21,57.10966666666666,1149.89,1.1864406779661016,11.831500000000002,671.4727142784169,6333.152625765559,55.16312026977539,2013_1,3.9603601659478884
2013-01-24,2013,1,1,21,57.21266666666667,1202.92,0,12.048666666666668,684.1064109036085,6345.178683714669,41.398231506347656,2013_1,3.388378864949384
2013-01-24,2013,1,1,21,57.04566666666666,1211.81,0.9263157894736842,12.196833333333332,693.921837171282,6327.010741190914,37.878231048583984,2013_1,3.3698531824936397
2013-01-24,2013,1,1,21,56.89549999999999,1216.09,0,12.268166666666666,699.0467868516012,6310.510983670912,30.754863739013672,2013_1,3.4891429235197133
2013-01-25,2013,1,1,21,56.82166666666667,1213.06,0,12.217666666666666,696.3590405636454,6302.151685008632,40.15486145019531,2013_1,3.56708582562819
2013-01-25,2013,1,1,21,56.563500000000005,1236.74,1.487603305785124,12.612333333333334,721.9465362690296,6274.640201387001,22.206270217895508,2013_1,3.502298384247265
2013-01-25,2013,1,1,21,56.402833333333334,1215.34,0,12.255666666666665,700.8898245608424,6255.671433371788,34.694862365722656,2013_1,3.7937845569060866
2013-01-25,2013,1,1,21,56.35883333333333,1233.47,0,12.557833333333333,719.779391180983,6251.701778733863,24.49195671081543,2013_1,3.5615441990874324
2013-01-26,2013,1,1,21,56.592000000000006,1149.53,0,11.8255,673.489397224826,6275.542868317926,30.776138305664062,2013_1,3.9192064671292215
2013-01-26,2013,1,1,21,56.787666666666674,1152.56,0.22568093385214008,11.876,675.6752013892866,6297.440442643894,36.4061393737793,2013_1,3.9194722060521943
2013-01-26,2013,1,1,21,56.9285,1141.48,2.1602787456445993,11.691333333333334,663.7818524489323,6312.651308807414,33.636138916015625,2013_1,4.052933334273976
2013-01-26,2013,1,1,21,57.1615,1127,0,11.45,648.1684071001497,6338.02588846153,62.637638092041016,2013_1,4.042300803930751
2013-01-27,2013,1,1,21,57.19433333333333,1139.53,0.2205882352941176,11.658833333333332,660.6518401107347,6342.152492187285,48.363121032714844,2013_1,4.087200494098515
2013-01-27,2013,1,1,21,57.327333333333335,1134.64,0,11.577333333333335,655.1685047256133,6356.762628601809,68.483123779296875,2013_1,4.1122890383828405
2013-01-27,2013,1,1,21,57.369666666666674,1118.94,0.42585551330798477,11.315666666666667,639.2582298221939,6360.90718923109,37.367637634277344,2013_1,4.251659981247805
2013-01-27,2013,1,1,21,57.44383333333334,1050.3,0,10.838333333333333,610.3340711793219,6368.285234988351,35.68459701538086,2013_1,4.430977107910274
2013-01-28,2013,1,1,20,57.67116666666667,1057.77,0,10.962833333333332,617.0733987873673,6393.795842835731,32.47343063354492,2013_1,4.9822028642619465
2013-01-28,2013,1,1,20,57.807833333333335,1059.8,0,10.996666666666666,618.6426146634785,6409.065698677068,53.77342987060547,2013_1,5.269883895290251
2013-01-28,2013,1,1,20,57.86000000000001,1057.88,0,10.964666666666668,616.5728861345921,6414.816305284829,105.92343139648438,2013_1,5.269883895290251
2013-01-28,2013,1,1,20,57.86533333333333,1113.29,0,11.221499999999999,631.7893930724839,6415.881378335105,82.71343231201172,2013_1,4.911693859242019
2013-08-20,2013,3,8,20,57.15650000000001,823.29,0,8.388166666666667,462.98887039349034,6334.973016234983,25.468420028686523,2013_8,17.412501148018627
2013-08-20,2013,3,8,20,57.28966666666667,835.79,0.456,8.596499999999999,475.67907498894584,6349.7030699985735,24.63842010498047,2013_8,17.36126461312636
2013-08-20,2013,3,8,20,57.41566666666666,832.86,1.4280510018214936,8.547666666666666,472.8289149930208,6363.747909913023,30.22842025756836,2013_8,16.586795317497494
2013-08-20,2013,3,8,20,57.45483333333333,832.44,0,8.540666666666668,472.437897289617,6368.110824524928,47.39841842651367,2013_8,16.498626141563573
2013-08-21,2013,3,8,20,57.487,908.75,21.746506986027942,9.145833333333334,508.7430185169547,6371.607988027267,19.653438568115234,2013_8,17.101366061308305
2013-08-21,2013,3,8,20,57.58416666666667,905.76,69.77186311787072,9.096,505.74011385522806,6382.419732447775,46.12641906738281,2013_8,16.721793081583325
2013-08-21,2013,3,8,20,57.7265,907.3,0,9.121666666666666,507.24636904883016,6398.267721977,124.33641815185547,2013_8,16.677758245503682
2013-08-21,2013,3,8,20,57.712333333333326,924.86,77.2,9.414333333333333,524.6869189767955,6396.759528260799,46.29806900024414,2013_8,16.643711598433732
2013-08-21,2013,3,8,20,57.705999999999996,935.14,11.729957805907173,9.585666666666667,534.901309735574,6396.129778643117,30.63806915283203,2013_8,16.819523507249798
2013-08-21,2013,3,8,20,58.02516666666667,938.33,0,9.638833333333334,537.7340930432908,6431.690497047123,326.1090393066406,2013_8,16.88977235845931
2013-08-22,2013,3,8,20,58.80366666666667,1008.96,0,10.149333333333335,566.4053015666947,6518.76027620607,251.6875,2013_8,17.605453098195696
2013-08-22,2013,3,8,20,58.81066666666667,1015.1,0,10.251666666666667,572.3028545615133,6519.645598303425,197.34750366210938,2013_8,17.581886746772998
2013-08-22,2013,3,8,20,58.662666666666674,1049.43,0,10.823833333333335,605.7982913371532,6503.929169838808,81.1828842163086,2013_8,17.732300047577503
2013-08-22,2013,3,8,20,58.32316666666667,1059.82,0,10.996999999999998,616.965107137688,6466.425192404777,94.85478973388672,2013_8,17.441852201657674
2013-08-23,2013,3,8,20,58.054833333333335,958.13,0,9.968833333333333,557.178205608747,6435.225176163937,135.67257690429688,2013_8,16.942339788069916
2013-08-23,2013,3,8,20,57.71333333333334,1000.52,53.020134228187914,10.008666666666667,560.0958823815051,6397.242607246939,59.0960807800293,2013_8,16.948762348752762
2013-08-23,2013,3,8,20,57.70116666666666,1047.9,20.21782178217822,10.798333333333336,607.1746176972923,6396.862784979316,27.579957962036133,2013_8,17.431080659567506
2013-08-23,2013,3,8,20,57.67516666666667,1057.82,18.213552361396303,10.963666666666665,617.1101964680547,6394.242479692212,32.47343063354492,2013_8,17.440333642320457
2013-08-24,2013,3,8,21,56.219500000000004,1057.76,16.3905325443787,10.962666666666667,621.703476152377,6232.24261674872,20.16118621826172,2013_8,17.993221741736527
2013-08-24,2013,3,8,21,56.455000000000005,1105.29,19.47261663286004,11.088166666666666,628.6890985282382,6258.676577807232,17.072755813598633,2013_8,17.798715459421352
2013-08-24,2013,3,8,21,56.351000000000006,1154.6,1.0344827586206897,11.909999999999998,679.8121969526632,6248.948539552661,30.70829963684082,2013_8,18.03343886202452
2013-08-24,2013,3,8,21,56.40316666666666,1215.52,0.13333333333333333,12.258666666666667,701.0731027223165,6255.717282900277,34.694862365722656,2013_8,18.17592723980369
2013-08-25,2013,3,8,21,56.35533333333333,1233.57,0.10989010989010987,12.559499999999998,719.9024545611707,6251.317833956341,24.49195671081543,2013_8,18.539318680053295
2013-08-25,2013,3,8,21,56.55016666666667,1234.45,0.10441767068273092,12.574166666666667,719.6800215847051,6273.034413792969,25.18486213684082,2013_8,18.407937994489465
2013-08-25,2013,3,8,21,56.817666666666675,1212.79,0.4615384615384615,12.213166666666666,696.1054496144409,6301.693810571712,40.15486145019531,2013_8,18.252516027930685
2013-08-25,2013,3,8,21,56.876000000000005,1217.54,7.633744855967079,12.292333333333334,700.622514675361,6308.412453399777,30.754863739013672,2013_8,18.68819673378266
2013-08-25,2013,3,8,21,57.04866666666667,1211.58,12.059447983014863,12.193,693.6737806321236,6327.333591059865,37.878231048583984,2013_8,18.5128486363143
2013-08-26,2013,3,8,20,58.210666666666675,1044.34,0,10.738999999999999,602.1795421261429,6453.482909276985,191.62506103515625,2013_8,17.16373228447749
2013-08-26,2013,3,8,20,58.25916666666667,1109.79,0,11.163166666666665,626.9244661623404,6459.6025809520315,64.59478759765625,2013_8,17.854800547718295
2013-08-26,2013,3,8,20,58.27116666666667,1118.98,2.517094017094017,11.316333333333334,635.8635073610031,6461.2369998183685,29.954788208007812,2013_8,18.442945288036125
2013-08-27,2013,3,8,21,56.59083333333333,1149.38,4.3486590038314175,11.823000000000002,673.3412857145715,6275.406751583842,30.776138305664062,2013_8,17.938204947102715
2013-08-27,2013,3,8,21,56.789333333333325,1152.26,0.08421052631578949,11.871,675.3621076833598,6297.613047138933,36.4061393737793,2013_8,17.94404205022669
2013-08-27,2013,3,8,21,56.923333333333325,1141.72,0,11.695333333333334,664.0478789075704,6312.086036768372,33.636138916015625,2013_8,18.000074299728315
2013-08-27,2013,3,8,21,57.100166666666674,1149.96,0.6473029045643154,11.832666666666666,671.587256738986,6332.098576182703,55.16312026977539,2013_8,18.082632832278534
2013-08-27,2013,3,8,21,57.187999999999995,1139.54,0.602510460251046,11.658999999999999,660.689414543116,6341.448179768659,48.363121032714844,2013_8,18.03841980842937
2013-08-28,2013,3,8,21,57.2175,1203.07,2.317399617590822,12.051166666666665,684.2332277901421,6345.723170697151,41.398231506347656,2013_8,18.57812138420273
2013-08-28,2013,3,8,21,57.15916666666667,1127,0.9478260869565217,11.45,648.1777410702925,6337.766243759664,62.637638092041016,2013_8,18.151609465981196
2013-08-28,2013,3,8,21,57.317833333333326,1134.6,0,11.576666666666664,655.1684213778507,6355.704003859136,68.483123779296875,2013_8,18.03397564921835
2013-08-28,2013,3,8,21,57.369833333333325,1118.88,8.658280922431866,11.31466666666667,639.197474721709,6360.923689445878,37.367637634277344,2013_8,17.982134814934163
2013-08-28,2013,3,8,21,57.44083333333333,1049.66,1.3291139240506329,10.827666666666667,609.7029452902514,6367.934070509592,35.68459701538086,2013_8,17.88867103049427
2013-08-29,2013,3,8,20,57.52816666666666,1049.92,39.189189189189186,10.832,609.7008413935274,6377.6612706155265,28.079957962036133,2013_8,17.66166340156747
2013-08-29,2013,3,8,20,57.798,1054.24,0,10.904,613.1680159480194,6407.812565177092,73.83995819091797,2013_8,17.196634229189804
2013-08-29,2013,3,8,20,57.86333333333334,1113.11,0,11.218499999999999,631.6187600538638,6415.65294831235,82.71343231201172,2013_8,17.519319080023863
2013-08-29,2013,3,8,20,57.93433333333334,1114.21,0,11.236833333333333,632.4447385371218,6423.590670944404,89.9934310913086,2013_8,17.547146031907264
2013-08-30,2013,3,8,20,57.598499999999994,1102.9,11.54639175257732,11.048333333333336,622.4164644256712,6385.859185514501,32.323429107666016,2013_8,17.586549895892855
2014-01-09,2014,1,1,20,58.06616666666667,947.76,0,9.796,546.96344291586,6436.353600354185,362.58905029296875,2014_1,4.996293356314128
2014-01-09,2014,1,1,20,58.024166666666666,951.2,0,9.8533333333333335,550.4050536553736,6431.719124612176,194.83905029296875,2014_1,5.1500777524849335
2014-01-09,2014,1,1,20,57.981500000000004,952.66,0,9.877666666666666,551.9040480846825,6426.987572927795,95.15806579589844,2014_1,5.163213282142279
2014-01-10,2014,1,1,20,57.42633333333333,835.33,2.7637130801687766,8.588833333333334,475.3089058902665,6364.9196396718235,27.758419036865234,2014_1,5.698265477466014
2014-01-10,2014,1,1,20,57.457333333333324,836.07,1.3990825688073394,8.601166666666668,476.06978081686185,6368.366212471263,42.13842010498047,2014_1,5.698265477466014
2014-01-10,2014,1,1,20,57.52733333333334,839.95,0,8.6658333333333335,479.98812454739465,6376.137922023608,78.64325714111328,2014_1,5.798989327058803
2014-01-10,2014,1,1,20,57.620666666666665,847.23,0,8.787166666666668,487.2868424789267,6386.499015644047,94.27642059326172,2014_1,5.790379238913768
2014-01-11,2014,1,1,20,57.7745,845.81,0,8.763499999999999,485.93291718354334,6403.629554186848,249.2132568359375,2014_1,5.1907259299288295
2014-01-11,2014,1,1,20,57.87583333333334,948.92,0,9.815333333333333,548.3597107644329,6415.177848113931,72.72806549072266,2014_1,5.363708497635488
2014-01-11,2014,1,1,20,57.75933333333334,947.91,0,9.798499999999999,547.5142933597494,6402.1965527139755,36.61806869506836,2014_1,5.525422613016121
2014-01-12,2014,1,1,20,58.65933333333334,1049.57,0,10.826166666666666,605.9437287677229,6503.561790445461,81.1828842163086,2014_1,4.1397774511038286
2014-01-12,2014,1,1,20,58.59583333333333,1054.31,0,10.905166666666666,610.7268487812644,6496.620714176895,75.29288482666016,2014_1,4.081653570655699
2014-01-12,2014,1,1,20,58.55016666666667,1050.61,0,10.843499999999999,607.2830190914784,6491.437154066435,86.0828857421875,2014_1,4.229241196412587
2014-01-12,2014,1,1,20,58.488166666666665,1107.68,0,11.128000000000002,624.0550292866272,6485.0257222263235,58.07478713989258,2014_1,3.2687370497872257
2014-01-13,2014,1,1,20,57.73866666666666,1007.17,0,10.119499999999999,566.65234280243,6400.166373953591,71.65608215332031,2014_1,5.16891680077422
2014-01-13,2014,1,1,20,57.832,1034.7,0,10.578333333333335,593.7254474559273,6411.099318506796,104.51995849609375,2014_1,4.625292926488217
2014-01-13,2014,1,1,20,57.856500000000004,1057.18,0,10.953000000000001,615.8920125643135,6414.406702458751,105.92343139648438,2014_1,4.465979946423335
2014-01-13,2014,1,1,20,57.82216666666667,1102.79,0,11.0465,621.554945536028,6410.74942296654,53.77342987060547,2014_1,4.310009339593575
2014-01-14,2014,1,1,21,56.22366666666667,1057.8,0,10.963333333333333,621.7315984706447,6232.707445864696,20.16118621826172,2014_1,2.7400497882525015
2014-01-14,2014,1,1,21,56.45066666666666,1105.2,0.18108651911468812,11.086666666666668,628.611315386112,6258.1915706879945,18.342756271362305,2014_1,2.854907182008776
2014-01-14,2014,1,1,21,56.59316666666667,1149.43,0,11.823833333333335,673.3817498814924,6275.668451987595,34.36613845825195,2014_1,2.7475831149463077
2014-01-15,2014,1,1,21,56.922,1141.79,0.8660287081339713,11.696499999999999,664.1247200081567,6311.940485486051,33.636138916015625,2014_1,2.9558157283863906
2014-01-15,2014,1,1,21,57.16133333333334,1126.91,0.158004158004158,11.448500000000001,648.0783808120015,6338.0040830473945,62.637638092041016,2014_1,3.02060764061753
2014-01-16,2014,1,1,20,58.338166666666666,1050.76,0,10.846,608.0766025735858,6467.842418564601,129.90505981445312,2014_1,4.437725925021257
2014-01-16,2014,1,1,20,58.32416666666666,1059.87,0,10.99783333333333,617.0106026034309,6466.537949228398,94.85478973388672,2014_1,4.177894301553865
2014-01-17,2014,1,1,21,57.21833333333334,1203.01,0,12.050166666666666,684.1687167444054,6345.813177916397,41.398231506347656,2014_1,2.2857651015483738
2014-01-17,2014,1,1,21,57.044999999999995,1211.67,0,12.194500000000001,693.783828966302,6326.9299491710535,37.878231048583984,2014_1,2.2406116880372804
2014-01-17,2014,1,1,21,56.90116666666666,1215.76,0,12.262666666666666,698.6818547524913,6311.125344921428,30.754863739013672,2014_1,2.332015946359559
2014-01-17,2014,1,1,21,56.84349999999999,1214.83,0.5349301397205589,12.247166666666665,698.0431721529151,6304.665496535279,37.66486358642578,2014_1,2.402007921965655
2014-01-18,2014,1,1,21,56.346999999999994,1157.67,0.7007575757575757,11.961166666666667,682.9919267958214,6248.638474101711,31.678298950195312,2014_1,2.6754354036906025
2014-01-18,2014,1,1,21,56.36900000000001,1215.66,0,12.261000000000001,701.3973512566814,6251.92359910005,32.72195816040039,2014_1,2.5460853832538493
2014-01-18,2014,1,1,21,56.3395,1236.15,0,12.602500000000001,722.6498950342425,6249.695202491139,23.126773834228516,2014_1,2.3081704773855902
2014-01-19,2014,1,1,21,57.4415,1049.7,0,10.828333333333335,609.740958940881,6368.0093463409985,35.68459701538086,2014_1,3.492691091276388
2014-01-19,2014,1,1,20,57.65416666666667,1059.5,0,10.991666666666667,618.8484646416792,6391.9539306070965,34.5034294128418,2014_1,4.077341781624156
2014-01-19,2014,1,1,20,57.86866666666666,1112.74,0,11.212333333333333,631.2335663364012,6416.234537951584,82.71343231201172,2014_1,3.997236985973967
2014-01-20,2014,1,1,20,57.703,1120.46,0,11.341000000000001,639.501852462683,6398.054521952435,80.20343017578125,2014_1,3.6263638879116167
2014-01-20,2014,1,1,20,57.55983333333334,1137.27,0,11.621166666666666,656.8084583463564,6382.734703298357,40.97043228149414,2014_1,2.9265891343879273
2014-01-20,2014,1,1,21,57.34916666666666,1135.26,0,11.587666666666667,655.6980115804565,6359.215723824287,68.483123779296875,2014_1,3.088370310984722
2014-01-20,2014,1,1,21,57.217333333333336,1139.65,4.259567387687189,11.660833333333334,660.6726683194697,6344.716405783133,48.363121032714844,2014_1,3.0043300518674636
2014-01-21,2014,1,1,21,56.549166666666665,1234.16,0.4022988505747126,12.569333333333335,719.3888887838121,6272.907727345735,25.18486213684082,2014_1,2.2773622496569175
2014-01-21,2014,1,1,21,56.78716666666666,1152.77,0.5194805194805194,11.8795,675.8912614627368,6297.393803383685,36.4061393737793,2014_1,2.7778385914636488
2014-01-21,2014,1,1,21,57.102833333333336,1150,0.3422222222222222,11.833333333333334,671.6152970693541,6332.396950430182,55.16312026977539,2014_1,2.8660382796473307
2014-01-22,2014,1,1,20,58.0625,1044.73,0,10.7455,602.9882811896807,6436.999958381667,221.1450653076172,2014_1,4.580446908656171
2014-08-19,2014,3,8,20,58.69083333333333,1017.41,0,10.290166666666666,574.7835218281446,6506.346372296193,253.2675018310547,2014_8,18.03874822180777
2014-08-19,2014,3,8,20,58.580000000000005,1035.1,0,10.584999999999999,592.1630156076327,6494.374269996449,149.4028778076172,2014_8,18.073873949861245
2014-08-19,2014,3,8,20,58.595499999999994,1054.32,0.1342281879194631,10.905333333333333,610.7375872337589,6496.583884011931,75.29288482666016,2014_8,18.48317420541245
2014-08-20,2014,3,8,20,57.67016666666667,1111.88,44.14414414414414,11.198000000000002,631.1007618826476,6394.1150143407085,39.72343063354492,2014_8,18.196545534657822
2014-08-20,2014,3,8,20,57.675,1057.53,15.834896810506567,10.958833333333333,616.8225278027859,6394.215590010341,32.47343063354492,2014_8,18.126988686568723
2014-08-20,2014,3,8,20,57.65,1046.33,26.048879837067208,10.772166666666665,605.7642872725836,6391.12662109472,24.53995704650879,2014_8,18.143715350488492
2014-08-20,2014,3,8,20,57.55233333333334,1051.44,17.58893280632411,10.857333333333335,611.1439911897612,6380.392237179295,29.439956665039062,2014_8,18.238802911547413
2014-08-20,2014,3,8,21,57.465333333333334,1052.25,1.5577485380116958,10.870833333333334,612.2184967760843,6370.731379730656,26.84459686279297,2014_8,18.3351755965245
2014-08-21,2014,3,8,21,56.92783333333333,1141.41,0,11.690166666666668,663.7137963743936,6312.574337239141,33.636138916015625,2014_8,18.544176070171673
2014-08-21,2014,3,8,21,57.1605,1126.98,0.5847176079734219,11.449666666666667,648.1522529514195,6337.9138876663665,62.637638092041016,2014_8,18.74287138340766
2014-08-21,2014,3,8,21,57.318,1134.58,0,11.576333333333332,655.1476511195737,6355.7217894818405,68.483123779296875,2014_8,18.62382916056425
2014-08-21,2014,3,8,21,57.373000000000005,1118.94,30.885122410546135,11.315666666666667,639.2455967818164,6361.278135647533,37.367637634277344,2014_8,18.584405422248476
2014-08-21,2014,3,8,20,57.53150000000001,1100.67,23.74768089053803,11.011166666666668,620.4166350266132,6378.335879425218,36.06343078613281,2014_8,18.376790827897647
2014-08-22,2014,3,8,20,57.305,832.1,9.088295687885012,8.535,471.98385693905107,6351.43360291871,25.76841926574707,2014_8,17.620127721853553
2014-08-22,2014,3,8,20,57.42966666666666,836.1,2.801556420233463,8.601666666666667,476.0817330423797,6365.286124686335,27.758419036865234,2014_8,17.41366780095152
2014-08-22,2014,3,8,20,57.45683333333333,836.07,0,8.601166666666668,476.0694541914258,6368.310551294942,42.13842010498047,2014_8,17.41366780095152
2014-08-22,2014,3,8,20,57.48500000000001,830.18,0,8.502999999999998,470.20230827098885,6371.4849373838715,47.39841842651367,2014_8,17.296121709904224
2014-08-22,2014,3,8,20,57.48766666666667,818.13,0,8.302166666666666,458.16458675141735,6371.887664271372,61.258419036865234,2014_8,17.31828892300298
2014-08-23,2014,3,8,20,57.37250000000001,908.31,34.61538461538462,9.138499999999999,508.3293360895115,6358.860600120767,20.403438568115234,2014_8,18.459493546331785
2014-08-23,2014,3,8,20,57.50833333333333,852.54,16.47509578544061,8.875666666666666,492.5502977037396,6373.9803394695855,51.4664192199707,2014_8,17.60994108106048
2014-08-23,2014,3,8,20,57.611,904.23,23.50597609561753,9.070500000000001,504.21229310196696,6385.405108491301,46.12641906738281,2014_8,17.550265392225825
2014-08-23,2014,3,8,20,57.75166666666667,853.38,0,8.889666666666667,493.43319722897627,6401.068331262156,166.26641845703125,2014_8,17.56364959985955
2014-08-23,2014,3,8,20,57.876333333333335,906.54,0,9.109,506.46509955953144,6414.947308842614,367.1064147949219,2014_8,17.78814706455246
2014-08-24,2014,3,8,20,57.487,905.09,29.303278688524593,9.084833333333334,505.0859403035008,6371.601780287938,19.293437957763672,2014_8,17.81074543924794
2014-08-24,2014,3,8,20,57.584666666666664,901.24,14.885496183206106,9.020666666666667,501.2357022399163,6382.471523941156,56.49641799926758,2014_8,17.48761636138948
2014-08-24,2014,3,8,20,57.726166666666664,907.31,0,9.121833333333333,507.2563622937054,6398.230630426219,124.33641815185547,2014_8,17.503920038512852
2014-08-24,2014,3,8,20,57.876000000000005,919.31,0,9.321833333333332,519.0889869794287,6414.950394472172,221.4464111328125,2014_8,17.695450812652954
2014-08-24,2014,3,8,20,57.74333333333334,945.05,0,9.750833333333333,544.6977293819164,6400.382921703847,36.61806869506836,2014_8,17.60294462627781
2014-08-25,2014,3,8,20,57.994833333333325,1049.76,0,10.829333333333333,608.1379762023124,6429.599043172269,216.66506958007812,2014_8,17.8431202962144
2014-08-25,2014,3,8,20,58.29233333333333,1058.03,0,10.967166666666666,615.3183688801436,6462.9417072928245,110.01478576660156,2014_8,18.185273204902327
2014-08-26,2014,3,8,21,57.213166666666666,1139.61,0.44925124792013316,11.660166666666665,660.6505337392201,6344.251210371296,48.363121032714844,2014_8,18.58385186360556
2014-08-26,2014,3,8,21,57.130166666666675,1150.92,0.5982905982905983,11.848666666666668,672.4166457902076,6335.476768610495,55.16312026977539,2014_8,18.668132487242794
2014-08-26,2014,3,8,21,57.216333333333324,1203.02,6.754221388367729,12.050333333333333,684.188744814394,6345.591120693161,41.398231506347656,2014_8,19.120399645765364
2014-08-26,2014,3,8,21,57.04616666666667,1211.57,9.451672862453531,12.192833333333333,693.6766938415219,6327.055004048212,37.878231048583984,2014_8,19.04698098177154
2014-08-26,2014,3,8,21,56.79750000000001,1150.1,2.6533333333333338,11.834999999999999,673.1262856000013,6298.429992825933,36.4061393737793,2014_8,18.522388015209806
2014-08-27,2014,3,8,21,56.21816666666667,1057.75,29.705882352941178,10.9625,621.6973684100219,6232.093953949402,20.16118621826172,2014_8,18.38678856964302
2014-08-27,2014,3,8,21,56.6185,1149.73,1.7717391304347825,11.828833333333334,673.5723739480713,6278.4995546192185,34.36613845825195,2014_8,18.410178435850717
2014-08-27,2014,3,8,21,56.350833333333334,1154.85,5.377697841726619,11.914166666666665,680.0703600603523,6248.940897122595,30.70829963684082,2014_8,18.461584414675652
2014-08-28,2014,3,8,21,56.35933333333334,1233.11,0.5400372439478583,12.551833333333331,719.4060609745242,6251.738229587249,24.49195671081543,2014_8,18.984169823385937
2014-08-28,2014,3,8,21,56.36900000000001,1215.73,0.7457627118644068,12.262166666666667,701.4693737537033,6251.927016470879,32.72195816040039,2014_8,18.673261828260344
2014-08-28,2014,3,8,21,56.547333333333334,1233.37,2.8181467181467186,12.556166666666664,718.5905824851475,6272.661797963946,25.18486213684082,2014_8,18.882337264078664
2014-08-28,2014,3,8,21,56.81816666666667,1212.85,0.4604051565377532,12.214166666666666,696.1638415969779,6301.752298293324,40.15486145019531,2014_8,18.77537632247609
2014-08-28,2014,3,8,21,56.87250000000001,1217.67,11.538461538461538,12.294500000000001,700.7732536717981,6308.029477136014,30.754863739013672,2014_8,18.91863457338971
2014-08-29,2014,3,8,20,57.8125,1100.47,0,11.007833333333334,619.2906147072309,6409.60472699451,53.77342987060547,2014_8,17.953577164891836
2015-01-21,2015,1,1,20,58.07216666666667,948.65,0,9.810833333333333,547.8305505467365,6437.031991666601,362.58905029296875,2015_1,5.22879872083956
2015-01-21,2015,1,1,20,58.02616666666666,952.26,0,9.871,551.4456894174365,6431.955101252777,194.83905029296875,2015_1,5.382851156782307
2015-01-21,2015,1,1,20,57.976833333333325,951.77,0,9.862833333333333,551.0334874535286,6426.4567484123745,95.15806579589844,2015_1,5.382851156782307
2015-01-22,2015,1,1,20,57.42683333333333,835.63,0,8.593833333333333,475.6094927979917,6364.973495810422,27.758419036865234,2015_1,5.937483708143939
2015-01-22,2015,1,1,20,57.45466666666666,832.86,1.4431239388794568,8.547666666666666,472.8578021579816,6368.089453891146,47.39841842651367,2015_1,5.937483708143939
2015-01-22,2015,1,1,20,57.52683333333333,839.91,0,8.665166666666666,479.94792636972807,6376.082456699543,78.64325714111328,2015_1,6.037555428808242
2015-01-22,2015,1,1,20,57.62083333333333,847.25,0,8.7875,487.30681153087295,6386.517507574746,94.27642059326172,2015_1,6.028270464219714
2015-01-22,2015,1,1,20,57.76133333333334,844.04,0,8.734,484.17249795022803,6402.170238355625,249.2132568359375,2015_1,5.427952725392764
2015-01-23,2015,1,1,20,57.88583333333333,951.17,0,9.852833333333333,550.569836039951,6416.318527507721,63.308067321777344,2015_1,5.596729314248729
2015-01-23,2015,1,1,20,57.75983333333333,948.15,0,9.8025,547.7516449715166,6402.25502759433,36.61806869506836,2015_1,5.758866310634516
2015-01-23,2015,1,1,20,57.74033333333333,1007.48,0.03195739014647137,10.124666666666666,566.9568567537299,6400.357000714442,71.65608215332031,2015_1,5.40170391067398
2015-01-23,2015,1,1,20,57.83216666666667,1034.34,0,10.572333333333331,593.3687599117427,6411.1095768807745,104.00995635986328,2015_1,5.490542746401176
2015-01-24,2015,1,1,21,57.44683333333334,1050.55,0,10.8425,610.5750587694348,6368.625904123998,35.68459701538086,2015_1,4.502996996591158
2015-01-24,2015,1,1,20,57.65366666666667,1059.33,0,10.988833333333332,618.6810531479434,6391.893318589151,32.47343063354492,2015_1,5.034742559022044
2015-01-24,2015,1,1,20,57.81316666666667,1100.1,0,11.001666666666665,618.92210675869,6409.668075602303,53.77342987060547,2015_1,5.3662118083005765
2015-01-24,2015,1,1,20,57.85933333333334,1057.66,0,10.961000000000002,616.3575137481266,6414.73579134469,105.92343139648438,2015_1,5.3662118083005765
2015-01-25,2015,1,1,20,58.662000000000006,1049.47,0,10.8245,605.8389769640927,6503.856009125167,81.1828842163086,2015_1,4.7306437044262495
2015-01-25,2015,1,1,20,58.598499999999994,1054.29,0,10.904833333333332,610.6990526950749,6496.9170055284585,75.29288482666016,2015_1,4.7680887096496845
2015-01-25,2015,1,1,20,58.54333333333334,1050.77,0,10.846166666666667,607.4590978363925,6490.680755698475,103.94506072998047,2015_1,4.903714258379589
2015-01-25,2015,1,1,20,58.49266666666667,1107.61,0,11.126833333333332,623.9711721688107,6485.524449874896,58.07478713989258,2015_1,4.1727526069542895
2015-01-25,2015,1,1,20,58.386833333333335,1104.34,0,11.072333333333331,621.1582661301434,6473.64508950106,49.75478744506836,2015_1,4.656374713714625
2015-01-26,2015,1,1,20,58.339000000000006,1050.79,0,10.846499999999999,608.1033258125453,6467.93598251675,129.90505981445312,2015_1,5.133065585635106
2015-01-26,2015,1,1,20,58.298166666666674,1058.21,0,10.970166666666668,615.4752001284219,6463.596150723236,110.01478576660156,2015_1,5.07002929984367
2015-01-27,2015,1,1,21,57.399833333333326,1119.31,0,11.321833333333332,639.5143414598926,6364.276897579311,37.367637634277344,2015_1,4.431629998627104
2015-01-27,2015,1,1,21,57.18999999999999,1126.53,0.125,11.442166666666667,647.5811266725605,6341.180278047112,62.637638092041016,2015_1,3.964460360905497
2015-01-27,2015,1,1,21,56.951833333333326,1139.87,0.5848434925864909,11.664499999999999,662.0481202629919,6315.183520105474,33.26312255859375,2015_1,3.900193740908938
2015-01-27,2015,1,1,21,56.79966666666666,1149.94,0.09698996655518395,11.832333333333334,672.9535130094907,6298.66430795349,36.4061393737793,2015_1,3.772075299593271
2015-01-28,2015,1,1,21,56.35066666666667,1154.99,0,11.916500000000001,680.2152782120646,6248.9284660150815,30.70829963684082,2015_1,3.715520765384691
2015-01-28,2015,1,1,21,56.37199999999999,1215.63,0,12.260500000000002,701.3506557007885,6252.2558378232925,32.72195816040039,2015_1,3.5486184247817354
2015-01-28,2015,1,1,21,56.3375,1236.34,0,12.605666666666666,722.8571752766504,6249.483020940513,23.126773834228516,2015_1,3.296010320162402
2015-01-28,2015,1,1,21,56.56550000000001,1237.04,0,12.617333333333333,722.2418472747314,6274.878829186652,22.206270217895508,2015_1,3.244232194765056
2015-01-29,2015,1,1,21,56.21916666666666,1057.61,0,10.960166666666664,621.5495312732942,6232.201112550204,20.16118621826172,2015_1,3.824715822870308
2015-01-29,2015,1,1,21,56.44833333333333,1105,0.15828677839851024,11.083333333333334,628.413772833632,6257.925692226964,18.342756271362305,2015_1,3.87746125635648
2015-01-29,2015,1,1,21,56.591499999999996,1149.33,0.28697183098591555,11.822166666666666,673.2870805346226,6275.478816198877,30.776138305664062,2015_1,3.740614957265691
2015-01-30,2015,1,1,21,56.816,1212.64,0.14054054054054052,12.210666666666668,695.9616384163735,6301.5012441821955,40.15486145019531,2015_1,3.342577780404061
2015-01-30,2015,1,1,21,57.04533333333334,1211.62,0,12.193666666666665,693.7315627622078,6326.964664893618,37.878231048583984,2015_1,3.1730372374951608
2015-01-30,2015,1,1,21,56.89866666666667,1215.96,0,12.266,698.8980454338368,6310.856938007321,30.754863739013672,2015_1,3.2730354046860253
2015-01-31,2015,1,1,21,57.21983333333333,1203.03,0,12.0505,684.1813584247086,6345.980960218842,41.398231506347656,2015_1,3.218319628532012
2015-01-31,2015,1,1,21,57.134499999999996,1151,0,11.85,672.477159072947,6335.962272464934,55.16312026977539,2015_1,3.768237313266951
2015-01-31,2015,1,1,21,57.185500000000005,1139.59,0,11.659833333333331,660.7506207623853,6341.17197221351,48.363121032714844,2015_1,3.9549022771754285
2015-01-31,2015,1,1,21,57.31566666666666,1134.59,0,11.5765,655.1675186384492,6355.462529961359,68.483123779296875,2015_1,4.032030467791612
2015-02-01,2015,1,2,20,58.094500000000004,1103.73,0,11.062166666666666,621.5601702243544,6441.088604604996,115.44478607177734,2015_2,3.5198696993732623
2015-02-01,2015,1,2,20,57.898333333333326,1110.69,0,11.178166666666668,629.1008946218665,6419.470544484057,65.6634292602539,2015_2,3.558631155548058
2015-02-01,2015,1,2,20,57.75933333333334,1118.31,0,11.305166666666667,637.1536262475138,6404.25063102281,75.19342803955078,2015_2,3.1452527829578933
2015-02-01,2015,1,2,20,57.73416666666667,1130.53,0,11.508833333333333,649.3720327754844,6401.880736523604,45.27043533325195,2015_2,2.5959891599729805
2015-02-02,2015,1,2,20,58.10633333333333,1043.84,0,10.730666666666666,601.9880617939879,6441.856608791883,221.1450653076172,2015_2,3.779763860075615
2015-08-21,2015,3,8,20,57.487,908.27,57.99180327868853,9.137833333333333,508.26340190259657,6371.606986835691,19.653438568115234,2015_8,16.987660741613432
2015-08-21,2015,3,8,20,57.373000000000005,908.5,42.585551330798474,9.141666666666667,508.51966212285635,6358.916653181435,20.403438568115234,2015_8,17.496232241786434
2015-08-21,2015,3,8,20,57.30266666666667,833.11,5.23138832997988,8.551833333333333,472.99634281276155,6351.16705616392,25.76841926574707,2015_8,16.777235829271202
2015-08-21,2015,3,8,20,57.4145,832.73,0,8.5455,472.69789915062324,6363.61890294077,30.22842025756836,2015_8,16.472805797438316
2015-08-21,2015,3,8,20,57.50249999999999,851.33,0,8.855500000000001,491.3405876180641,6373.333339355701,51.4664192199707,2015_8,16.541266033260516
2015-08-22,2015,3,8,20,57.58433333333334,901.02,0,9.017,501.01647404350473,6382.4343545229285,56.49641799926758,2015_8,16.547064442247933
2015-08-22,2015,3,8,20,57.92633333333333,921.3,0,9.354999999999999,521.0267874533698,6420.563866391889,334.70806884765625,2015_8,16.75834463308866
2015-08-22,2015,3,8,20,57.724,941.45,0,9.690833333333334,541.1479017596358,6398.192636968914,33.20806884765625,2015_8,16.6114879438081
2015-08-22,2015,3,8,20,58.0065,949.1,0,9.818333333333333,548.3615500388562,6429.726738789649,194.83905029296875,2015_8,16.758570612215873
2015-08-23,2015,3,8,20,57.869666666666674,1016.49,0,10.274833333333333,575.6252836332031,6414.912415752927,75.5060806274414,2015_8,16.88769860492487
2015-08-23,2015,3,8,20,58.02516666666667,1032.91,0,10.5485,591.4614974483815,6432.560570261977,141.97506713867188,2015_8,16.99977785293267
2015-08-23,2015,3,8,20,58.37199999999999,1034.88,0,10.581333333333335,592.4947267833536,6471.214214932799,230.66506958007812,2015_8,17.13474607364966
2015-08-23,2015,3,8,20,58.643,1052.48,0,10.874666666666666,608.8077891886085,6501.821235893923,69.90288543701172,2015_8,17.74732030496088
2015-08-24,2015,3,8,20,57.62816666666666,1044.75,29.791666666666668,10.745833333333334,604.2554699992971,6388.655701711566,24.689956665039062,2015_8,17.34384353807896
2015-08-24,2015,3,8,21,57.44466666666667,1050.18,1.7457305502846299,10.836333333333334,610.2115450193766,6368.37473925765,35.68459701538086,2015_8,17.76163192114259
2015-08-24,2015,3,8,20,57.53166666666666,1100.58,1.4393939393939394,11.009666666666666,620.3262904489823,6378.351769366538,36.06343078613281,2015_8,17.581191258521457
2015-08-24,2015,3,8,20,57.596166666666676,1123.29,1.9631675874769796,11.388166666666667,642.7307357398666,6386.263593715018,55.923431396484375,2015_8,17.794663818314365
2015-08-24,2015,3,8,20,57.735833333333325,1119.6,0,11.326666666666664,638.522404382276,6401.6790836430955,75.19342803955078,2015_8,17.606498080473433
2015-08-25,2015,3,8,20,57.967333333333336,1044.04,0,10.734,602.5818505049059,6426.3893740925605,187.949951171875,2015_8,17.022781554755465
2015-08-25,2015,3,8,20,58.091,1051.67,0,10.861166666666668,609.7243486350942,6440.354568581809,170.54505920410156,2015_8,17.075613005144753
2015-08-25,2015,3,8,20,58.25233333333334,1101.72,0,11.028666666666668,619.0570696419741,6458.596413401392,107.44478607177734,2015_8,17.268071255406223
2015-08-26,2015,3,8,20,57.81433333333333,1057.28,0,10.954666666666666,616.1264875494128,6409.716318256885,65.53343200683594,2015_8,17.13890111031992
2015-08-26,2015,3,8,20,57.678000000000004,1057.38,17.777777777777775,10.956333333333335,616.6638176312697,6394.545183231539,32.47343063354492,2015_8,17.3471076803771
2015-08-26,2015,3,8,20,57.559666666666665,1051.82,12.12406015037594,10.863666666666665,611.5005124514607,6381.21882652103,29.439956665039062,2015_8,17.44053306938072
2015-08-26,2015,3,8,21,57.188833333333335,1126.58,0,11.443,647.6361279371132,6341.0522599294845,62.637638092041016,2015_8,18.13330313121959
2015-08-27,2015,3,8,21,56.619666666666674,1149.71,4.353369763205829,11.8285,673.5465727840548,6278.628508518658,34.36613845825195,2015_8,18.044687345399566
2015-08-27,2015,3,8,21,56.35133333333333,1154.31,3.3524904214559386,11.905166666666666,679.5120721386855,6248.972999170698,30.70829963684082,2015_8,18.14353317220216
2015-08-27,2015,3,8,21,56.221000000000004,1057.79,15.35580524344569,10.963166666666666,621.7297206632675,6232.410414391502,20.16118621826172,2015_8,17.972370759630696
2015-08-27,2015,3,8,21,56.450833333333335,1105.22,29.277566539923953,11.087,628.6312935364239,6258.210740613757,18.342756271362305,2015_8,17.81892156293174
2015-08-28,2015,3,8,21,56.3595,1233.08,0,12.551333333333332,719.3742321906727,6251.755171278626,24.49195671081543,2015_8,18.716924588819797
2015-08-28,2015,3,8,21,56.36866666666666,1215.56,0.7326007326007326,12.259333333333332,701.2962200061475,6251.88164115026,32.72195816040039,2015_8,18.382712891526392
2015-08-28,2015,3,8,21,56.5465,1233.08,0.39106145251396646,12.551333333333332,718.2984358897535,6272.553725267346,25.18486213684082,2015_8,18.58610137038478
2015-08-28,2015,3,8,21,56.81666666666667,1212.79,0.7194244604316546,12.213166666666666,696.110676266157,6301.5825687166835,40.15486145019531,2015_8,18.40903755336922
2015-08-28,2015,3,8,21,56.86833333333334,1217.97,2.9766536964980546,12.2995,701.100204820123,6307.580676429311,37.66486358642578,2015_8,18.560953166715016
2015-08-29,2015,3,8,21,56.78516666666666,1153.05,2.984873949579832,11.884166666666665,676.1856025354653,6297.183294813159,36.4061393737793,2015_8,18.12155428848768
2015-08-29,2015,3,8,21,56.9245,1141.63,0,11.693833333333336,663.951492762958,6312.212245698337,33.636138916015625,2015_8,18.09714249687549
2015-08-29,2015,3,8,21,57.10450000000001,1149.92,2.050420168067227,11.832,671.5268616352913,6332.579032047587,55.16312026977539,2015_8,18.188212348880818
2015-08-29,2015,3,8,21,57.22,1203.05,0.3962264150943396,12.050833333333333,684.2006454758857,6346.000403983176,41.398231506347656,2015_8,18.691170744246538
2015-08-29,2015,3,8,21,57.01616666666667,1212.52,3.2293577981651373,12.208666666666666,694.79369659501765,6323.7627126783955,37.878231048583984,2015_8,18.710694325376743
2015-08-30,2015,3,8,21,57.18066666666667,1139.49,4.185303514376997,11.658166666666666,660.670907092498,6340.630240816007,48.363121032714844,2015_8,18.12018616314953
2015-08-30,2015,3,8,21,57.31733333333333,1134.54,0.12459016393442623,11.575666666666667,655.1103242292544,6355.646086903295,68.483123779296875,2015_8,18.019421931522604
2015-08-30,2015,3,8,21,57.3765,1118.99,46.64151119402985,11.3165,639.2824253501923,6361.669335974494,37.367637634277344,2015_8,17.69321835977525
2015-08-30,2015,3,8,20,57.65166666666667,1109.52,26.486486486486488,11.158666666666667,628.8207569618949,6391.980698549475,39.72343063354492,2015_8,17.41544843239301
2015-08-30,2015,3,8,20,57.81183333333333,1100.16,0.2559726962457338,11.002666666666668,618.9858994960995,6409.52143252009,53.77342987060547,2015_8,17.16400904567887
2015-08-31,2015,3,8,20,57.87250000000001,1115.98,0,11.266333333333334,634.421781579716,6416.767209872275,82.71343231201172,2015_8,17.41748403159342
2016-01-19,2016,1,1,20,58.05949999999999,946.59,0,9.7765,545.8215245044175,6435.598003428965,362.58905029296875,2016_1,5.611814043640848
2016-01-19,2016,1,1,20,58.02166666666667,950.96,0,9.849333333333334,550.172287521806,6431.437826130426,194.83905029296875,2016_1,5.797799932551903
2016-01-19,2016,1,1,20,57.9805,952.18,0,9.869666666666665,551.4323874394511,6426.870128799238,95.15806579589844,2016_1,5.797799932551903
2016-01-19,2016,1,1,20,57.891666666666666,952.12,0,9.868666666666666,551.5003226608482,6416.979873494047,63.308067321777344,2016_1,6.010745503246018
2016-01-20,2016,1,1,20,57.413333333333334,832.6,0.1951219512195122,8.543333333333333,472.5668750593823,6363.489900172425,30.22842025756836,2016_1,6.347160520827497
2016-01-20,2016,1,1,20,57.454166666666666,832.4,0.8969465648854961,8.54,472.3973923220484,6368.036880442376,47.39841842651367,2016_1,6.494228405642158
2016-01-20,2016,1,1,20,57.52683333333333,837.04,0.3090909090909091,8.617333333333333,477.08336131000993,6376.0975885614025,90.92325592041016,2016_1,6.5100596329732605
2016-01-20,2016,1,1,20,57.61633333333332,846.77,0,8.7795,486.82732314188405,6386.018065485821,94.27642059326172,2016_1,6.440820162165099
2016-01-20,2016,1,1,20,57.75483333333333,843.41,0,8.7235,483.54477649642735,6401.449106419039,249.2132568359375,2016_1,5.843517989842301
2016-01-21,2016,1,1,20,57.759,947.91,0,9.798499999999999,547.5147308044938,6402.159444649645,36.61806869506836,2016_1,6.170905863268296
2016-01-21,2016,1,1,20,57.73933333333333,1007.35,0,10.1225,566.829716158419,6400.243542139269,71.65608215332031,2016_1,5.813204314550118
2016-01-21,2016,1,1,20,57.83216666666667,1035.17,0,10.586166666666667,594.1901245494656,6411.128745789726,104.51995849609375,2016_1,5.415327285028649
2016-01-22,2016,1,1,20,58.665166666666664,1049.34,0,10.822333333333331,605.7037288312589,6504.205101871255,81.1828842163086,2016_1,4.9412039107685155
2016-01-22,2016,1,1,20,58.67383333333334,1052.19,0,10.869833333333334,608.4316014348037,6505.245694105708,69.90288543701172,2016_1,4.9412039107685155
2016-01-22,2016,1,1,20,58.59583333333333,1054.24,0,10.904,610.6590544002194,6496.61879001601,75.29288482666016,2016_1,4.875499376609185
2016-01-22,2016,1,1,20,58.54466666666667,1050.68,0,10.844666666666667,607.367723979679,6490.826778237296,103.94506072998047,2016_1,5.023100149629232
2016-01-22,2016,1,1,20,58.497166666666665,1107.38,0,11.123000000000001,623.7319462604318,6486.018265047404,58.07478713989258,2016_1,4.396199957790145
2016-01-23,2016,1,1,20,57.8805,1100.09,0,11.001499999999998,618.6904728152742,6417.162047540789,81.28343200683594,2016_1,5.2690560681939935
2016-01-23,2016,1,1,20,57.82266666666666,1102.89,0,11.048166666666669,621.6522369914403,6410.808067283037,53.77342987060547,2016_1,5.100279057934424
2016-01-23,2016,1,1,20,57.678000000000004,1057.37,0,10.956166666666665,616.6538802983762,6394.544896400304,32.47343063354492,2016_1,4.933086160094153
2016-01-23,2016,1,1,21,57.467999999999996,1052.49,0,10.874833333333333,612.450202668268,6371.034789153825,26.84459686279297,2016_1,4.454783011224497
2016-01-24,2016,1,1,20,58.394000000000005,1101.16,0,11.019333333333334,618.0362710123355,6474.348557566067,73.40478515625,2016_1,4.779235145126499
2016-01-24,2016,1,1,20,58.355999999999995,1050.81,0,10.846833333333333,608.0708971976184,6469.828842983733,129.90505981445312,2016_1,5.231142023024199
2016-01-24,2016,1,1,20,58.32516666666667,1059.95,0,10.999166666666667,617.0853734827951,6466.651576270456,94.85478973388672,2016_1,4.969006362612774
2016-01-24,2016,1,1,20,58.06983333333333,1044.36,0,10.739333333333331,602.6034474660224,6437.806852473446,221.1450653076172,2016_1,5.370973606379373
2016-01-25,2016,1,1,20,57.89216666666666,1110.98,0,11.183,629.4094694767601,6418.793456771097,65.6634292602539,2016_1,4.986587382324298
2016-01-25,2016,1,1,20,58.070166666666665,1104.51,0,11.075166666666666,622.4096424893138,6438.403740779184,115.44478607177734,2016_1,5.047827625006454
2016-01-26,2016,1,1,21,57.347500000000004,1135.21,0,11.586833333333335,655.6549394748707,6359.028359763992,68.483123779296875,2016_1,3.8937265863316415
2016-01-26,2016,1,1,21,57.188833333333335,1203.55,0,12.059166666666666,684.8593635365365,6342.555574236245,41.398231506347656,2016_1,3.2370265229199817
2016-01-26,2016,1,1,21,57.13666666666666,1151.16,0.44660194174757284,11.852666666666668,672.6283966518704,6336.2100871347075,55.16312026977539,2016_1,3.667428478956624
2016-01-26,2016,1,1,21,57.191833333333335,1126.49,3.035714285714285,11.4415,647.5335388766408,6341.382842388126,62.637638092041016,2016_1,3.8260169641529203
2016-01-27,2016,1,1,21,56.21916666666666,1057.75,0,10.9625,621.6941992237747,6232.20523031225,20.16118621826172,2016_1,3.6019715021916663
2016-01-27,2016,1,1,21,56.45,1105.16,11.728155339805825,11.086000000000002,628.57248449865,6258.116138873491,18.342756271362305,2016_1,3.703347277559649
2016-01-27,2016,1,1,21,56.62483333333333,1149.8,0.2695167286245353,11.83,673.6148495709078,6279.207122667509,34.36613845825195,2016_1,3.612249354194785
2016-01-28,2016,1,1,21,56.351166666666664,1154.34,0,11.905666666666665,679.5437406511688,6248.95576263494,30.70829963684082,2016_1,3.572998534508286
2016-01-28,2016,1,1,21,56.370333333333335,1215.59,0,12.259833333333331,701.3182952305949,6252.0684953932705,32.72195816040039,2016_1,3.4284364050286227
2016-01-28,2016,1,1,21,56.361,1232.82,0,12.546999999999999,719.0980748174959,6251.908187992331,24.49195671081543,2016_1,3.1946920058656505
2016-01-28,2016,1,1,21,56.544000000000004,1232.32,0.023483365949119372,12.538666666666666,717.534559052695,6272.235440930307,25.18486213684082,2016_1,3.2198866225685516
2016-01-29,2016,1,1,21,57.017500000000005,1212.42,0,12.207,694.6855872146434,6323.9062840317965,37.878231048583984,2016_1,3.2638354323876757
2016-01-29,2016,1,1,21,56.8735,1217.5,0.17857142857142858,12.291666666666666,700.595303526725,6308.1323996377905,30.754863739013672,2016_1,3.1426322790734296
2016-01-29,2016,1,1,21,56.814,1212.47,0,12.207833333333333,695.7992153617771,6301.270648393087,40.15486145019531,2016_1,3.3819319145314988
2016-01-29,2016,1,1,21,56.80216666666667,1149.71,2.5182481751824812,11.8285,672.7080115671835,6298.932770970815,36.4061393737793,2016_1,3.6749841094113496
2016-01-30,2016,1,1,21,56.92366666666667,1141.68,0.208984375,11.694666666666668,664.0058525382364,6312.12152487854,33.636138916015625,2016_1,3.794047912456972
2016-01-30,2016,1,1,21,57.36933333333333,1118.86,0.40899795501022496,11.314333333333332,639.1793273915448,6360.867365303754,37.367637634277344,2016_1,4.048520286620543
2016-01-31,2016,1,1,20,57.79600000000001,1115.52,0,11.258666666666667,634.2514154173339,6408.238105828159,61.173431396484375,2016_1,4.788302742440287
2016-08-23,2016,3,8,20,57.30566666666667,832.5,3.4416826003824093,8.541666666666666,472.3860180955776,6351.505092086676,25.76841926574707,2016_8,17.081634945747744
2016-08-23,2016,3,8,20,57.504666666666665,851.79,0,8.863166666666666,491.80051134239665,6373.573590401301,51.4664192199707,2016_8,16.845500780068193
2016-08-23,2016,3,8,20,57.52666666666667,840.06,0,8.667666666666666,480.09755169061555,6376.0631673271755,78.64325714111328,2016_8,16.710259206041776
2016-08-23,2016,3,8,20,57.66866666666667,842.02,0,8.700333333333333,482.12366007483314,6391.8622625576945,176.083251953125,2016_8,16.881063327093155
2016-08-23,2016,3,8,20,57.600833333333334,901.67,0,9.027833333333332,501.6634737405626,6384.27144561944,56.49641799926758,2016_8,16.85117384837036
2016-08-23,2016,3,8,20,57.414,832.52,0,8.542,472.4872789209086,6363.564653013272,30.22842025756836,2016_8,16.7772564656793
2016-08-24,2016,3,8,20,57.375,902.72,19.774011299435028,9.045333333333334,502.7261445587146,6359.131334934593,19.18343734741211,2016_8,17.448272042474187
2016-08-24,2016,3,8,20,57.57033333333334,911.29,1.833648393194707,9.188166666666666,511.25528459929274,6380.8912681718775,37.366416931152344,2016_8,16.980908197528347
2016-08-24,2016,3,8,20,57.709833333333336,925.12,0,9.418666666666667,524.9468260799733,6396.482798129857,46.29806900024414,2016_8,16.835547763984657
2016-08-24,2016,3,8,20,57.64783333333333,940.48,0,9.674666666666667,540.2693756801759,6389.70373849976,33.47806930541992,2016_8,17.067037058590834
2016-08-25,2016,3,8,20,57.813833333333335,1057.02,0,10.950333333333333,615.8706916782793,6409.653240811957,65.53343200683594,2016_8,17.845183881472234
2016-08-25,2016,3,8,20,57.84583333333333,1020.48,0,10.341333333333333,579.6224719400153,6412.335628594963,85.12608337402344,2016_8,17.25573135611674
2016-08-25,2016,3,8,20,57.75816666666666,947.79,0,9.7965,547.396815002287,6402.065273339249,36.61806869506836,2016_8,17.014160881869643
2016-08-25,2016,3,8,20,58.00450000000001,948.84,0,9.814,548.1081508858169,6429.500988273952,218.37905883789062,2016_8,17.062133452031855
2016-08-26,2016,3,8,20,58.76216666666666,1004.24,0,10.070666666666666,561.9342622667795,6514.064430762455,277.3374938964844,2016_8,17.64958564181885
2016-08-26,2016,3,8,20,58.63316666666666,1036.41,0,10.606833333333334,593.2906820182094,6500.32316218299,123.3028793334961,2016_8,17.744301195721217
2016-08-26,2016,3,8,20,58.45116666666666,1045.09,0,10.751499999999998,602.2171699744553,6480.27332669979,137.66506958007812,2016_8,17.72302143663953
2016-08-27,2016,3,8,20,58.39750000000001,1059.64,0,10.994000000000002,616.5441784286991,6474.693961675003,73.40478515625,2016_8,18.2588300340262
2016-08-27,2016,3,8,20,58.102833333333336,1044.12,0,10.735333333333331,602.2730522520383,6441.474078816496,221.1450653076172,2016_8,17.7013119715725
2016-08-27,2016,3,8,20,58.09866666666667,1108.48,0,11.141333333333334,626.2112087707299,6441.697716089805,85.69478607177734,2016_8,18.202236715055623
2016-08-28,2016,3,8,20,57.60566666666667,1106.05,53.47091932457786,11.100833333333332,625.5287757564441,6386.752738314372,34.993431091308594,2016_8,18.376299898562188
2016-08-28,2016,3,8,20,57.55083333333334,1104.8,3.5139860139860137,11.08,624.471271192857,6380.6117320358535,40.163429260253906,2016_8,18.376299898562188
2016-08-28,2016,3,8,21,57.40533333333333,1119.39,43.37811900191939,11.323166666666669,639.5735209542978,6364.891697164918,37.367637634277344,2016_8,18.82447632902078
2016-08-28,2016,3,8,21,57.189499999999995,1126.53,0,11.442166666666667,647.5831210791714,6341.124639547628,62.637638092041016,2016_8,19.23607123344312
2016-08-28,2016,3,8,21,57.21933333333333,1139.52,0,11.658666666666667,660.5331864018387,6344.9338368284425,48.363121032714844,2016_8,19.138163413927277
2016-08-29,2016,3,8,20,57.68033333333333,1057.19,36.36363636363636,10.953166666666668,616.4675239965147,6394.799437020043,32.47343063354492,2016_8,18.079837782138625
2016-08-29,2016,3,8,20,57.65716666666667,1046.61,29.643527204502814,10.776833333333332,606.0218539905636,6391.931588838524,24.53995704650879,2016_8,18.041121325010703
2016-08-29,2016,3,8,21,57.438833333333335,1049.36,0.4163568773234201,10.822666666666665,609.408840687237,6367.703412160479,35.68459701538086,2016_8,18.64774742433655
2016-08-29,2016,3,8,21,57.34883333333334,1135.22,0,11.587,655.6593211715281,6359.177106683568,68.483123779296875,2016_8,19.119486422403728
2016-08-30,2016,3,8,21,56.21849999999999,1057.68,7.888675623800384,10.961333333333334,621.6239767967145,6232.128986555257,20.16118621826172,2016_8,19.119303457799617
2016-08-30,2016,3,8,21,56.45066666666666,1105.19,28.244274809160306,11.086500000000001,628.6010446830245,6258.191258824496,18.342756271362305,2016_8,18.929841651779462
2016-08-30,2016,3,8,21,56.351000000000006,1154.63,6.4638783269961975,11.910500000000003,679.8430822592113,6248.949846598898,30.70829963684082,2016_8,19.188116867915138
2016-08-30,2016,3,8,21,56.6235,1149.79,4.9757009345794385,11.829833333333333,673.6107513884141,6279.058360732498,34.36613845825195,2016_8,19.088773197761107
2016-08-31,2016,3,8,21,56.402,1215.52,0.537037037037037,12.258666666666667,701.0792571995727,6255.587508985809,34.694862365722656,2016_8,19.336518690467063
2016-08-31,2016,3,8,21,56.360166666666665,1232.83,0.06725663716814159,12.547166666666666,719.113148024863,6251.816034547813,24.49195671081543,2016_8,19.70741856247697
2016-08-31,2016,3,8,21,56.563833333333335,1236.84,1.423572744014733,12.613999999999999,722.0469310252979,6274.682668114966,22.206270217895508,2016_8,19.57183218637514
2016-08-31,2016,3,8,21,56.81933333333333,1213.05,0.5580589254766032,12.2175,696.3610864245522,6301.891642671816,40.15486145019531,2016_8,19.40088274358777
2016-08-31,2016,3,8,21,56.870333333333335,1217.76,15.947467166979362,12.296,700.8762498171604,6307.792865437479,37.66486358642578,2016_8,19.54840945986894
2016-09-01,2016,3,9,21,56.784499999999994,1153.12,1.0383912248628884,11.885333333333332,676.2599743155532,6297.112128326673,36.4061393737793,2016_9,16.306908972133698
2016-09-01,2016,3,9,21,56.92549999999999,1141.57,0.2867132867132868,11.692833333333333,663.8862639551003,6312.321111579463,33.636138916015625,2016_9,16.281023927687603
2016-09-01,2016,3,9,21,57.10333333333333,1149.87,0.6678383128295255,11.831166666666665,671.4817956837082,6332.447131547319,55.16312026977539,2016_9,16.355783163157774
2016-09-01,2016,3,9,21,57.014,1212.54,6.840148698884758,12.209,694.8252596175462,6323.5226342238975,37.878231048583984,2016_9,16.46261913664739
2016-09-01,2016,3,9,21,57.220333333333336,1203.05,6.573033707865168,12.050833333333333,684.1989837013043,6346.0374886367,41.398231506347656,2016_9,16.441989720084848
2016-09-02,2016,3,9,20,57.58416666666667,1104.62,21.965317919075144,11.076999999999998,624.1782223916691,6384.316048137825,34.993431091308594,2016_9,16.107863273103337
2016-09-02,2016,3,9,20,57.96833333333334,1047.91,0,10.7985,606.394110436195,6426.600418885703,194.54995727539062,2016_9,15.591558111204254
2017-01-19,2017,1,1,20,57.45383333333333,831.62,0.25125628140703515,8.527,471.61706774373533,6368.005127156928,47.39841842651367,2017_1,6.235291583279738
2017-01-19,2017,1,1,20,57.527499999999996,838.52,0,8.642,478.56094905467177,6376.163749294939,78.64325714111328,2017_1,6.189835275289959
2017-01-19,2017,1,1,20,57.61299999999999,846.31,0,8.771833333333332,486.3680693250313,6385.64849349756,108.2332534790039,2017_1,6.181871210522428
2017-01-19,2017,1,1,20,57.75833333333333,843.79,0,8.729833333333334,483.92324216504767,6401.837234572871,249.2132568359375,2017_1,5.584375797389364
2017-01-20,2017,1,1,20,57.41166666666666,831.99,0,8.533166666666666,471.9548694705111,6363.308512123723,30.22842025756836,2017_1,6.235291583279738
2017-01-21,2017,1,1,20,58.06066666666667,946.83,0,9.7805,546.0560578882348,6435.730609682338,362.58905029296875,2017_1,5.353213977104255
2017-01-21,2017,1,1,20,58.02533333333334,951.32,0,9.855333333333334,550.5215417744404,6431.850501704029,194.83905029296875,2017_1,5.539296686097925
2017-01-21,2017,1,1,20,57.97933333333334,952.35,0,9.8725,551.6016231611104,6426.742407242137,95.15806579589844,2017_1,5.539296686097925
2017-01-21,2017,1,1,20,57.89933333333333,954.25,0,9.904166666666667,553.5935137161401,6417.860948942824,60.15608215332031,2017_1,5.746941282593879
2017-01-21,2017,1,1,20,57.76066666666667,948.12,0,9.802,547.7207955853344,6402.347445370545,36.61806869506836,2017_1,5.912585151072165
2017-01-22,2017,1,1,20,57.75183333333333,1011.48,0,10.191333333333334,570.9030936977227,6401.705000401211,75.0060806274414,2017_1,5.525061317212422
2017-01-22,2017,1,1,20,57.83116666666667,1033.52,0,10.558666666666666,592.5598528230994,6410.979491536473,104.00995635986328,2017_1,5.535236298044509
2017-01-22,2017,1,1,20,57.853500000000004,1056.97,0,10.9495,615.6939789384293,6414.066804422568,105.92343139648438,2017_1,5.437172406165598
2017-01-22,2017,1,1,20,57.82483333333333,1103.4,0,11.056666666666668,622.1496767531131,6411.064525900117,53.77342987060547,2017_1,5.456432026049939
2017-01-23,2017,1,1,20,58.66833333333334,1049.14,0,10.819,605.500847604834,6504.552363347358,81.1828842163086,2017_1,4.816799972236188
2017-01-23,2017,1,1,20,58.59816666666667,1054.33,0,10.905499999999998,610.7388430507596,6496.881000179816,75.29288482666016,2017_1,4.837605589000418
2017-01-23,2017,1,1,20,58.54516666666667,1050.73,0,10.8455,607.4146901790763,6490.883769093102,103.94506072998047,2017_1,4.9759613487045
2017-01-23,2017,1,1,20,58.49933333333333,1107.31,0,11.121833333333333,623.6563467671166,6486.257282574232,58.07478713989258,2017_1,4.532592915539086
2017-01-23,2017,1,1,20,58.3285,1100.02,0,11.000333333333334,617.1426606692199,6467.024634359002,94.85478973388672,2017_1,5.108688833188146
2017-01-24,2017,1,1,20,58.09466666666667,1043.84,0,10.730666666666666,602.0213744487789,6440.557963446248,221.1450653076172,2017_1,5.494829899113445
2017-01-24,2017,1,1,20,58.090500000000006,1103.9,0,11.065000000000001,621.7407843829094,6440.648501102525,115.44478607177734,2017_1,5.228007014112372
2017-01-24,2017,1,1,20,58.227666666666664,1111.29,0,11.188166666666666,628.5049385323966,6456.1439767146985,64.59478759765625,2017_1,4.686547929634458
2017-01-25,2017,1,1,20,57.67583333333334,1057.56,0,10.959333333333332,616.8496609727665,6394.3092013848645,32.47343063354492,2017_1,5.229992247814745
2017-01-25,2017,1,1,20,57.70366666666667,1120.39,0,11.339833333333335,639.4297840230681,6398.12631271699,80.20343017578125,2017_1,4.989935958139069
2017-01-25,2017,1,1,20,57.56550000000001,1137.63,0,11.62716666666667,657.1428760778225,6383.37914543751,40.97043228149414,2017_1,4.254259834421257
2017-01-25,2017,1,1,21,57.351666666666674,1135.28,0,11.588,655.7074752112734,6359.494672210039,68.483123779296875,2017_1,4.6413154389442335
2017-01-26,2017,1,1,21,57.466499999999996,1052.4,0,10.873333333333335,612.364851642477,6370.865359721574,26.84459686279297,2017_1,4.945025130446548
2017-01-26,2017,1,1,21,57.407000000000004,1119.48,0,11.324666666666667,639.6572751311694,6365.080251246881,37.367637634277344,2017_1,4.863965404394122
2017-01-26,2017,1,1,21,57.18816666666667,1126.58,0,11.443,647.63878801589,6340.978075294703,62.637638092041016,2017_1,4.569004753384949
2017-01-26,2017,1,1,21,56.95216666666667,1139.8,0,11.663333333333332,661.9757411325171,6315.217842295384,33.26312255859375,2017_1,4.681962208312398
2017-01-27,2017,1,1,21,56.62716666666667,1149.83,0,11.830499999999999,673.63479536245,6279.467983621765,34.36613845825195,2017_1,4.579432835767889
2017-01-27,2017,1,1,21,56.48083333333334,1105.72,0.860655737704918,11.095333333333334,629.043017068828,6261.564670519042,17.072755813598633,2017_1,4.7726150737739115
2017-01-27,2017,1,1,21,56.251000000000005,1058.31,0,10.971833333333333,622.1714848705913,6235.7640487028175,16.50118637084961,2017_1,4.561088014563562
2017-01-28,2017,1,1,21,56.35316666666666,1154.11,0,11.901833333333332,679.2975650232831,6249.1682615252,30.70829963684082,2017_1,4.580585088247187
2017-01-28,2017,1,1,21,56.398833333333336,1215.41,0,12.256833333333335,700.9828720116296,6255.229904094439,34.694862365722656,2017_1,4.460901039469942
2017-01-28,2017,1,1,21,56.337999999999994,1236.45,0,12.6075,722.9675131226625,6249.544571615638,23.126773834228516,2017_1,4.225444392426131
2017-01-28,2017,1,1,21,56.548166666666674,1233.57,0,12.559499999999998,718.7905619899341,6272.765107385316,25.18486213684082,2017_1,4.157221284224715
2017-01-29,2017,1,1,21,57.21933333333333,1203.03,0,12.0505,684.1838507975291,6345.925333235145,41.398231506347656,2017_1,4.009817089905216
2017-01-29,2017,1,1,21,57.04233333333333,1211.68,0,12.194666666666668,693.8078284599219,6326.633767889556,37.878231048583984,2017_1,3.9948651596316633
2017-01-29,2017,1,1,21,56.902499999999996,1215.72,0,12.262,698.6341936802672,6311.27172820317,30.754863739013672,2017_1,4.124474112040987
2017-01-29,2017,1,1,21,56.84316666666667,1214.74,0,12.245666666666667,697.9534876019974,6304.624073925532,37.66486358642578,2017_1,4.203101153312627
2017-01-30,2017,1,1,21,56.79933333333334,1149.78,0.07540394973070018,11.829666666666666,672.7922626292959,6298.620486416305,36.4061393737793,2017_1,4.585501482694072
2017-01-30,2017,1,1,21,57.10316666666666,1149.83,0.18900343642611686,11.830499999999999,671.4421994396579,6332.42691201576,55.16312026977539,2017_1,4.58039579366151
2017-01-30,2017,1,1,21,57.18916666666667,1139.61,1.0775295663600526,11.660166666666665,660.7548287811467,6341.580745543702,48.363121032714844,2017_1,4.703344961335655
2017-01-31,2017,1,1,20,57.894000000000005,1110.79,0,11.179833333333333,629.2152083316755,6418.991444147587,65.6634292602539,2017_1,5.347433979680939
2017-08-05,2017,3,8,20,57.528833333333324,1049.9,8.317757009345794,10.831666666666669,609.6788822341948,6377.734932580662,28.079957962036133,2017_8,17.822715795671098
2017-08-05,2017,3,8,21,57.462,1052.03,1.049723756906077,10.867166666666666,612.0087875201042,6370.354334267033,26.84459686279297,2017_8,17.822715795671098
2017-08-05,2017,3,8,21,57.40233333333334,1119.39,63.97571511967309,11.323166666666669,639.5849317202618,6364.55784467957,37.367637634277344,2017_8,18.108260166989833
2017-08-05,2017,3,8,21,57.18733333333333,1126.66,0.570300157977883,11.444333333333335,647.7226725940659,6340.888233927746,62.637638092041016,2017_8,18.438896196299087
2017-08-06,2017,3,8,21,56.22,1057.81,6.072106261859582,10.9635,621.7535573870596,6232.299726860969,20.16118621826172,2017_8,18.156360276217573
2017-08-06,2017,3,8,21,56.451666666666675,1105.25,6.332046332046332,11.0875,628.6592885411814,6258.304407116079,18.342756271362305,2017_8,18.01730019355622
2017-08-06,2017,3,8,21,56.35066666666667,1154.91,0.0545774647887324,11.915166666666668,680.1329168329074,6248.924973849717,30.70829963684082,2017_8,18.249481036828666
2017-08-06,2017,3,8,21,56.36716666666666,1215.64,0,12.260666666666669,701.3864467474435,6251.7186934283645,32.72195816040039,2017_8,18.46589992861849
2017-08-06,2017,3,8,21,56.33833333333334,1236.22,0.1465201465201465,12.603666666666667,722.7287649851733,6249.569224781865,23.126773834228516,2017_8,18.78031203448621
2017-08-07,2017,3,8,21,56.62516666666667,1149.83,2.4828125,11.830499999999999,673.6439825435922,6279.245473618619,34.36613845825195,2017_8,18.18826298861114
2017-08-07,2017,3,8,21,56.786833333333334,1152.71,0.630225080385852,11.8785,675.8317581541394,6297.35414902634,36.4061393737793,2017_8,18.270917253005916
2017-08-07,2017,3,8,21,56.9235,1141.83,1.082001184132623,11.697166666666666,664.158696961165,6312.108982706115,33.636138916015625,2017_8,18.283486385310983
2017-08-07,2017,3,8,21,57.110166666666665,1150.13,0,11.835500000000001,671.712555336123,6333.218320638205,55.16312026977539,2017_8,18.37386334734325
2017-08-07,2017,3,8,21,57.2125,1139.65,0.12734082397003746,11.660833333333334,660.6936807337671,6344.1786030271205,48.363121032714844,2017_8,18.31849697482803
2017-08-08,2017,3,8,20,57.375,903.33,27.84,9.0555,503.33752249374334,6359.131788025653,19.853437423706055,2017_8,17.119025938388695
2017-08-08,2017,3,8,20,57.290333333333336,835.66,8.686274509803921,8.594333333333333,475.5489223852866,6349.778058840112,24.63842010498047,2017_8,17.212849022367717
2017-08-08,2017,3,8,20,57.415333333333336,832.91,1.0357815442561205,8.548499999999999,472.87872543677463,6363.710470131554,30.22842025756836,2017_8,16.44433216602061
2017-08-08,2017,3,8,20,57.52616666666666,819.14,0,8.318999999999999,459.2167001952846,6376.163284696629,136.24325561523438,2017_8,16.35157366015632
2017-08-08,2017,3,8,20,57.52616666666666,836.81,0,8.613499999999998,476.8533747800328,6376.024672776433,90.92325592041016,2017_8,16.347440738653656
2017-08-08,2017,3,8,20,57.50233333333334,851.32,8.202247191011235,8.855333333333334,491.3305603271021,6373.3148065890655,51.4664192199707,2017_8,16.513456980287025
2017-08-09,2017,3,8,20,57.59816666666667,901.04,23.206521739130434,9.017333333333333,501.0360115819328,6383.974367404526,56.49641799926758,2017_8,16.519402825304898
2017-08-09,2017,3,8,20,57.687000000000005,926.84,57.08253358925143,9.447333333333335,526.6717294499632,6393.951759943984,33.04806900024414,2017_8,16.634118067205463
2017-08-09,2017,3,8,20,57.959833333333336,948.92,0.17372262773722624,9.815333333333333,548.2469517267214,6424.529294420615,111.63806915283203,2017_8,16.732312462018186
2017-08-09,2017,3,8,20,58.0585,946.38,0,9.773,545.6162685163927,6435.484303728053,362.58905029296875,2017_8,16.809124757425714
2017-08-10,2017,3,8,20,58.02516666666667,951.33,0,9.855500000000001,550.5316208992841,6431.83207170295,194.83905029296875,2017_8,16.732312462018186
2017-08-10,2017,3,8,20,58.155,1005.76,0,10.096,564.5017719038113,6446.491086691762,397.2725830078125,2017_8,16.839715347447388
2017-08-10,2017,3,8,20,58.25233333333334,1110.12,0,11.168666666666665,627.2716044904614,6458.852394743824,64.59478759765625,2017_8,17.895881769116745
2017-08-11,2017,3,8,21,56.54750000000001,1233.61,0,12.560166666666666,718.8353681266958,6272.693084723497,25.18486213684082,2017_8,18.667100711434525
2017-08-11,2017,3,8,21,56.81816666666667,1212.79,0,12.213166666666666,696.1028362659954,6301.749431503853,40.15486145019531,2017_8,18.53665524469524
2017-08-11,2017,3,8,21,56.87466666666666,1217.46,0.9297912713472485,12.291,700.5484449539205,6308.260222815295,30.754863739013672,2017_8,18.53665524469524
2017-08-11,2017,3,8,21,57.01833333333334,1212.34,3.719626168224299,12.205666666666666,694.6003243248147,6323.995185963151,37.878231048583984,2017_8,18.62861993840601
2017-08-11,2017,3,8,21,57.19333333333334,1203.29,2.5955056179775275,12.054833333333333,684.5751554031493,6343.044465804146,41.398231506347656,2017_8,18.739355433055188
2017-08-12,2017,3,8,21,57.32083333333333,1134.62,0.10702341137123747,11.576999999999998,655.1758432347127,6356.038586335252,68.483123779296875,2017_8,18.32105278544229
2017-08-12,2017,3,8,20,57.52916666666667,1100.21,11.733576642335764,11.0035,619.9653445998091,6378.062617365554,36.06343078613281,2017_8,17.892466062522328
2017-08-12,2017,3,8,20,57.65266666666666,1109.71,22.33665458937198,11.161833333333334,629.0061436669788,6392.098012549205,39.72343063354492,2017_8,17.687413697363315
2017-08-12,2017,3,8,20,57.68083333333334,1124.83,0,11.413833333333333,643.9288462086462,6395.73997582798,72.02342987060547,2017_8,18.310372063633064
2017-08-13,2017,3,8,20,57.7,1047.87,17.869481765834934,10.797833333333331,607.1482688360444,6396.7321393420325,27.579957962036133,2017_8,17.487058242990297
2017-08-13,2017,3,8,20,57.87,1112.65,0,11.210833333333335,631.1397555488867,6416.380021759594,82.71343231201172,2017_8,17.683355694640134
2017-08-13,2017,3,8,20,57.963833333333334,1047.55,0,10.792499999999999,606.0525069395818,6426.090098469226,194.54995727539062,2017_8,17.12721931328924
2017-08-13,2017,3,8,20,57.856500000000004,1031.73,0,10.528833333333333,590.7246966188555,6413.759013957929,112.74995422363281,2017_8,16.986255326399334
2017-08-14,2017,3,8,20,58.82950000000001,1048.08,0,10.801333333333332,603.9939752697527,6522.465911955211,81.952880859375,2017_8,17.902975816627315
2017-08-14,2017,3,8,20,58.48083333333334,1044.28,0,10.738,601.344013694861,6483.55531445932,124.75506591796875,2017_8,17.284108870458716
2017-08-14,2017,3,8,20,58.367333333333335,1050.75,0,10.845833333333333,607.9777757884516,6471.088790189919,129.90505981445312,2017_8,17.1956677934096
2017-08-14,2017,3,8,20,58.44016666666666,1102.84,0,11.047333333333333,619.5161555105087,6479.536772405883,62.5447883605957,2017_8,17.92980093827975
2017-08-15,2017,3,8,20,58.649833333333326,1052.35,0,10.872499999999999,608.6608169336511,6502.578390970287,69.90288543701172,2017_8,17.65705559685965
2018-01-18,2018,1,1,20,57.73266666666667,943.29,0,9.721499999999999,542.9641775913732,6399.176484006502,33.20806884765625,2018_1,5.619485216848864
2018-01-18,2018,1,1,20,57.880333333333326,949.65,0,9.827499999999999,549.075200229446,6415.687576806926,63.308067321777344,2018_1,5.419586487589935
2018-01-20,2018,1,1,20,57.41616666666667,832.81,1.9577981651376144,8.546833333333332,472.77922911231497,6363.803903855987,30.22842025756836,2018_1,5.753088038916239
2018-01-20,2018,1,1,20,57.526500000000006,836.67,0,8.611166666666666,476.7138499982241,6376.062578300186,90.92325592041016,2018_1,5.916235468870674
2018-01-20,2018,1,1,20,57.6185,846.95,0,8.7825,487.00731612037816,6386.258693309134,94.27642059326172,2018_1,5.847554272610471
2018-01-20,2018,1,1,20,57.78099999999999,846.88,0,8.781333333333333,486.99598267333744,6404.349627262177,376.9264221191406,2018_1,5.250800972084569
2018-01-21,2018,1,1,20,58.06083333333333,946.78,0,9.779666666666666,546.0066712758695,6435.748596457608,362.58905029296875,2018_1,5.020983101350933
2018-01-21,2018,1,1,20,58.0325,952.22,0,9.870333333333333,551.3972276105503,6432.6596708347115,194.83905029296875,2018_1,5.206828038842851
2018-01-21,2018,1,1,20,57.98116666666667,952.7,0,9.878333333333334,551.9439548933836,6426.950976188118,95.15806579589844,2018_1,5.219570291314413
2018-01-21,2018,1,1,20,57.7425,1008.37,0,10.1395,567.8358502985499,6400.612948493225,71.65608215332031,2018_1,5.086841267922686
2018-01-22,2018,1,1,20,58.66566666666666,1049.29,0,10.821499999999999,605.6538872313163,6504.259448242767,81.1828842163086,2018_1,4.297002038506884
2018-01-22,2018,1,1,20,58.597166666666666,1054.33,0,10.905499999999998,610.7420040234235,6496.769684729697,75.29288482666016,2018_1,4.262451555209559
2018-01-22,2018,1,1,20,58.54566666666666,1050.79,0,10.846499999999999,607.4713539055277,6490.941027253266,103.94506072998047,2018_1,4.409657075818547
2018-01-22,2018,1,1,20,58.499500000000005,1107.29,0,11.1215,623.6363388325871,6486.275220285275,58.07478713989258,2018_1,3.7817801746931865
2018-01-22,2018,1,1,20,58.38866666666666,1103.8,0,11.063333333333333,620.6259258436595,6473.832977036106,49.75478744506836,2018_1,3.9353176645004577
2018-01-23,2018,1,1,20,57.8305,1038.17,0,10.636166666666668,597.1633780890653,6411.0139140526835,104.51995849609375,2018_1,4.772369160844519
2018-01-23,2018,1,1,20,58.07033333333334,1044.35,0,10.739166666666666,602.5921828942229,6437.862255015381,221.1450653076172,2018_1,4.757576176019172
2018-01-23,2018,1,1,20,58.29383333333333,1058,0,10.966666666666667,615.2841857116828,6463.107814446451,110.01478576660156,2018_1,4.3550987156937815
2018-01-24,2018,1,1,20,57.67183333333334,1057.75,0,10.9625,617.0513720222267,6393.869466798403,32.47343063354492,2018_1,4.2499680046229225
2018-01-24,2018,1,1,21,57.47333333333333,1052.86,0,10.880999999999998,612.803579804227,6371.638603605846,26.84459686279297,2018_1,3.866640135790723
2018-01-24,2018,1,1,21,57.402499999999996,1119.35,0.07428571428571429,11.322499999999998,639.5442512463496,6364.575023499578,37.367637634277344,2018_1,3.7179707931518196
2018-01-24,2018,1,1,21,57.35,1135.17,0.7330827067669172,11.586166666666667,655.6042568027185,6359.30501993166,68.483123779296875,2018_1,3.522239109893064
2018-01-25,2018,1,1,21,56.220666666666666,1057.77,0,10.962833333333332,621.7101114102346,6232.372733525577,20.16118621826172,2018_1,3.47619690183658
2018-01-25,2018,1,1,21,56.45383333333333,1105.29,1.791044776119403,11.088166666666666,628.693043684719,6258.546754909649,17.072755813598633,2018_1,3.510287455233579
2018-01-25,2018,1,1,21,56.35133333333333,1154.03,0,11.9005,679.2238110638068,6248.960831243164,30.70829963684082,2018_1,3.4894426762934727
2018-01-25,2018,1,1,21,56.37049999999999,1215.69,0,12.261500000000002,701.4203013043268,6252.0919149277815,32.72195816040039,2018_1,3.3557956752729825
2018-01-26,2018,1,1,21,56.62466666666666,1149.8,0.4852320675105486,11.83,673.6156150214051,6279.188580167307,34.36613845825195,2018_1,3.470775339721756
2018-01-26,2018,1,1,21,56.785000000000004,1152.91,4.288321167883211,11.881833333333335,676.0438948216084,6297.158748857062,36.4061393737793,2018_1,3.4411705079398205
2018-01-26,2018,1,1,21,56.923,1141.73,3,11.695500000000001,664.0594829618451,6312.049348765068,33.636138916015625,2018_1,3.5675781966834372
2018-01-26,2018,1,1,21,57.104166666666664,1149.93,0.9090909090909092,11.832166666666668,671.5384933863454,6332.542364068425,55.16312026977539,2018_1,3.478819540472256
2018-01-27,2018,1,1,21,57.01633333333333,1212.47,0.23157894736842105,12.207833333333333,694.7422559847289,6323.778875744044,37.878231048583984,2018_1,3.0794911366148705
2018-01-27,2018,1,1,21,57.189499999999995,1203.54,0,12.059,684.8459648748909,6342.629290859829,41.398231506347656,2018_1,3.030220430919644
2018-01-27,2018,1,1,21,57.16216666666666,1126.93,1.9083969465648853,11.448833333333335,648.0952027911086,6338.097537478533,62.637638092041016,2018_1,3.4497313354168253
2018-01-28,2018,1,1,21,56.9,1215.89,0.11787819253438113,12.264833333333335,698.819939264522,6311.001864471935,30.754863739013672,2018_1,3.0137293137338266
2018-01-28,2018,1,1,21,56.845333333333336,1214.93,0.13062098501070663,12.248833333333334,698.1350858820215,6304.874264869059,37.66486358642578,2018_1,3.0928793491406177
2018-01-28,2018,1,1,21,56.545833333333334,1232.63,0.5384615384615385,12.543833333333335,717.8414776697916,6272.4557415447325,25.18486213684082,2018_1,3.0532592196810087
2018-01-28,2018,1,1,21,56.33383333333333,1237.14,0.19488188976377954,12.619000000000002,723.7023195802046,6249.118502715948,23.126773834228516,2018_1,3.130140562231696
2018-01-29,2018,1,1,20,57.89283333333333,1110.97,0,11.182833333333333,629.3971959003995,6418.867335217043,65.6634292602539,2018_1,4.368479190418845
2018-01-29,2018,1,1,20,57.82483333333333,1103.36,0,11.056,622.1100893994977,6411.063322798875,53.77342987060547,2018_1,4.482417025736613
2018-01-29,2018,1,1,20,57.85716666666667,1057.62,0,10.960333333333331,616.3249523326813,6414.493489825844,105.92343139648438,2018_1,4.601667990365534
2018-01-29,2018,1,1,20,58.01649999999999,1109.87,0,11.164499999999999,627.8696849661837,6432.596204800731,100.6347885131836,2018_1,4.37487349350578
2018-01-30,2018,1,1,20,58.3355,1050.73,0,10.8455,608.0554746427617,6467.544780803312,149.0150604248047,2018_1,4.6190970815215735
2018-08-21,2018,3,8,20,58.81266666666667,1014.81,0,10.246833333333333,572.0195303243943,6519.86306040176,197.34750366210938,2018_8,17.816745110528043
2018-08-21,2018,3,8,20,58.58016666666667,1035.77,0,10.596166666666667,592.8118063501702,6494.408208382378,149.4028778076172,2018_8,17.621816768863994
2018-08-21,2018,3,8,20,58.49333333333334,1030.52,0,10.508666666666667,587.9416864292174,6484.623834687885,189.5650634765625,2018_8,17.51368376742838
2018-08-21,2018,3,8,20,58.4445,1045.31,0,10.755166666666666,602.4505044146221,6479.5367924448055,137.66506958007812,2018_8,17.57119363202154
2018-08-22,2018,3,8,20,57.60366666666667,905.31,0,9.0885,505.28883665941606,6384.589977215418,46.12641906738281,2018_8,17.018989280684405
2018-08-22,2018,3,8,20,57.487,908.11,17.28,9.135166666666667,508.10352968252107,6371.606665654394,19.653438568115234,2018_8,17.398783963459127
2018-08-22,2018,3,8,20,57.52183333333334,855.17,0,8.9195,495.17844749926564,6375.479260033312,42.26641845703125,2018_8,17.078364452500455
2018-08-22,2018,3,8,20,57.431333333333335,836.44,0,8.607333333333335,476.4230622496041,6365.469681841235,42.13842010498047,2018_8,16.88276640452893
2018-08-22,2018,3,8,20,57.28983333333334,843.39,10.386965376782078,8.723166666666666,483.3139416566105,6349.683483308586,23.99842071533203,2018_8,17.88475431041245
2018-08-23,2018,3,8,20,57.527166666666666,836.94,0,8.615666666666668,476.98376079687404,6376.1352600687305,90.92325592041016,2018_8,16.78604879719407
2018-08-23,2018,3,8,20,57.57133333333333,911.25,28.02707930367505,9.1875,511.21510015534005,6381.00248308458,37.366416931152344,2018_8,17.087301803683644
2018-08-23,2018,3,8,20,57.7425,944.91,0,9.7485,544.5598524640242,6400.288614296466,36.61806869506836,2018_8,17.070229579749565
2018-08-23,2018,3,8,20,57.885000000000005,951.06,0,9.850999999999999,550.4622968447956,6416.224386939581,63.308067321777344,2018_8,17.082968008042833
2018-08-23,2018,3,8,20,58.033666666666676,952.33,0,9.872166666666667,551.5038133880519,6432.790950241537,194.83905029296875,2018_8,17.16816908546276
2018-08-24,2018,3,8,20,58.035999999999994,946.65,0,9.7775,545.910658365539,6432.98244082649,218.37905883789062,2018_8,17.170106987472046
2018-08-24,2018,3,8,20,57.967000000000006,1047.88,0,10.798000000000002,606.3684856340794,6426.451220313405,194.54995727539062,2018_8,17.434951718960523
2018-08-24,2018,3,8,20,57.82383333333334,1103.13,0,11.052166666666668,621.8858375958048,6410.945113433448,53.77342987060547,2018_8,17.617536072953612
2018-08-24,2018,3,8,20,57.68033333333333,1057.23,9.151291512915128,10.953833333333334,616.5072708006924,6394.800582687538,32.47343063354492,2018_8,17.779300553681693
2018-08-25,2018,3,8,20,57.62466666666666,1121.57,6.6115702479338845,11.359499999999999,640.9075091847016,6389.375294064434,55.923431396484375,2018_8,18.162881651422037
2018-08-25,2018,3,8,20,57.73316666666666,1119.78,0,11.329666666666666,638.7111817407548,6401.3884523824245,75.19342803955078,2018_8,18.143470304815597
2018-08-25,2018,3,8,20,58.10483333333333,1108.9,0,11.148333333333335,626.6018478557629,6442.397183677018,85.69478607177734,2018_8,17.879032475743102
2018-08-25,2018,3,8,20,58.3375,1100.81,0,11.013499999999999,617.8836040456043,6468.0493984584045,73.40478515625,2018_8,17.77531061102643
2018-08-26,2018,3,8,20,57.610833333333325,1107.38,24.37375745526839,11.123000000000001,626.8350199568121,6387.368989600955,34.993431091308594,2018_8,17.957390969682365
2018-08-26,2018,3,8,20,57.5465,1103.83,10.508166969147005,11.063833333333331,623.5186699545444,6380.099926101229,40.163429260253906,2018_8,17.957390969682365
2018-08-26,2018,3,8,21,57.44533333333334,1050.31,0.9404990403071016,10.8385,610.3395559833148,6368.45245431617,35.68459701538086,2018_8,18.255113924167578
2018-08-26,2018,3,8,21,57.39533333333334,1119.32,57.42397137745974,11.322,639.5414601709525,6363.7764611102475,37.367637634277344,2018_8,18.240955270563436
2018-08-26,2018,3,8,21,57.18683333333333,1126.69,0.5660377358490566,11.444833333333333,647.754878925841,6340.833679431553,62.637638092041016,2018_8,18.587845424816535
2018-08-27,2018,3,8,21,56.219500000000004,1057.53,27.905138339920946,10.958833333333333,621.4658094091424,6232.235853899014,20.16118621826172,2018_8,18.45055403170593
2018-08-27,2018,3,8,21,56.45316666666666,1105.22,99.31451612903226,11.087,628.6234078566674,6258.470386395566,18.342756271362305,2018_8,18.26323847810683
2018-08-27,2018,3,8,21,56.35249999999999,1154.23,0.529531568228106,11.903833333333333,679.424231325977,6249.099310537698,30.70829963684082,2018_8,18.51361385452397
2018-08-27,2018,3,8,21,56.404833333333336,1215.53,0.25641025641025644,12.258833333333333,701.0745897304479,6255.903161750906,34.694862365722656,2018_8,18.659239386954553
2018-08-27,2018,3,8,21,56.3385,1236.33,0.11977186311787072,12.6055,722.8410463645606,6249.593699339616,23.126773834228516,2018_8,19.02730996459597
2018-08-28,2018,3,8,21,56.631166666666665,1149.96,1.0357815442561205,11.832666666666666,673.7492759923502,6279.918491665707,34.36613845825195,2018_8,18.42023577460461
2018-08-28,2018,3,8,21,56.787000000000006,1152.81,1.6468253968253967,11.880166666666666,675.9327508743932,6297.376974166496,36.4061393737793,2018_8,18.465282471381688
2018-08-28,2018,3,8,21,56.91866666666667,1141.98,0.07279029462738303,11.699666666666667,664.3320576818066,6311.577214237175,33.636138916015625,2018_8,18.470805232649948
2018-08-28,2018,3,8,21,57.13416666666667,1151.07,0.5206463195691202,11.851166666666666,672.5492912284485,6335.928137380798,55.16312026977539,2018_8,18.5864013063591
2018-08-28,2018,3,8,21,57.18716666666666,1139.55,0.31413612565445026,11.659166666666666,660.7031030376387,6341.355848451878,48.363121032714844,2018_8,18.501176739418838
2018-08-29,2018,3,8,21,56.548166666666674,1233.68,0.3564356435643564,12.561333333333334,718.9031938591575,6272.770954586884,25.18486213684082,2018_8,18.893872983990523
2018-08-29,2018,3,8,21,56.82483333333333,1213.26,0.10256410256410256,12.221,696.5457796085086,6302.513522350188,40.15486145019531,2018_8,18.73389137605919
2018-08-29,2018,3,8,21,56.87683333333333,1217.29,13.895833333333334,12.288166666666665,700.3642656746619,6308.492933744842,30.754863739013672,2018_8,18.88971982861419
2018-08-29,2018,3,8,21,57.017500000000005,1212.43,12.2,12.207166666666668,694.6957006484956,6323.906759387237,37.878231048583984,2018_8,18.81393113016193
2018-08-29,2018,3,8,21,57.18866666666666,1203.56,2.2312373225152133,12.059333333333333,684.8702638252568,6342.537484247288,41.398231506347656,2018_8,18.919438027768603
2018-08-30,2018,3,8,21,57.317833333333326,1134.6,0.00909090909090909,11.576666666666664,655.1684213778507,6355.704003859136,68.483123779296875,2018_8,18.470434178304288
2018-08-30,2018,3,8,20,57.55100000000001,1110.62,5.88560885608856,11.176999999999998,630.2741877827615,6380.812299474905,43.94343185424805,2018_8,17.9895780138795
2018-08-30,2018,3,8,20,57.67283333333333,1112.24,20.406976744186046,11.204,631.4489079082283,6394.42341290602,44.21342849731445,2018_8,17.888242081843355
2019-01-25,2019,1,1,20,57.45616666666667,835.42,0.5413385826771654,8.590333333333332,475.4189966372465,6368.240202562125,42.13842010498047,2019_1,5.760592993537302
2019-01-25,2019,1,1,20,57.52683333333333,839.04,0,8.650666666666666,479.0795732321363,6376.086830606415,78.64325714111328,2019_1,5.862606289848522
2019-01-25,2019,1,1,20,57.62083333333333,847.21,0,8.786833333333334,487.26698984125477,6386.517632499936,94.27642059326172,2019_1,5.8551036321990635
2019-01-25,2019,1,1,20,57.76316666666666,844.25,0,8.7375,484.3815448699566,6402.373528001898,249.2132568359375,2019_1,5.258403128958708
2019-01-26,2019,1,1,20,58.07383333333334,949.26,0,9.821,548.4280011877589,6437.224789180526,310.95904541015625,2019_1,5.0614727107103255
2019-01-26,2019,1,1,20,58.03099999999999,952.04,0,9.867333333333333,551.2222143041976,6432.490399548071,194.83905029296875,2019_1,5.214423525745409
2019-01-26,2019,1,1,20,57.9585,948.85,0,9.814166666666667,548.1797049111918,6424.380025589397,111.63806915283203,2019_1,5.214423525745409
2019-01-26,2019,1,1,20,57.90083333333334,954.21,0,9.903500000000001,553.5517683217944,6418.027408837165,60.15608215332031,2019_1,5.421819177094628
2019-01-27,2019,1,1,20,58.49983333333333,1107.01,0,11.116833333333334,623.3632627151771,6486.303743987852,58.07478713989258,2019_1,3.872573093509176
2019-01-27,2019,1,1,20,58.566833333333335,1053.36,0,10.889333333333331,609.8976546634703,6493.366546661748,75.29288482666016,2019_1,4.307653382677769
2019-01-27,2019,1,1,20,58.669999999999995,1049.32,0,10.822,605.6697775412545,6504.742618192428,81.1828842163086,2019_1,4.3480301533382
2019-01-27,2019,1,1,20,58.5665,1050.69,0,10.844833333333334,607.3106367413374,6493.257456171821,86.0828857421875,2019_1,4.453726878471441
2019-01-28,2019,1,1,20,58.371,1050.67,0,10.844500000000002,607.8885990638861,6471.49480114044,129.90505981445312,2019_1,4.664954299924102
2019-01-28,2019,1,1,20,58.08866666666666,1043.92,0,10.732000000000001,602.1171065512135,6439.892106337721,221.1450653076172,2019_1,4.839640309819327
2019-01-28,2019,1,1,20,57.87800000000001,1059.69,0,10.994833333333334,618.3034121395607,6416.872113698683,81.28343200683594,2019_1,4.775726838422217
2019-01-29,2019,1,1,20,57.7565,947.48,0,9.791333333333334,547.0915414672472,6401.876129538507,36.61806869506836,2019_1,5.627030247121613
2019-01-29,2019,1,1,20,57.745,1009,0,10.15,568.4561680589591,6400.901807917152,71.65608215332031,2019_1,5.106883686715369
2019-01-29,2019,1,1,20,57.832,1034.13,0,10.568833333333336,593.1613744951061,6411.086201523896,104.00995635986328,2019_1,4.881572418305248
2019-01-29,2019,1,1,20,57.811499999999995,1059.79,0,10.9965,618.6206735427977,6409.47350850894,53.77342987060547,2019_1,4.726382505343901
2019-01-30,2019,1,1,20,57.67966666666666,1057.16,0,10.952666666666667,616.4398517148921,6394.724378178767,32.47343063354492,2019_1,4.485166598995909
2019-01-30,2019,1,1,20,57.8645,1113.1,0,11.218333333333332,631.6046151440413,6415.782467602996,82.71343231201172,2019_1,4.418079679461057
2019-01-30,2019,1,1,20,58.05949999999999,1104.94,0,11.082333333333334,622.8689404151519,6437.229541020282,115.44478607177734,2019_1,4.55120709022762
2019-01-30,2019,1,1,20,58.29316666666667,1057.87,0,10.964499999999997,615.1593654075917,6463.029900808136,110.01478576660156,2019_1,4.4474151532152435
2019-01-31,2019,1,1,21,57.47083333333333,1052.41,0,10.873500000000002,612.3615462738925,6371.347929372417,26.84459686279297,2019_1,4.17609984332309
2019-02-01,2019,1,2,21,56.547666666666665,1233.6,0,12.559999999999999,718.8241664611088,6272.711090347165,25.18486213684082,2019_2,2.0813289346767836
2019-02-01,2019,1,2,21,56.3375,1236.4,0,12.606666666666667,722.918951241114,6249.48626140005,23.126773834228516,2019_2,2.1490732331121203
2019-02-01,2019,1,2,21,56.36666666666667,1215.84,0.1586998087954111,12.264,701.594875999367,6251.672842795056,32.72195816040039,2019_2,2.2866199138185803
2019-02-01,2019,1,2,21,56.35249999999999,1154.33,0,11.905499999999998,679.5271784974395,6249.103658898657,30.70829963684082,2019_2,2.382482032475794
2019-02-02,2019,1,2,21,56.21766666666667,1057.53,0,10.958833333333333,621.4716087190482,6232.031847065718,20.16118621826172,2019_2,2.455923352847623
2019-02-02,2019,1,2,21,56.45483333333333,1105.25,0,11.0875,628.6485838255743,6258.65678355266,17.072755813598633,2019_2,2.5213955995773594
2019-02-02,2019,1,2,21,56.59266666666667,1149.34,0,11.822333333333331,673.2919693665565,6275.609034519896,30.776138305664062,2019_2,2.3775690519358883
2019-02-02,2019,1,2,21,56.789166666666674,1152.38,0.41166077738515905,11.873000000000001,675.4850062898853,6297.5996303654165,36.4061393737793,2019_2,2.39450546477397
2019-02-03,2019,1,2,21,56.81816666666667,1212.95,0,12.215833333333334,696.2655170952429,6301.757078259801,40.15486145019531,2019_2,2.1409365116730337
2019-02-03,2019,1,2,21,56.876000000000005,1217.48,0.17441860465116277,12.291333333333334,700.5616054350485,6308.40951942047,30.754863739013672,2019_2,2.1014127167503722
2019-02-03,2019,1,2,21,56.927,1141.37,0,11.689499999999999,663.6768873822316,6312.480020093568,33.636138916015625,2019_2,2.5671624714462133
2019-02-03,2019,1,2,21,57.099333333333334,1149.78,0.24864864864864863,11.829666666666666,671.409441770675,6331.998315249442,55.16312026977539,2019_2,2.5591941161005827
2019-02-03,2019,1,2,21,57.1615,1126.88,0,11.448000000000002,648.0474836239914,6338.0215431015795,62.637638092041016,2019_2,2.765380630034807
2019-02-04,2019,1,2,21,57.020833333333336,1212.36,0,12.205999999999998,694.6074829560996,6324.274247959725,37.878231048583984,2019_2,2.175571467070521
2019-02-04,2019,1,2,21,57.191333333333326,1203.43,0,12.057166666666667,684.7260699670376,6342.828282898562,41.398231506347656,2019_2,2.171257597061556
2019-02-04,2019,1,2,21,57.18500000000001,1139.56,13.81578947368421,11.659333333333333,660.7225832828469,6341.115158271206,48.363121032714844,2019_2,2.7242663512893888
2019-02-04,2019,1,2,21,57.32516666666667,1134.67,0.21023765996343693,11.577833333333334,655.2077356995717,6356.52267495945,68.483123779296875,2019_2,2.706876632664415
2019-02-05,2019,1,2,20,57.58383333333333,1124.2,0,11.403333333333334,643.6855905866935,6384.9230997260775,55.923431396484375,2019_2,2.9687584949930117
2019-08-20,2019,3,8,20,58.056,1104.91,0,11.081833333333334,622.8514599418891,6436.83907477466,120.8847885131836,2019_8,17.671995886527412
2019-08-20,2019,3,8,20,58.63716666666666,1050.31,0,10.8385,606.7267667132634,6501.113784362692,81.1828842163086,2019_8,17.9176012372202
2019-08-20,2019,3,8,20,58.806,1009.26,0,10.154333333333334,566.6896919701003,6519.025030016117,251.6875,2019_8,17.51369938466011
2019-08-21,2019,3,8,20,58.120666666666665,1022.35,0,10.3725,580.8508801403082,6442.9668515326375,156.50506591796875,2019_8,17.05652535628
2019-08-21,2019,3,8,20,57.86633333333332,1017.23,0,10.287166666666668,576.3639251511546,6414.555207428565,75.5060806274414,2019_8,16.99520015169535
2019-08-21,2019,3,8,20,58.06516666666666,954.39,0,9.9065,553.4841357472167,6436.324476469973,276.9425964355469,2019_8,16.945224626962162
2019-08-21,2019,3,8,20,58.035999999999994,941.2,0,9.686666666666667,540.5471539492165,6432.924297332054,262.84906005859375,2019_8,16.896510632336284
2019-08-22,2019,3,8,20,57.702333333333335,1047.98,17.030927835051546,10.799666666666667,607.2506198569864,6396.994749326218,27.579957962036133,2019_8,17.814415573539694
2019-08-22,2019,3,8,20,57.59983333333333,1102.94,14.809843400447427,11.049000000000001,622.451817231588,6386.008782923848,32.323429107666016,2019_8,18.15047798826288
2019-08-22,2019,3,8,20,57.56283333333334,1051.95,14.823651452282157,10.865833333333335,611.6204315118621,6381.574838720275,29.439956665039062,2019_8,17.922962630287014
2019-08-22,2019,3,8,21,57.46616666666667,1052.33,0.454728370221328,10.872166666666665,612.2959064069905,6370.826331429722,26.84459686279297,2019_8,18.18932867992137
2019-08-22,2019,3,8,21,57.405,1119.41,40.495049504950494,11.323500000000001,639.5948107446807,6364.855286825886,37.367637634277344,2019_8,18.525631854972257
2019-08-23,2019,3,8,21,56.224500000000006,1057.85,13.206967213114755,10.964166666666666,621.7806161079337,6232.80164855065,20.16118621826172,2019_8,18.774478885358462
2019-08-23,2019,3,8,21,56.48299999999999,1105.83,35.056433408577874,11.097166666666665,629.1485442467427,6261.80921544493,17.072755813598633,2019_8,18.460907225088015
2019-08-23,2019,3,8,21,56.351000000000006,1154.8,1.5611814345991561,11.913333333333332,680.0180988962724,6248.957257438996,30.70829963684082,2019_8,18.84817831591212
2019-08-23,2019,3,8,21,56.360666666666674,1215.92,1.1991869918699187,12.265333333333334,701.7088943213557,6251.009348063133,32.72195816040039,2019_8,19.057501856841956
2019-08-23,2019,3,8,21,56.342333333333336,1235.8,0,12.596666666666666,722.2730665061525,6249.991454947487,23.126773834228516,2019_8,19.36417382433431
2019-08-24,2019,3,8,20,57.86583333333333,1113.13,0.3339882121807466,11.218833333333334,631.6294029666595,6415.931833159103,82.71343231201172,2019_8,18.068075241335016
2019-08-24,2019,3,8,20,58.438500000000005,1102.69,0,11.044833333333335,619.3758862160468,6479.346815900973,62.5447883605957,2019_8,18.248808929290774
2019-08-25,2019,3,8,20,57.65733333333333,943.79,1.783974358974359,9.729833333333334,543.5506986105992,6390.795402496314,42.03807067871094,2019_8,16.983319821515078
2019-08-25,2019,3,8,20,57.70716666666667,935.48,1.1346153846153846,9.591333333333333,535.2378619996915,6396.2625902955015,30.63806915283203,2019_8,16.826998310227275
2019-08-25,2019,3,8,20,57.62766666666666,859.12,0,8.985333333333333,499.1240847210236,6387.25845428602,67.4564208984375,2019_8,16.58869280574232
2019-08-25,2019,3,8,20,57.52666666666667,819.42,0,8.323666666666666,459.49672340973734,6376.216152594636,136.24325561523438,2019_8,16.499589588591768
2019-08-26,2019,3,8,20,57.2895,843.34,29.629629629629626,8.722333333333333,483.2635615569016,6349.646581164305,23.99842071533203,2019_8,17.594443341319607
2019-08-26,2019,3,8,20,57.4145,832.61,9.03030303030303,8.5435,472.5777589565261,6363.619707723936,30.22842025756836,2019_8,16.592080110372407
2019-08-26,2019,3,8,20,57.50116666666666,851.1,27.22672064777328,8.851666666666667,491.1105445998967,6373.185402304665,51.4664192199707,2019_8,16.660438509345852
2019-08-26,2019,3,8,20,57.48716666666666,904.43,15.717171717171718,9.073833333333333,504.4264467115009,6371.619564273657,19.293437957763672,2019_8,16.98763345614272
2019-08-26,2019,3,8,20,57.601166666666664,908.41,19.036144578313255,9.140166666666666,508.3770541629135,6384.316864833777,37.366416931152344,2019_8,16.796483129498277
2019-08-26,2019,3,8,20,57.68683333333333,926.94,6.6872427983539096,9.449000000000002,526.7712245287727,6393.9338625242535,33.04806900024414,2019_8,16.779756748169998
2019-08-27,2019,3,8,21,57.217166666666664,1203.04,3.890020366598778,12.050666666666666,684.2047106113865,6345.684733735277,41.398231506347656,2019_8,19.36882871963996
2019-08-27,2019,3,8,21,57.04516666666667,1211.67,8.395303326810176,12.194500000000001,693.7829606545113,6326.948490086442,37.878231048583984,2019_8,19.311606471492482
2019-08-27,2019,3,8,21,56.905,1215.61,6.0788381742738595,12.260166666666665,698.5093333817615,6311.544503791758,30.754863739013672,2019_8,19.21997622390818
2019-08-27,2019,3,8,21,56.84733333333334,1215.04,0,12.250666666666666,698.2362673338116,6305.102058624243,37.66486358642578,2019_8,19.065153957698247
2019-08-27,2019,3,8,21,56.5465,1232.98,0.25,12.549666666666667,718.1960383387642,6272.5484243190585,25.18486213684082,2019_8,19.22882389069175
2019-08-28,2019,3,8,21,56.62383333333334,1149.79,3.333333333333333,11.829833333333333,673.609220596909,6279.095445730088,34.36613845825195,2019_8,18.750088809386373
2019-08-28,2019,3,8,21,56.78716666666666,1152.65,2.8125,11.877500000000001,675.7691346552679,6297.388665782942,36.4061393737793,2019_8,18.79556284412516
2019-08-28,2019,3,8,21,56.9285,1141.36,0.555765595463138,11.689333333333332,663.6601780550044,6312.646517637943,33.636138916015625,2019_8,18.796315868908636
2019-08-28,2019,3,8,21,57.13850000000001,1151.38,0.11496350364963503,11.856333333333335,672.841659844202,6336.4233554722205,55.16312026977539,2019_8,18.906730526919585
2019-08-28,2019,3,8,21,57.18933333333333,1139.62,0.24293785310734461,11.660333333333332,660.764173301384,6341.599683603432,48.363121032714844,2019_8,18.819372241990383
2019-08-29,2019,3,8,21,57.15666666666666,1127.11,0.8,11.451833333333331,648.2986024062754,6337.49203976493,62.637638092041016,2019_8,18.890084914278578
2019-08-29,2019,3,8,21,57.31466666666667,1134.55,0,11.575833333333332,655.1315937191598,6355.349735892718,68.483123779296875,2019_8,18.772675931687786
2019-08-29,2019,3,8,20,57.533166666666666,1107.59,1.7072164948453608,11.126499999999998,627.3149883084627,6378.731785422167,40.163429260253906,2019_8,18.412312886491943
2019-08-29,2019,3,8,20,57.53083333333334,1100.32,5.078470824949698,11.005333333333333,620.0696222223957,6378.251351318011,36.06343078613281,2019_8,18.270720641767948
2019-08-29,2019,3,8,20,57.600833333333334,1042.84,47.173913043478265,10.713999999999999,602.4316100095102,6385.564878601601,22.39995765686035,2019_8,17.89446474049566
2019-08-30,2019,3,8,20,58.091833333333334,1051.69,0,10.861500000000001,609.7414379791571,6440.447867956562,170.54505920410156,2019_8,17.462136319241456
2020-01-24,2020,1,1,21,57.16838333333333,1126.822,0,11.447033333333332,647.9615339519097,6338.78539715,62.637638092041016,2020_1,4.012266266726309
2020-01-24,2020,1,1,21,57.14896666666667,1151.388,0.5793650793650793,11.856466666666666,672.800914571202,6337.588225312361,55.16312026977539,2020_1,3.905129072029801
2020-01-24,2020,1,1,21,56.952783333333336,1139.73,0.4347826086956521,11.662166666666668,661.9021345441721,6315.283691038336,33.26312255859375,2020_1,4.037330802985049
2020-01-25,2020,1,1,21,56.22398333333334,1057.644,0,10.960733333333334,621.5694132337738,6232.738093715442,20.16118621826172,2020_1,3.856536641242789
2020-01-25,2020,1,1,21,56.45066666666666,1105.32,0,11.088666666666665,628.7345637901153,6258.195314993686,18.342756271362305,2020_1,3.951044584969125
2020-01-25,2020,1,1,21,56.59191666666667,1149.192,0,11.819866666666666,673.1439944918712,6275.519365139852,32.96613693237305,2020_1,3.878880773167334
2020-01-26,2020,1,1,21,56.352066666666666,1153.975,0,11.899583333333332,679.1637484342028,6249.040025763628,30.70829963684082,2020_1,3.8503653328612573
2020-01-26,2020,1,1,21,56.363166666666665,1215.608,0,12.260133333333332,701.374621899508,6251.272194677488,32.72195816040039,2020_1,3.7119487052863813
2020-01-26,2020,1,1,21,56.33533333333333,1236.66,0,12.611,723.1993038321959,6249.25934121362,23.126773834228516,2020_1,3.483057203890068
2020-01-27,2020,1,1,21,56.54813333333333,1232.8,0.24561403508771928,12.546666666666665,718.0023281634268,6272.720553917475,25.18486213684082,2020_1,3.43583564606511
2020-01-27,2020,1,1,21,56.84056666666667,1214.416,0.128099173553719,12.240266666666665,697.6379903544516,6304.3192314598355,37.66486358642578,2020_1,3.5221151306189724
2020-01-27,2020,1,1,21,56.787416666666665,1152.819,1.1934306569343065,11.880316666666666,675.9399590782414,6297.423716080482,36.4061393737793,2020_1,3.8842231029563643
2020-01-28,2020,1,1,21,57.01568333333333,1212.472,0,12.207866666666666,694.7476782014348,6323.706661888195,37.878231048583984,2020_1,3.517265601135596
2020-01-28,2020,1,1,21,57.19435,1203.328,0,12.055466666666666,684.6083322589817,6343.15928942388,41.398231506347656,2020_1,3.482670678588838
2020-01-29,2020,1,1,21,57.183416666666666,1139.495,1.0376033057851242,11.658249999999999,660.6640033624503,6340.936427508521,48.363121032714844,2020_1,4.080056615502301
2020-01-29,2020,1,1,21,57.34423333333334,1135.081,0,11.584683333333333,655.5394217074851,6358.659946348622,68.483123779296875,2020_1,4.0824343822577385
2020-01-29,2020,1,1,21,57.404783333333334,1119.412,0.2229824561403509,11.323533333333334,639.5976371862621,6364.831243700934,37.367637634277344,2020_1,4.3814319446479395
2020-01-30,2020,1,1,20,57.82951666666666,1038.367,0,10.63945,597.3609868883634,6410.9091774430435,104.51995849609375,2020_1,5.239460830266321
2020-01-30,2020,1,1,20,57.86058333333334,1057.858,0,10.9643,616.5492482500155,6414.880599832395,105.92343139648438,2020_1,5.130336677643053
2020-01-30,2020,1,1,20,57.8937,1110.669,0,11.177816666666669,629.0967658379814,6418.954203501619,65.6634292602539,2020_1,4.986626702188021
2020-01-30,2020,1,1,20,57.82183333333334,1102.95,0,11.049166666666668,621.7144305469146,6410.7171159671225,53.77342987060547,2020_1,5.098010936660746
2020-01-31,2020,1,1,20,58.29925,1058.507,0,10.975116666666668,615.7617396093489,6463.7252355344735,110.01478576660156,2020_1,4.831903283574928
2020-01-31,2020,1,1,20,58.25418333333334,1110.214,0,11.170233333333332,627.3568915654328,6459.061264495099,64.59478759765625,2020_1,4.414144451771321
2020-01-31,2020,1,1,20,58.083616666666664,1104.138,0,11.068966666666665,621.9980859130529,6439.88953125561,115.44478607177734,2020_1,4.9555906877164295
2020-02-01,2020,1,2,21,57.44185000000001,1049.862,0,10.831033333333334,609.9019466306333,6368.0526638732545,35.68459701538086,2020_2,3.3124800994593744
2020-02-01,2020,1,2,20,57.673116666666665,1057.585,0,10.959750000000001,616.883248478014,6394.0075560995,32.47343063354492,2020_2,3.7779833704801287
2020-02-01,2020,1,2,20,57.69781666666666,1121.06,0,11.350999999999999,640.1176345228328,6397.498312514302,80.20343017578125,2020_2,3.404478406439689
2020-02-01,2020,1,2,20,57.56595000000001,1137.878,0,11.6313,657.3880936272924,6383.4387987690725,40.97043228149414,2020_2,2.767691919039537
2020-02-02,2020,1,2,20,58.65888333333334,1049.609,0,10.826816666666666,605.9827967753617,6503.512723932027,81.1828842163086,2020_2,3.3192103701089724
2020-02-02,2020,1,2,20,58.58221666666667,1053.838,0,10.8973,610.3125731955529,6495.0920158196595,75.29288482666016,2020_2,3.327165552081135
2020-02-02,2020,1,2,20,58.5405,1050.768,0,10.846133333333334,607.4658296920468,6490.365306165207,103.94506072998047,2020_2,3.5056955608446607
2020-02-02,2020,1,2,20,58.492266666666666,1107.62,0,11.126999999999999,623.9822947928013,6485.480234640551,58.07478713989258,2020_2,2.7257193804368582
2020-02-03,2020,1,2,20,57.78166666666666,846.674,0,8.777899999999999,486.7920475825783,6404.424510940008,428.3232421875,2020_2,4.365720798566957
2020-02-03,2020,1,2,20,57.63538333333333,849.162,0,8.819366666666667,489.2146021487416,6388.1317900347185,94.27642059326172,2020_2,4.826181362967649
2020-02-03,2020,1,2,20,57.45438333333333,831.163,0.24448897795591182,8.519383333333334,471.1604579480706,6368.069560365753,47.39841842651367,2020_2,5.197647974241864
2020-02-04,2020,1,2,20,58.327083333333334,1050.821,0,10.847016666666665,608.1699765590098,6466.6103325803815,149.0150604248047,2020_2,3.6555515722638905
2020-02-05,2020,1,2,20,57.89673333333334,953.881,0,9.898016666666667,553.2328353289613,6417.566646241036,60.15608215332031,2020_2,4.598732761492981
2020-02-05,2020,1,2,20,57.98091666666666,952.707,0,9.878449999999999,551.9512160595788,6426.923234116627,95.15806579589844,2020_2,4.399949889358972
2020-02-05,2020,1,2,20,58.0721,948.853,0,9.814216666666665,548.0302148813757,6437.026971914377,362.58905029296875,2020_2,4.225440742907229
2020-08-24,2020,3,8,20,57.927550000000004,944.044,0,9.734066666666667,543.4771854096863,6420.880132305033,146.16807556152344,2020_8,17.31041335973103
2020-08-24,2020,3,8,20,57.93131666666667,938.105,0,9.635083333333334,537.6107898878549,6421.240113556474,179.3180694580078,2020_8,17.316947615472884
2020-08-24,2020,3,8,20,58.05766666666667,950.906,0,9.848433333333332,550.0687688021136,6435.444981649845,194.83905029296875,2020_8,17.477454626964605
2020-08-24,2020,3,8,20,58.05433333333334,958.009,0,9.966816666666666,557.0599888789874,6435.167806563874,135.67257690429688,2020_8,17.48090009586701
2020-08-25,2020,3,8,20,58.11861666666667,1022.575,0,10.37625,581.0764210355023,6442.743143563404,156.50506591796875,2020_8,17.46858416600105
2020-08-25,2020,3,8,20,58.15801666666666,1039.054,0,10.650900000000002,597.1471849630492,6447.491945900298,239.12506103515625,2020_8,17.55314607248136
2020-08-25,2020,3,8,20,58.20883333333333,1053.87,0,10.897833333333331,611.5165075123098,6453.530649640173,146.83506774902344,2020_8,17.593809146765192
2020-08-25,2020,3,8,20,58.23143333333334,1111.327,0.12375249500998003,11.188783333333333,628.527523493313,6456.5643866104365,64.59478759765625,2020_8,18.22719785832989
2020-08-26,2020,3,8,20,58.62981666666666,1028.592,0,10.476533333333334,585.7346397796116,6499.77638531266,164.73287963867188,2020_8,17.92739781445337
2020-08-26,2020,3,8,20,58.58241666666666,1035.816,0,10.596933333333334,592.8504209962075,6494.659746601676,149.4028778076172,2020_8,17.831846176450327
2020-08-26,2020,3,8,20,58.46841666666666,1108.048,0,11.134133333333333,624.4823381934757,6482.838759518387,37.98478698730469,2020_8,18.733494409547415
2020-08-27,2020,3,8,20,57.562099999999994,828.288,0,8.471466666666666,468.3785404430581,6380.082182690957,113.38325500488281,2020_8,17.15305861305055
2020-08-27,2020,3,8,20,57.522816666666664,834.672,0,8.577866666666667,474.71707135325926,6375.66444373235,90.92325592041016,2020_8,17.023314759802478
2020-08-27,2020,3,8,20,57.42901666666667,835.918,0,8.598633333333334,475.8991680082486,6365.214836686337,27.758419036865234,2020_8,17.118931817164412
2020-08-27,2020,3,8,20,57.37218333333333,909.112,14.180327868852459,9.151866666666667,509.1332801603869,6358.827063710954,20.403438568115234,2020_8,18.123832405958325
2020-08-27,2020,3,8,20,57.48694999999999,908.647,13.381742738589212,9.144116666666667,508.6401125974341,6371.602202235953,19.653438568115234,2020_8,17.63508748888124
2020-08-29,2020,3,8,20,57.56851666666667,903.552,12.288659793814434,9.0592,503.5412568312742,6380.674971342087,27.476417541503906,2020_8,17.256286240999692
2020-08-29,2020,3,8,20,57.76895,918.836,0,9.313933333333333,518.6756845092714,6403.03039740049,73.90641784667969,2020_8,17.183099282622038
2020-08-29,2020,3,8,20,57.84973333333334,942.145,0,9.702416666666666,541.6926283795801,6412.197084360964,87.08806610107422,2020_8,17.22736819467555
2020-08-29,2020,3,8,20,57.737433333333335,1006.567,0,10.10945,566.0562705616499,6400.019237229152,71.65608215332031,2020_8,17.582585137844003
2020-08-30,2020,3,8,20,57.66988333333334,1112.304,36.29955947136564,11.205066666666669,631.5231936382479,6394.0971704129315,44.21342849731445,2020_8,17.817144171487996
2020-08-30,2020,3,8,20,57.59086666666667,1123.632,1.9577673692427795,11.393866666666668,643.0921337871481,6385.685792231488,55.923431396484375,2020_8,18.178903294092024
2020-08-30,2020,3,8,20,57.76905,1115.796,0.6462882096069869,11.263266666666668,634.6250580999686,6405.247924212101,50.47343063354492,2020_8,17.84889555674133
2020-08-31,2020,3,8,21,57.18103333333333,1126.839,0.6534296028880866,11.447316666666666,647.928105318484,6340.193661242028,62.637638092041016,2020_8,18.341211163147765
2020-08-31,2020,3,8,21,56.797666666666665,1150.355,12.131004366812226,11.83925,673.3849678625133,6298.459294339486,36.4061393737793,2020_8,18.108959686623084
2020-08-31,2020,3,8,21,56.620599999999996,1149.757,11.887755102040817,11.829283333333334,673.5903346716941,6278.734329018197,34.36613845825195,2020_8,18.000274700954634
2020-09-01,2020,3,9,21,56.21711666666667,1057.623,12.716297786720322,10.960383333333334,621.569454511065,6231.973378070704,20.16118621826172,2020_9,15.816025175547477
2020-09-01,2020,3,9,21,56.45361666666666,1105.421,87.40256959314775,11.09035,628.828312038204,6258.52673541899,17.072755813598633,2020_9,15.82044732651861
2020-09-01,2020,3,9,21,56.35073333333333,1154.827,4.349705304518664,11.913783333333333,680.047152618352,6248.928768957412,30.70829963684082,2020_9,15.752134858981968
2020-09-01,2020,3,9,21,56.36615,1215.77,0.29025844930417494,12.262833333333333,701.525577030466,6251.6119524011965,32.72195816040039,2020_9,15.809117713676315
2020-09-01,2020,3,9,21,56.358916666666666,1233.067,0.10740740740740742,12.551116666666667,719.3642067977391,6251.689601089745,24.49195671081543,2020_9,15.89258057707015
2020-09-02,2020,3,9,21,56.54703333333334,1233.594,0.562992125984252,12.5599,718.8216791565145,6272.640330303958,25.18486213684082,2020_9,15.86048033129719
2020-09-02,2020,3,9,21,56.81588333333334,1212.625,4.975206611570248,12.210416666666667,695.9469954281622,6301.487549929951,40.15486145019531,2020_9,15.808288264370043
2020-09-02,2020,3,9,21,56.87225,1217.69,30.973084886128365,12.294833333333335,700.7948993833153,6308.002646299415,30.754863739013672,2020_9,15.878750578549118
2020-09-02,2020,3,9,21,57.01533333333334,1212.271,14.616895874263262,12.204516666666667,694.5462167371835,6323.658173993356,37.878231048583984,2020_9,15.859722871258988
2020-09-02,2020,3,9,21,57.18398333333333,1203.848,6.620469083155649,12.064133333333332,685.1836462375281,6342.029483828786,41.398231506347656,2020_9,15.91968844597121
2020-09-03,2020,3,9,21,56.927083333333336,1141.438,0.08829174664107485,11.690633333333334,663.7454738423,6312.492006916158,33.636138916015625,2020_9,15.774628575548217
2020-09-03,2020,3,9,21,57.103750000000005,1150.028,3.480769230769231,11.8338,671.6393147359739,6332.500114313439,55.16312026977539,2020_9,15.857834044705974
2020-09-03,2020,3,9,21,57.18186666666667,1139.585,1.750902527075812,11.65975,660.7613693893685,6340.767497770489,48.363121032714844,2020_9,15.880591491000038
2020-09-03,2020,3,9,21,57.31314999999999,1134.573,0.4592030360531309,11.576216666666669,655.1610647234372,6355.181844194862,68.483123779296875,2020_9,15.825465607667379
2020-09-03,2020,3,9,21,57.37486666666667,1118.964,45.70281124497992,11.316066666666666,639.2625681536699,6361.486684735412,37.367637634277344,2020_9,15.801419388538866
2020-09-04,2020,3,9,21,57.44226666666667,1049.826,0.7463312368972747,10.830433333333334,609.8646895578545,6368.098068539786,35.68459701538086,2020_9,15.859629758085006
2020-09-04,2020,3,9,20,57.6462,1046.228,39.083333333333336,10.770466666666668,605.6738881184058,6390.701014934231,24.53995704650879,2020_9,15.754653158187322
2021-01-20,2021,1,1,20,57.88718333333333,1111.308,0,11.188466666666667,629.751420590929,6418.249307060126,65.6634292602539,2021_1,4.766089064525963
2021-01-20,2021,1,1,20,57.69976666666666,1120.759,0,11.345983333333333,639.8112023888934,6397.704961694174,80.20343017578125,2021_1,4.310466456215449
2021-01-20,2021,1,1,20,57.56666666666667,1137.307,0,11.621783333333333,656.815952464859,6383.496513648941,40.97043228149414,2021_1,3.674490069695514
2021-01-21,2021,1,1,21,56.227833333333336,1057.946,0,10.965766666666665,621.8692206384269,6233.175398506924,20.16118621826172,2021_1,3.670192842280224
2021-01-21,2021,1,1,21,56.45288333333333,1105.266,0,11.087766666666669,628.6716078868386,6258.440293050153,18.342756271362305,2021_1,3.746538548038512
2021-01-21,2021,1,1,21,56.34753333333333,1154.683,0,11.911383333333333,679.9139732225434,6248.566495921585,30.70829963684082,2021_1,3.6427963902474674
2021-01-22,2021,1,1,21,56.39315,1215.568,0,12.259466666666667,701.1752961749814,6254.605422394324,34.694862365722656,2021_1,3.5127544766885124
2021-01-22,2021,1,1,21,56.339033333333326,1236.8,0,12.613333333333333,723.3218270476088,6249.678421751148,23.126773834228516,2021_1,3.2646524607853227
2021-01-22,2021,1,1,21,56.54585,1233.193,0.466281310211946,12.553216666666666,718.4178904848391,6272.487423280329,25.18486213684082,2021_1,3.211332311700844
2021-01-22,2021,1,1,21,56.823100000000004,1213.298,0.6075471698113206,12.221633333333333,696.5934934607707,6302.32252340664,40.15486145019531,2021_1,3.291206330409984
2021-01-23,2021,1,1,21,56.629850000000005,1149.897,0.13662239089184058,11.831616666666665,673.6909430415992,6279.769345858569,34.36613845825195,2021_1,3.669402475664621
2021-01-23,2021,1,1,21,56.783449999999995,1153.02,7.031657355679701,11.883666666666667,676.1631178801795,6296.991020045461,36.4061393737793,2021_1,3.6542878593027863
2021-01-23,2021,1,1,21,56.923366666666666,1141.669,0.12723658051689862,11.694483333333334,663.9960139542465,6312.0877057009175,33.636138916015625,2021_1,3.8090637316679286
2021-01-23,2021,1,1,21,57.16211666666666,1126.879,0.14741035856573703,11.447983333333331,648.04401108312,6338.090127346516,62.637638092041016,2021_1,3.7846281665171975
2021-01-24,2021,1,1,20,57.776,846.17,0,8.769499999999999,486.2903662670112,6403.795316924129,249.2132568359375,2021_1,5.30938924641841
2021-01-24,2021,1,1,20,57.63406666666666,848.974,0,8.816233333333335,489.02711777848424,6387.9857127978285,94.27642059326172,2021_1,5.732426493606263
2021-01-24,2021,1,1,20,57.42719999999999,835.561,1.271543859649123,8.592683333333333,475.5406797596144,6365.014726926584,27.758419036865234,2021_1,5.816338414917653
2021-01-24,2021,1,1,20,57.45526666666667,835.604,0.5922330097087378,8.5934,475.60240347821,6368.138907571975,42.13842010498047,2021_1,5.816338414917653
2021-01-28,2021,1,1,20,57.87896666666667,949.262,0,9.821033333333332,548.6935501746937,6415.530758328231,63.308067321777344,2021_1,5.476888825140956
2021-01-28,2021,1,1,20,57.96508333333333,949.583,0,9.826383333333332,548.8936639216491,6425.121704417701,95.15806579589844,2021_1,5.263425536360737
2021-01-28,2021,1,1,20,58.04485,944.516,0,9.741933333333332,543.7997071323014,6433.944082734411,262.84906005859375,2021_1,5.0768167228005465
2021-01-29,2021,1,1,20,58.32791666666667,1050.75,0,10.845833333333333,608.0981415787634,6466.701192314317,149.0150604248047,2021_1,4.8018236576791455
2021-01-29,2021,1,1,20,58.297216666666664,1058.331,0,10.972183333333332,615.596477832823,6463.493867870226,110.01478576660156,2021_1,4.6297336620298095
2021-01-29,2021,1,1,20,58.2613,1109.687,0,11.161449999999999,626.8161400891873,6459.836792240437,64.59478759765625,2021_1,4.190376176920431
2021-01-30,2021,1,1,20,58.66218333333333,1049.357,0,10.822616666666667,605.7291873071608,6503.8734471369435,81.1828842163086,2021_1,4.425550806261197
2021-01-30,2021,1,1,20,58.59321666666666,1054.207,0,10.903450000000001,610.6353562158321,6496.326607861971,75.29288482666016,2021_1,4.4415643685168344
2021-01-30,2021,1,1,20,58.54443333333334,1050.696,0,10.844933333333332,607.3839564142507,6490.801230804789,103.94506072998047,2021_1,4.584415463834163
2021-01-30,2021,1,1,20,58.46283333333334,1108.015,0,11.133583333333336,624.4699974910133,6482.216280583412,37.98478698730469,2021_1,3.7249460526983245
2021-01-31,2021,1,1,20,57.65571666666666,1059.19,0,10.986500000000001,618.535152500159,6392.117398543158,32.47343063354492,2021_1,4.648505900473624
2021-01-31,2021,1,1,20,57.819583333333334,1102.424,0,11.0404,621.2013632225056,6410.450959629609,53.77342987060547,2021_1,4.903841462369942
2021-01-31,2021,1,1,20,57.84461666666666,1055.455,0,10.924249999999999,614.223876700346,6413.035161782974,65.53343200683594,2021_1,4.939561530547757
2021-01-31,2021,1,1,20,58.05003333333334,1104.996,0,11.083266666666669,622.9565245935718,6436.177584283628,120.8847885131836,2021_1,4.729690092979076
2021-02-01,2021,1,2,21,57.131866666666674,1151.025,0.21218074656188604,11.850416666666668,672.514619391116,6335.670339029365,55.16312026977539,2021_2,2.744529491500613
2021-02-01,2021,1,2,21,57.180249999999994,1204.196,0.10505050505050505,12.069933333333331,685.5527564521476,6341.6299187733375,41.398231506347656,2021_2,2.332077330067033
2021-02-01,2021,1,2,21,57.01523333333333,1212.479,0,12.207983333333335,694.7571114966618,6323.656934695908,37.878231048583984,2021_2,2.3009728739249438
2021-02-01,2021,1,2,21,56.90086666666666,1215.918,0,12.265299999999998,698.8437378996841,6311.099630508759,30.754863739013672,2021_2,2.204570881264358
2021-02-02,2021,1,2,21,57.192099999999996,1139.606,0.7185714285714286,11.6601,660.7380559605746,6341.906977992569,48.363121032714844,2021_2,2.948920327173811
2021-02-02,2021,1,2,21,57.307333333333325,1134.457,0,11.574283333333335,655.0691469465735,6354.530193442935,68.483123779296875,2021_2,3.1010730296086186
2021-02-02,2021,1,2,21,57.37371666666666,1118.966,0,11.316099999999999,639.2689313544242,6361.358776445651,37.367637634277344,2021_2,3.3924719925262194
2021-02-03,2021,1,2,21,57.441933333333324,1049.927,0,10.832116666666666,609.9667108915253,6368.063691109525,35.68459701538086,2021_2,3.884104026340063
2021-02-03,2021,1,2,20,57.829366666666665,1038.713,0,10.645216666666666,597.7038135750525,6410.900791429268,104.51995849609375,2021_2,4.522691141614685
2021-02-03,2021,1,2,20,57.74951666666666,1010.688,0.24011299435028252,10.178133333333333,570.1220190949148,6401.4333726282375,75.0060806274414,2021_2,4.698352118722811
2021-02-04,2021,1,2,20,57.74058333333334,943.681,0,9.728016666666667,543.3427559690742,6400.061954398137,33.20806884765625,2021_2,4.998779402218494
2021-02-04,2021,1,2,20,58.00783333333334,949.016,0,9.816933333333333,548.2770207191226,6429.874175090765,194.83905029296875,2021_2,4.504381430167549
2021-02-04,2021,1,2,20,58.06090000000001,1044.532,0,10.742199999999999,602.798197554333,6436.816830013648,221.1450653076172,2021_2,4.291223376966761
2021-08-24,2021,3,8,20,58.43923333333334,1108.525,0.254606365159129,11.142083333333336,625.0495007796908,6479.605236696055,37.98478698730469,2021_8,19.711337351650382
2021-08-24,2021,3,8,20,58.796083333333335,1045.493,0,10.758216666666666,601.6028339261208,6518.6796970505,88.81288146972656,2021_8,19.278820505144594
2021-08-24,2021,3,8,20,58.8596,1020.815,0,10.346916666666667,577.6949352664778,6525.200261033529,157.83750915527344,2021_8,18.90086008858459
2021-08-25,2021,3,8,20,58.27993333333334,1057.495,0,10.958249999999998,614.8358966303563,6461.546238531922,110.01478576660156,2021_8,18.81093225920521
2021-08-25,2021,3,8,20,58.08381666666667,1106.675,0,11.11125,624.4901635494168,6439.98901296704,115.44478607177734,2021_8,18.800301141743287
2021-08-25,2021,3,8,20,57.962900000000005,1110.265,0,11.171083333333335,628.4502916399294,6426.643120644861,96.15342712402344,2021_8,18.909024493180844
2021-08-25,2021,3,8,20,57.69553333333333,1120.731,0.3228511530398323,11.345516666666667,639.7997081503032,6397.2328807395315,80.20343017578125,2021_8,19.223098259006786
2021-08-25,2021,3,8,20,57.67066666666666,1112.375,18.901895424836603,11.20625,631.5909217410344,6394.186645654266,44.21342849731445,2021_8,19.001965678251928
2021-08-26,2021,3,8,21,56.59218333333333,1149.24,0.6381322957198444,11.820666666666666,673.191879837181,6275.551052489161,32.96613693237305,2021_8,19.54198958108172
2021-08-26,2021,3,8,21,56.447766666666666,1105.164,71.9650655021834,11.086066666666666,628.5841369223633,6257.86774553347,18.342756271362305,2021_8,19.42773200010081
2021-08-26,2021,3,8,21,56.25613333333334,1058.159,16.23170731707317,10.969316666666668,621.9992481775381,6236.330809149078,16.50118637084961,2021_8,19.57715443004131
2021-08-27,2021,3,8,21,56.54695,1233.308,0.7160493827160493,12.555133333333334,718.5293076135308,6272.615871129258,25.18486213684082,2021_8,19.993652198442796
2021-08-27,2021,3,8,21,56.34083333333333,1236.445,0.584057971014493,12.607416666666666,722.9458295322843,6249.85942003627,23.126773834228516,2021_8,20.101606323505678
2021-08-27,2021,3,8,21,56.403999999999996,1215.569,2.4767441860465116,12.259483333333332,701.1190761070812,6255.812367656375,34.694862365722656,2021_8,19.741558374872746
2021-08-27,2021,3,8,21,56.34656666666667,1157.842,11.343570057581573,11.964033333333335,683.1710956512594,6248.597896527664,31.678298950195312,2021_8,19.635464427773524
2021-08-28,2021,3,8,21,57.44044999999999,1049.819,2.0342205323193916,10.830316666666667,609.8631339364043,6367.895686180038,35.68459701538086,2021_8,19.38762715500443
2021-08-28,2021,3,8,20,57.62113333333333,1044.42,34.88494060097834,10.740333333333334,603.947159583567,6387.8644188502285,24.689956665039062,2021_8,19.047415164359037
2021-08-28,2021,3,8,20,57.964216666666665,1042.034,0,10.700566666666669,600.6129529434601,6425.992190249355,166.2899627685547,2021_8,18.517160553331234
2021-08-28,2021,3,8,20,58.09061666666666,1051.737,0,10.862283333333334,609.7913487511647,6440.313716450707,170.54505920410156,2021_8,18.613223160478384
2021-08-29,2021,3,8,20,58.04089999999999,946.933,0,9.782216666666667,546.1828467446475,6433.531170232463,218.37905883789062,2021_8,18.365954691225067
2021-08-29,2021,3,8,20,58.041983333333334,955.561,0,9.926016666666667,554.6709877906815,6433.759158611819,163.71258544921875,2021_8,18.433383828560707
2021-08-29,2021,3,8,20,57.88706666666667,1001.302,0,10.021700000000001,560.5805027791871,6416.594569360128,62.4960823059082,2021_8,18.29640549489823
2021-08-30,2021,3,8,20,57.95301666666666,925.726,0,9.428766666666666,525.37714256658,6423.559862809838,296.84808349609375,2021_8,18.328541579012114
2021-08-30,2021,3,8,20,57.73256666666666,855.755,0,8.92925,495.7868910334543,6398.938808130246,131.08642578125,2021_8,18.22604483874016
2021-08-30,2021,3,8,20,57.63963333333333,849.433,0,8.823883333333333,489.4855149370393,6388.604218347348,133.01641845703125,2021_8,18.109823194174776
2021-08-30,2021,3,8,20,57.42836666666667,829.548,0,8.492466666666667,469.5237092156616,6365.185090071898,33.22842025756836,2021_8,17.984687461024276
2021-09-01,2021,3,9,20,57.485099999999996,830.445,0,8.507416666666668,470.4671879684176,6371.4941412688095,47.39841842651367,2021_9,15.881871254883325
2021-09-01,2021,3,9,20,57.305016666666674,832.044,3.2217741935483875,8.534066666666666,471.9276370327397,6351.435842696497,25.76841926574707,2021_9,16.32918448434231
2021-09-01,2021,3,9,20,57.37429999999999,904.605,0.3852140077821012,9.07675,504.6154903663835,6359.055104742842,19.853437423706055,2021_9,16.602327871918046
2021-09-01,2021,3,9,20,57.69108333333334,930.685,0,9.511416666666666,530.4891535610253,6394.433357849081,29.908069610595703,2021_9,16.217528114366328
2021-09-01,2021,3,9,20,57.83423333333334,938.832,0,9.6472,538.4317540946153,6410.438830049997,50.77806854248047,2021_9,16.142995768887623
2021-09-02,2021,3,9,21,57.404466666666664,1119.317,7.328214971209213,11.32195,639.5037363921641,6364.792753672918,37.367637634277344,2021_9,16.802403041484002
2021-09-02,2021,3,9,21,57.20796666666667,1139.675,0.49122807017543857,11.661249999999999,660.7385469166403,6343.675164414848,48.363121032714844,2021_9,16.938970723443052
2021-09-02,2021,3,9,21,57.19131666666667,1126.631,0.920754716981132,11.443850000000001,647.6775701235831,6341.330439456713,62.637638092041016,2021_9,16.882416369598666
2021-09-02,2021,3,9,21,56.95223333333333,1139.866,0.27932960893854747,11.664433333333333,662.0423308594934,6315.227868277608,33.26312255859375,2021_9,16.874752785630637
2021-09-02,2021,3,9,21,56.79976666666666,1150.053,4.027237354085603,11.834216666666668,673.0680183735374,6298.680194616775,36.4061393737793,2021_9,16.90095416159103
2021-09-03,2021,3,9,21,56.81536666666666,1212.65,0.7892561983471075,12.210833333333335,695.9751143214779,6301.431268334312,40.15486145019531,2021_9,16.967775885812724
2021-09-03,2021,3,9,21,56.899833333333326,1215.986,15.060240963855422,12.266433333333335,698.9182189163799,6310.987979640562,30.754863739013672,2021_9,17.050642498916876
2021-09-03,2021,3,9,21,57.014166666666675,1212.373,3.739622641509434,12.206216666666668,694.6554782220157,6323.533234820045,37.878231048583984,2021_9,16.9859838070827
2021-09-03,2021,3,9,21,57.186299999999996,1203.916,15.390625,12.065266666666666,685.240513881617,6342.2903004436885,41.398231506347656,2021_9,17.021502864564102
2021-09-03,2021,3,9,21,57.10303333333333,1150.2,1.0411522633744856,11.836666666666668,671.816204002894,6332.42759483951,55.16312026977539,2021_9,16.943482945539515
2021-09-04,2021,3,9,21,57.312266666666666,1134.655,0.3632887189292543,11.577583333333333,655.2470776708058,6355.086669143006,68.483123779296875,2021_9,16.856241735429833
2021-09-04,2021,3,9,20,57.52203333333333,1105.79,0,11.096499999999999,625.5574768642114,6377.436860317158,40.163429260253906,2021_9,16.786525876146683
2021-09-04,2021,3,9,20,57.592516666666675,1100.202,54.6875,11.003366666666667,619.7492173792515,6385.113012422585,32.323429107666016,2021_9,16.754798215467698
2022-01-20,2022,1,1,20,58.63168333333333,1050.377,0,10.839616666666666,606.8083200189781,6500.505168008884,81.1828842163086,2022_1,4.743593542723294
2022-01-20,2022,1,1,20,58.54361666666667,1050.836,0,10.847266666666666,607.5222472855737,6490.7140560412645,103.94506072998047,2022_1,4.88909282689566
2022-01-21,2022,1,1,20,58.0773,949.634,0,9.827233333333334,548.7909434260556,6437.615219580581,310.95904541015625,2022_1,5.537197122793774
2022-01-21,2022,1,1,20,57.98158333333334,952.489,0,9.874816666666668,551.7353884736083,6426.994664590769,95.15806579589844,2022_1,5.69088631145076
2022-01-24,2022,1,1,20,57.45366666666667,831.352,0.2857142857142857,8.522533333333334,471.34891231487285,6367.988447549829,47.39841842651367,2022_1,6.389075141652931
2022-01-24,2022,1,1,20,57.48696666666667,905.37,0.7357723577235772,9.0895,505.3657217749039,6371.598428416033,19.293437957763672,2022_1,5.911859722634243
2022-01-24,2022,1,1,20,57.636383333333335,849.106,0,8.818433333333333,489.15917201031,6388.243265240981,94.27642059326172,2022_1,6.158480796481217
2022-01-24,2022,1,1,20,57.78298333333334,847.093,0,8.784883333333333,487.2078006513757,6404.569753482167,376.9264221191406,2022_1,5.735182994239117
2022-01-25,2022,1,1,20,57.8805,948.916,0,9.815266666666668,548.3494955721758,6415.697322057072,72.72806549072266,2022_1,5.904392350119488
2022-01-25,2022,1,1,20,57.83078333333333,1033.255,0,10.554250000000001,592.298581430715,6410.9307898335965,104.00995635986328,2022_1,5.320592788561735
2022-01-25,2022,1,1,20,58.06403333333333,1104.621,0,11.077016666666669,622.5397599352962,6437.724444796177,115.44478607177734,2022_1,4.959880625803609
2022-01-26,2022,1,1,21,57.17985,1126.824,0.32255102040816325,11.447066666666668,647.9177269229084,6340.061441217863,62.637638092041016,2022_1,3.9255695333035154
2022-01-26,2022,1,1,21,56.94976666666666,1139.99,2.806387225548902,11.666500000000001,662.1786962411353,6314.958316371216,33.26312255859375,2022_1,3.960285506291275
2022-01-26,2022,1,1,21,56.630399999999995,1150.016,0,11.8336,673.8100318822723,6279.83556150868,34.36613845825195,2022_1,3.8236767149020703
2022-01-27,2022,1,1,21,56.21798333333333,1057.852,0,10.964200000000002,621.8033535599646,6232.076556505252,20.16118621826172,2022_1,3.81854246528984
2022-01-27,2022,1,1,21,56.447916666666664,1105.473,0.17283950617283952,11.091216666666666,628.9010177427275,6257.8940835240755,18.342756271362305,2022_1,3.8846749329219015
2022-01-27,2022,1,1,21,56.35321666666667,1153.924,0,11.898733333333332,679.1058518715834,6249.165748301956,30.70829963684082,2022_1,3.804309213379936
2022-01-28,2022,1,1,21,56.398766666666674,1215.471,0,12.25785,701.0459370222502,6255.225461261683,34.694862365722656,2022_1,3.677298424122463
2022-01-28,2022,1,1,21,56.34121666666667,1236.094,0,12.601566666666667,722.5822378771599,6249.883106884183,23.126773834228516,2022_1,3.432672285459422
2022-01-28,2022,1,1,21,56.54635,1232.582,0,12.543033333333335,717.7893572234522,6272.510667683751,25.18486213684082,2022_1,3.375571574609979
2022-01-29,2022,1,1,21,56.87818333333333,1217.543,0,12.292383333333332,700.61385896482,6308.655472084205,30.754863739013672,2022_1,3.1886196668854048
2022-01-29,2022,1,1,21,57.01935,1211.995,0,12.199916666666665,694.2461139794234,6324.091907386898,37.878231048583984,2022_1,3.4489839924147287
2022-01-31,2022,1,1,21,57.10361666666666,1150.057,0.12698412698412698,11.834283333333333,671.6691964468081,6332.486495902414,55.16312026977539,2022_1,3.8700409731239
2022-01-31,2022,1,1,21,57.373866666666665,1119.12,5.566801619433199,11.318666666666665,639.4226625744994,6361.380727958541,37.367637634277344,2022_1,4.126246615487363
2022-01-31,2022,1,1,21,57.458016666666666,1051.778,0,10.862966666666667,611.7690291783035,6369.9040786767655,26.84459686279297,2022_1,4.305324597783575
2022-02-01,2022,1,2,20,57.54213333333334,1135.046,0,11.584100000000001,654.6666410275594,6380.680054787141,56.90043258666992,2022_2,3.5823803596565353
2022-02-01,2022,1,2,20,57.69018333333334,1120.806,0,11.346766666666667,639.8948168147326,6396.640071197902,80.20343017578125,2022_2,4.113424014638425
2022-02-01,2022,1,2,20,57.64965,1059.83,0,10.997166666666665,619.1914179877133,6391.460888332569,34.5034294128418,2022_2,4.528760733693471
2022-02-02,2022,1,2,20,58.07056666666667,1044.203,0,10.736716666666666,602.447010309716,6437.884506601979,221.1450653076172,2022_2,4.584740667032705
2022-02-02,2022,1,2,20,58.32938333333333,1050.882,0,10.848033333333335,608.2224777364145,6466.867986523519,149.0150604248047,2022_2,4.294129370599811
2022-02-02,2022,1,2,20,58.32006666666666,1059.78,0,10.996333333333332,616.9363028213915,6466.0789779130955,94.85478973388672,2022_2,4.172344497541019
2022-08-21,2022,3,8,20,57.65463333333334,1059.446,7.736,10.990766666666666,618.793243047817,6392.004292603043,32.47343063354492,2022_8,16.823471876538907
2022-08-21,2022,3,8,20,57.64391666666667,1045.92,44.895397489539754,10.765333333333334,605.3741530209694,6390.438882393244,24.53995704650879,2022_8,16.85729134007638
2022-08-21,2022,3,8,21,57.463133333333325,1052.144,0,10.869066666666667,612.1192787322148,6370.48360629286,26.84459686279297,2022_8,17.05289889588041
2022-08-21,2022,3,8,21,57.399766666666665,1119.395,7.107142857142857,11.32325,639.5997001491703,6364.272386539582,37.367637634277344,2022_8,17.168121869312305
2022-08-22,2022,3,8,20,57.810716666666664,1049.516,0,10.825266666666668,608.4508717665287,6409.0991021861555,84.33995819091797,2022_8,16.599705789735086
2022-08-22,2022,3,8,20,57.930633333333326,1112.247,0,11.204116666666668,630.521408786967,6423.115236387157,89.9934310913086,2022_8,16.741122787459748
2022-08-22,2022,3,8,20,58.18298333333334,1047.629,0,10.793816666666665,605.4819972560844,6450.485831276116,175.32505798339844,2022_8,16.59963076953477
2022-08-22,2022,3,8,20,58.46676666666667,1039.473,0,10.657883333333332,596.7115924475182,6481.871371552711,166.46505737304688,2022_8,16.84685869765411
2022-08-23,2022,3,8,20,58.663333333333334,1018.4,0,10.306666666666667,575.7995120057743,6503.303270753665,224.3675079345703,2022_8,16.984408784232162
2022-08-23,2022,3,8,20,58.67276666666667,1051.942,0,10.8657,608.1952524118011,6505.120279263966,69.90288543701172,2022_8,17.232048433661927
2022-08-23,2022,3,8,20,58.469116666666665,1109.307,0.12836438923395446,11.155116666666666,625.7035204180632,6482.955732313213,37.98478698730469,2022_8,17.789523163923004
2022-08-23,2022,3,8,20,58.354366666666664,1050.762,0,10.846033333333333,608.0290796102787,6469.64574655527,129.90505981445312,2022_8,16.751749132203273
2022-08-24,2022,3,8,20,57.93111666666667,938.11,0,9.635166666666667,537.6159341288655,6421.217894135473,179.3180694580078,2022_8,16.45459771244887
2022-08-24,2022,3,8,20,57.848916666666675,945.395,0,9.756583333333333,544.9086823176103,6412.140827165029,72.72806549072266,2022_8,16.374790577914517
2022-08-24,2022,3,8,20,57.7201,1005.027,0,10.083783333333335,564.5590295212689,6398.064959962275,64.30608367919922,2022_8,16.723889976089005
2022-08-24,2022,3,8,20,57.705033333333326,934.774,1.4922737306843268,9.579566666666667,534.5387213562715,6396.019039325496,30.63806915283203,2022_8,16.49395453575662
2022-08-24,2022,3,8,20,57.5892,914.011,6.773333333333333,9.233516666666667,513.9606860550988,6383.000030478157,32.136417388916016,2022_8,16.554694500213436
2022-08-26,2022,3,8,20,57.474183333333336,800.253,0,8.004216666666668,440.2810011628273,6370.6093728006545,100.22122192382812,2022_8,16.26114773044006
2022-08-26,2022,3,8,20,57.51638333333334,823.914,0,8.398566666666666,463.9720152627416,6375.029194214147,123.41325378417969,2022_8,16.14547468026488
2022-08-26,2022,3,8,20,57.45396666666667,832.033,0,8.533883333333334,472.03020834493697,6368.017116602659,47.39841842651367,2022_8,16.163222169554075
2022-08-26,2022,3,8,20,57.52885,836.028,0,8.600466666666668,476.0746000646912,6376.327907996621,90.92325592041016,2022_8,16.155526300784004
2022-08-26,2022,3,8,20,57.48696666666667,905.309,6.065173116089613,9.088483333333333,505.30477039353974,6371.598348584063,19.293437957763672,2022_8,16.651587107419434
2022-08-27,2022,3,8,20,58.02603333333333,941.123,0,9.685383333333334,540.4826362662869,6431.813937060314,262.84906005859375,2022_8,16.565097889720086
2022-08-27,2022,3,8,20,58.038883333333324,955.086,0,9.9181,554.2083065413575,6433.40766126362,163.71258544921875,2022_8,16.543539465577275
2022-08-27,2022,3,8,20,58.12786666666666,1018.765,0,10.31275,577.315823052897,6443.698327414977,163.2325897216797,2022_8,16.56917939056269
2022-08-27,2022,3,8,20,58.33416666666667,1100.858,0,11.014299999999999,617.9415394320699,6467.679772927554,94.85478973388672,2022_8,16.882161966144768
2022-08-28,2022,3,8,21,57.18478333333334,1126.696,4.219298245614035,11.444933333333331,647.7691069360376,6340.605778711894,62.637638092041016,2022_8,17.44387224594712
2022-08-28,2022,3,8,21,56.95438333333333,1139.61,0.6635514018691588,11.660166666666665,661.7736047659707,6315.456979039667,33.26312255859375,2022_8,17.258389316533226
2022-08-28,2022,3,8,21,56.79918333333333,1150.156,3.235867446393762,11.835933333333333,673.1755004119668,6298.61963698216,36.4061393737793,2022_8,17.2360929607948
2022-08-28,2022,3,8,21,56.62108333333334,1149.865,7.072691552062868,11.831083333333334,673.6985174280943,6278.792659845938,34.36613845825195,2022_8,17.145323602580923
2022-08-29,2022,3,8,21,56.213899999999995,1057.661,15.3862660944206,10.961016666666668,621.618909756914,6231.61655649519,20.16118621826172,2022_8,17.14645057100128
2022-08-29,2022,3,8,21,56.44738333333333,1105.151,62.82693389592124,11.08585,628.5720787117402,6257.824684136835,18.342756271362305,2022_8,17.017711477535855
2022-08-29,2022,3,8,21,56.35345,1153.68,14.4921875,11.894666666666668,678.8535721414976,6249.181125601844,30.70829963684082,2022_8,17.200264958322062
2022-08-29,2022,3,8,21,56.37168333333334,1215.427,0.6379647749510763,12.257116666666665,701.143475780918,6252.210712072114,32.72195816040039,2022_8,17.40431908278144
2022-08-30,2022,3,8,21,56.35643333333334,1233.223,0.405511811023622,12.553716666666666,719.539017857145,6251.421699060944,24.49195671081543,2022_8,17.70712244421026
2022-08-30,2022,3,8,21,56.54543333333333,1232.705,0.2099009900990099,12.545083333333332,717.9205769795974,6272.415221105925,25.18486213684082,2022_8,17.59987666109949
2022-08-30,2022,3,8,21,56.81813333333333,1212.939,0.41338582677165353,12.215650000000002,696.2545071521625,6301.752844283477,40.15486145019531,2022_8,17.485955369202067
2022-08-30,2022,3,8,21,56.872166666666665,1217.412,5.048582995951418,12.2902,700.5131046294965,6307.979778662324,30.754863739013672,2022_8,17.485955369202067
2022-08-30,2022,3,8,21,57.018,1212.412,1.161064718162839,12.206866666666667,694.6748822561505,6323.961526068487,37.878231048583984,2022_8,17.57418293211261
2022-08-31,2022,3,8,21,57.18086666666667,1204,0.8275862068965517,12.066666666666666,685.3523017596858,6341.689633889694,41.398231506347656,2022_8,17.692083617134458
2022-08-31,2022,3,8,21,57.102516666666666,1150.015,0.30476190476190473,11.833583333333335,671.6318987668197,6332.362346737523,55.16312026977539,2022_8,17.33242885398729
2022-08-31,2022,3,8,21,57.18456666666666,1139.507,1.3846153846153846,11.65845,660.671094467525,6341.064858616449,48.363121032714844,2022_8,17.296626539533918
2022-08-31,2022,3,8,21,57.32066666666666,1134.625,0.1416010498687664,11.577083333333333,655.1815623896429,6356.0202306945985,68.483123779296875,2022_8,17.324058198658964
2022-08-31,2022,3,8,20,57.52963333333334,1100.481,0.25917926565874727,11.008016666666666,620.2342099144047,6378.122544799771,36.06343078613281,2022_8,17.09250944273034
2022-09-01,2022,3,9,20,57.66736666666667,1111.974,11.63064833005894,11.199566666666666,631.2043001177166,6393.80642729737,44.21342849731445,2022_9,15.561733327218784
2023-01-25,2023,1,1,20,57.667633333333335,1121.804,0,11.363400000000002,640.9736453873497,6394.165009220232,80.20343017578125,2023_1,5.206200992642303
2023-01-25,2023,1,1,20,57.86743333333334,1113.529,0,11.225483333333333,632.0179595403164,6416.122864157357,82.71343231201172,2023_1,5.356760394001767
2023-01-25,2023,1,1,20,57.873900000000006,1059.503,0,10.991716666666665,618.1320508078518,6416.4103296098365,81.28343200683594,2023_1,5.550532306658357
2023-01-26,2023,1,1,20,57.78455,847.165,0,8.786083333333332,487.27971104319244,6404.743942793257,376.9264221191406,2023_1,5.815369490661708
2023-01-26,2023,1,1,20,57.627250000000004,848.106,0,8.801766666666667,488.1610831815288,6387.229270875529,94.27642059326172,2023_1,6.238581923722265
2023-01-26,2023,1,1,20,57.48678333333334,905.603,0,9.093383333333332,505.5985641116817,6371.578332351311,19.293437957763672,2023_1,5.991771170744614
2023-01-26,2023,1,1,20,57.455450000000006,834.852,0.879837067209776,8.580866666666667,474.85048568050377,6368.163884902116,42.13842010498047,2023_1,6.322238910040213
2023-01-29,2023,1,1,20,57.6511,1059.829,0,10.99715,619.1856693373891,6391.622241184279,34.5034294128418,2023_1,5.401290433270929
2023-01-29,2023,1,1,21,57.4651,1052.273,0,10.871216666666665,612.2422021702075,6370.706043212424,26.84459686279297,2023_1,5.103192282636662
2023-01-29,2023,1,1,21,57.400816666666664,1119.319,0,11.321983333333332,639.5196144503597,6364.386634803497,37.367637634277344,2023_1,5.0922215417602095
2023-01-29,2023,1,1,21,57.34893333333333,1135.245,0,11.587416666666664,655.6839614271594,6359.189187653034,68.483123779296875,2023_1,4.920209391626955
2023-01-30,2023,1,1,21,56.45013333333333,1105.277,0.2741935483870968,11.087950000000001,628.692203013759,6258.134625291661,18.342756271362305,2023_1,4.887998510501311
2023-01-30,2023,1,1,21,56.21561666666666,1057.794,0,10.963233333333335,621.7509209250527,6231.811494528534,20.16118621826172,2023_1,4.810155248044343
2023-01-31,2023,1,1,21,56.346166666666676,1157.925,0,11.965416666666666,683.2584721183067,6248.557082243794,31.678298950195312,2023_1,4.80599048183985
2023-01-31,2023,1,1,21,56.364583333333336,1215.636,0,12.2606,701.3959609787646,6251.431143053027,32.72195816040039,2023_1,4.688938286271391
2023-01-31,2023,1,1,21,56.3395,1236.247,0,12.604116666666668,722.7497610614311,6249.700436924276,23.126773834228516,2023_1,4.465606062532515
2023-01-31,2023,1,1,21,56.54663333333333,1233.66,1.0783938814531546,12.561000000000002,718.8915702651925,6272.599349596355,25.18486213684082,2023_1,4.407400451766288
2023-02-01,2023,1,2,21,56.59051666666666,1149.218,0,11.820300000000001,673.1769985717938,6275.364702022155,32.96613693237305,2023_2,3.010435594452826
2023-02-01,2023,1,2,21,56.78423333333333,1153.106,1.1041257367387034,11.8851,676.246976102388,6297.081859505932,36.4061393737793,2023_2,3.050837432458232
2023-02-01,2023,1,2,21,56.92725,1141.491,0.36178861788617883,11.691516666666667,663.7984848725378,6312.512667706875,33.636138916015625,2023_2,3.2766107893619383
2023-02-01,2023,1,2,21,57.15496666666666,1127.392,0,11.456533333333335,648.5896274856449,6337.313104544445,62.637638092041016,2023_2,3.5593520047091136
2023-02-02,2023,1,2,21,56.814750000000004,1212.652,0,12.210866666666668,695.9803687012968,6301.362764624275,40.15486145019531,2023_2,2.791451251220364
2023-02-02,2023,1,2,21,56.8718,1217.677,0.16049382716049382,12.294616666666665,700.7841142617295,6307.951952501157,37.66486358642578,2023_2,2.7032720817165004
2023-02-02,2023,1,2,21,57.01536666666666,1212.292,0,12.204866666666666,694.5672820387291,6323.6628796838895,37.878231048583984,2023_2,2.855948903886014
2023-02-02,2023,1,2,21,57.18478333333334,1203.781,0,12.063016666666666,685.1121834669624,6342.115451886527,41.398231506347656,2023_2,2.8751265042012046
2023-02-02,2023,1,2,21,57.12983333333333,1150.79,0.36475409836065575,11.846499999999999,672.2871006370303,6335.434204757452,55.16312026977539,2023_2,3.27505201646849
2023-02-03,2023,1,2,21,57.18666666666666,1139.637,1.0106870229007634,11.660616666666666,660.79287864205,6341.303634310986,48.363121032714844,2023_2,3.4703423882428885
2023-02-03,2023,1,2,20,57.82280000000001,1102.653,0,11.044216666666667,621.4172188655134,6410.8158137274695,53.77342987060547,2023_2,4.372778374652687
2023-02-03,2023,1,2,20,57.83221666666667,1038.204,0,10.636733333333332,597.1924036590518,6411.205810719735,104.51995849609375,2023_2,4.466228716053353
2023-02-04,2023,1,2,20,58.07268333333333,948.853,0,9.814216666666665,548.0294315666787,6437.091914078612,362.58905029296875,2023_2,4.232655807738699
2023-02-04,2023,1,2,20,58.00893333333333,949.47,0,9.8245,548.722667916154,6430.002068649767,194.83905029296875,2023_2,4.390232786083733
2023-02-04,2023,1,2,20,57.962900000000005,949.191,0,9.81985,548.5100739233694,6424.873931624893,95.15806579589844,2023_2,4.390232786083733
2023-02-04,2023,1,2,20,57.894683333333326,953.385,0,9.88975,552.7458214914741,6417.331952712788,60.15608215332031,2023_2,4.605038557199122
2023-02-05,2023,1,2,20,58.66566666666666,1049.412,0,10.823533333333334,605.7718099866705,6504.262653227948,81.1828842163086,2023_2,3.60221127674323
2023-02-05,2023,1,2,20,58.59798333333333,1054.309,0,10.905149999999999,610.719085503235,6496.86001489525,75.29288482666016,2023_2,3.594923764693643
2023-02-05,2023,1,2,20,58.54456666666667,1050.85,0,10.847499999999998,607.5329167590695,6490.82018014549,103.94506072998047,2023_2,3.69406850622675
2023-02-05,2023,1,2,20,58.46606666666666,1108.062,0,11.134366666666665,624.5042544962778,6482.57762189627,37.98478698730469,2023_2,3.143946053331987
2023-02-06,2023,1,2,20,58.36365000000001,1050.87,0,10.847833333333332,608.1060158889344,6470.6819970029555,129.90505981445312,2023_2,3.9272084339804993
2023-02-06,2023,1,2,20,58.25701666666667,1109.869,0,11.164483333333331,627.0093971961012,6459.36576317688,64.59478759765625,2023_2,3.5062185255207003
2023-02-06,2023,1,2,20,58.09080000000001,1103.959,0,11.065983333333334,621.7977225919573,6440.683666416875,115.44478607177734,2023_2,4.021246966055108
2023-02-07,2023,1,2,20,58.07476666666666,1044.162,0,10.736033333333333,602.3946805944815,6438.350979534513,221.1450653076172,2023_2,4.236020311685197
2023-08-21,2023,3,8,20,58.362433333333335,1050.826,0,10.847100000000001,608.0668379724417,6470.545387582215,129.90505981445312,2023_8,18.213830318468688
2023-08-21,2023,3,8,20,58.495716666666674,1107.384,0,11.123066666666666,623.7409321911265,6485.856992490897,58.07478713989258,2023_8,19.0068175251869
2023-08-22,2023,3,8,20,58.057233333333336,958.397,0,9.973283333333335,557.4369710597548,6435.496138194682,135.67257690429688,2023_8,17.942510725304178
2023-08-22,2023,3,8,20,57.919516666666674,928.138,0,9.468966666666667,527.7822829974405,6419.846095698842,296.84808349609375,2023_8,17.823623659935077
2023-08-22,2023,3,8,20,57.60509999999999,909.095,2.747152619589977,9.151583333333333,509.0583918842645,6384.756213535092,37.366416931152344,2023_8,17.787376990830598
2023-08-22,2023,3,8,20,57.48701666666666,907.108,10.88695652173913,9.118466666666666,507.1023265067824,6371.6066523442505,19.293437957763672,2023_8,17.97773510725214
2023-08-24,2023,3,8,20,57.624916666666664,847.915,0,8.798583333333333,487.97019683436866,6386.9700697537855,94.27642059326172,2023_8,17.54044044332983
2023-08-25,2023,3,8,20,57.45443333333333,831.342,0,8.522366666666667,471.3395110924371,6368.073864535503,47.39841842651367,2023_8,17.49461801348369
2023-08-25,2023,3,8,20,57.76796666666667,918.633,0,9.310550000000001,518.4749150447584,6402.919996721065,73.90641784667969,2023_8,17.645593926627175
2023-08-25,2023,3,8,20,57.83924999999999,1015.053,0,10.250883333333332,574.2672276203347,6411.499940689673,73.81607818603516,2023_8,17.886576309867518
2023-08-26,2023,3,8,20,58.39736666666666,1041.672,0,10.694533333333334,599.0439977184411,6474.199173205166,190.57505798339844,2023_8,18.195141029653588
2023-08-26,2023,3,8,20,58.653933333333335,1029.306,0,10.488433333333335,586.3659677454533,6502.4764915448095,164.73287963867188,2023_8,18.387169328365616
2023-08-26,2023,3,8,20,58.74471666666667,1038.704,0,10.645066666666667,595.2054795380236,6512.795157579189,105.32288360595703,2023_8,18.693728944398696
2023-08-26,2023,3,8,20,58.65951666666667,1049.598,0,10.826633333333332,605.9702419960735,6503.582936095671,81.1828842163086,2023_8,18.716108844834356
2023-08-27,2023,3,8,21,57.185366666666674,1126.704,13.47560975609756,11.445066666666666,647.7748339910759,6340.67097930796,62.637638092041016,2023_8,19.44008668116226
2023-08-27,2023,3,8,21,56.95023333333334,1140.025,1.4712320200125077,11.667083333333334,662.2121372581474,6315.011625045767,33.26312255859375,2023_8,19.391642520452898
2023-08-27,2023,3,8,21,56.798199999999994,1150.354,6.504528985507246,11.839233333333334,673.3814880372798,6298.518589186176,36.4061393737793,2023_8,19.397140231210813
2023-08-27,2023,3,8,21,56.61798333333333,1149.712,4.318658280922431,11.828533333333333,673.5563438501692,6278.441313660918,34.36613845825195,2023_8,19.32104902910622
2023-08-28,2023,3,8,21,56.218666666666664,1057.741,9.947577729573391,10.962349999999999,621.6864836202087,6232.14932726626,20.16118621826172,2023_8,19.22433853646696
2023-08-28,2023,3,8,21,56.44916666666666,1105.244,84.53744493392071,11.087399999999999,628.6615766884513,6258.026028103472,18.342756271362305,2023_8,19.104934707279146
2023-08-28,2023,3,8,21,56.35063333333333,1155.178,3.7411087113030956,11.919633333333335,680.4089847420368,6248.932970631354,30.70829963684082,2023_8,19.397603915094315
2023-08-28,2023,3,8,21,56.37168333333334,1215.818,1.2993890020366599,12.263633333333333,701.5457447357592,6252.229792701926,32.72195816040039,2023_8,19.63656233386614
2023-08-28,2023,3,8,21,56.35518333333333,1233.246,3.018633540372671,12.554100000000002,719.5698759988561,6251.28389662819,24.49195671081543,2023_8,19.969939939860375
2023-08-29,2023,3,8,21,56.547599999999996,1233.353,3.4408602150537635,12.555883333333334,718.5716375533952,6272.690554890552,25.18486213684082,2023_8,19.8513114912122
2023-08-29,2023,3,8,21,56.81521666666666,1212.747,1.3927125506072873,12.21245,696.0745308603349,6301.419213973023,40.15486145019531,2023_8,19.690921056958
2023-08-29,2023,3,8,21,56.873083333333334,1217.614,12.463963963963963,12.293566666666667,700.713272538937,6308.091626170488,30.754863739013672,2023_8,19.8413399390877
2023-08-29,2023,3,8,21,57.014133333333334,1212.388,3.6198347107438016,12.206466666666666,694.6708239888109,6323.530239572491,37.878231048583984,2023_8,19.758959087912068
2023-08-29,2023,3,8,21,57.096166666666676,1149.772,3.555555555555556,11.829533333333332,671.4159882707579,6331.645652266769,55.16312026977539,2023_8,19.47324467150639
2023-08-30,2023,3,8,21,57.185500000000005,1203.714,5.390204678362573,12.0619,685.0411403391851,6342.1921500490735,41.398231506347656,2023_8,19.851422980892767
2023-08-30,2023,3,8,21,57.18293333333333,1139.545,1.3070539419087137,11.659083333333335,660.7164540133983,6340.884612394161,48.363121032714844,2023_8,19.4089819018169
2023-08-30,2023,3,8,21,57.304899999999996,1134.573,0.4378947368421053,11.576216666666669,655.1958266838272,6354.2638338022,68.483123779296875,2023_8,19.325182993356457
2023-08-30,2023,3,8,21,57.37701666666667,1118.986,50.70422535211267,11.316433333333334,639.276458958819,6361.726696162287,37.367637634277344,2023_8,19.023990650539496
2023-08-30,2023,3,8,20,57.65103333333333,1109.569,23.939393939393938,11.159483333333332,628.87172795665,6391.911764797072,39.72343063354492,2023_8,18.595295961576205
2023-08-31,2023,3,8,21,57.44336666666666,1050.029,2.4477611940298507,10.833816666666667,610.0644280922807,6368.2259718845635,35.68459701538086,2023_8,18.93470535027291
2023-08-31,2023,3,8,20,57.67616666666666,1046.405,17.28494971264368,10.773416666666666,605.7626873909803,6394.041035252231,24.53995704650879,2023_8,18.379261660343673
2023-08-31,2023,3,8,20,57.58828333333333,1100.782,28.32928118393235,11.013033333333333,620.3409126745933,6384.65895880523,32.323429107666016,2023_8,18.62554214219269
2023-08-31,2023,3,8,20,57.74071666666667,1130.291,0.9205020920502093,11.50485,649.10797285932,6402.600860972553,45.27043533325195,2023_8,19.492110018312257
2023-09-01,2023,3,9,20,57.65016666666667,1059.775,9.9836093857833,10.996250000000002,619.1350273089402,6391.51678136556,34.5034294128418,2023_9,16.39807495212779
2023-09-01,2023,3,9,20,57.8663,1113.1,0,11.218333333333332,631.5980438763962,6415.982797726012,82.71343231201172,2023_9,16.24680271387102
2023-09-01,2023,3,9,20,58.05781666666667,1104.822,0,11.080366666666665,622.7586942472291,6437.038604805586,120.8847885131836,2023_9,16.012815280081742
2024-01-22,2024,1,1,21,57.46691666666667,1052.382,0,10.873033333333334,612.3455814016775,6370.91123805876,26.84459686279297,2024_1,4.477708843388403
2024-01-22,2024,1,1,21,57.402049999999996,1119.272,0,11.3212,639.4678705811924,6364.522278091444,37.367637634277344,2024_1,4.169885142096649
2024-01-22,2024,1,1,21,57.175933333333326,1126.815,0,11.446916666666668,647.9243132923116,6339.625282080698,62.637638092041016,2024_1,3.7850489170214576
2024-01-23,2024,1,1,21,56.22135,1057.699,0,10.96165,621.6345822428684,6232.446683197873,20.16118621826172,2024_1,3.672231125412389
2024-01-23,2024,1,1,21,56.452466666666666,1105.399,0,11.08998333333333,628.8096103825642,6258.398079968053,18.342756271362305,2024_1,3.7507643469124283
2024-01-23,2024,1,1,21,56.35026666666666,1154.709,0,11.911816666666668,679.9278678856252,6248.871707565701,30.70829963684082,2024_1,3.652702385059223
2024-01-24,2024,1,1,21,56.36861666666667,1215.754,0,12.262566666666665,701.4960909808256,6251.885548644795,32.72195816040039,2024_1,3.51208083086109
2024-01-24,2024,1,1,21,56.34068333333333,1236.087,0,12.60145,722.5781388667032,6249.823412746881,23.126773834228516,2024_1,3.2826224077690873
2024-01-24,2024,1,1,21,56.55970000000001,1236.283,0.27615062761506276,12.604716666666665,721.5010195261762,6274.19294663529,22.206270217895508,2024_1,3.2296434411428363
2024-01-24,2024,1,1,21,56.81756666666667,1213.062,0,12.217699999999999,696.3825340185895,6301.695689767512,40.15486145019531,2024_1,3.30265572012166
2024-01-25,2024,1,1,20,57.65346666666666,1059.392,0,10.989866666666668,618.7433587619263,6391.872868108455,32.47343063354492,2024_1,4.806400887528669
2024-01-25,2024,1,1,20,57.67016666666667,1121.809,0,11.363483333333333,640.9687826144666,6394.447108903394,80.20343017578125,2024_1,4.313254301576347
2024-01-25,2024,1,1,20,57.820816666666666,1102.75,0,11.045833333333333,621.5198980215566,6410.597971772253,53.77342987060547,2024_1,5.040418709851016
2024-01-25,2024,1,1,20,57.86651666666667,1112.82,0,11.213666666666665,631.3204740420229,6415.99784203522,82.71343231201172,2024_1,4.718843464659259
2024-01-26,2024,1,1,20,57.74266666666667,944.302,0,9.738366666666668,543.9564050652864,6400.300548782675,33.20806884765625,2024_1,6.059235066747634
2024-01-26,2024,1,1,20,57.74008333333333,1006.713,0,10.111883333333333,566.1963010261998,6400.316608879762,71.65608215332031,2024_1,5.6614279968829155
2024-01-26,2024,1,1,20,57.83398333333333,1033.196,0,10.553266666666666,592.2320165971171,6411.285648989234,104.00995635986328,2024_1,5.411743358520324
2024-01-27,2024,1,1,20,58.076766666666664,1043.982,0,10.733033333333333,602.2120414539219,6438.569056282883,221.1450653076172,2024_1,5.3651192483056045
2024-01-27,2024,1,1,20,58.05643333333334,1104.937,0,11.082283333333331,622.8765217772158,6436.8881245794855,120.8847885131836,2024_1,5.026177290203294
2024-01-27,2024,1,1,20,58.22613333333334,1111.655,0,11.19425,628.8676771379077,6455.9849341922145,64.59478759765625,2024_1,4.490894380195068
2024-01-27,2024,1,1,20,58.32674999999999,1059.989,0,10.999816666666668,617.1181979596519,6466.82894547221,94.85478973388672,2024_1,4.957688078796028
2024-01-28,2024,1,1,20,58.66508333333333,1049.666,0,10.827766666666665,606.0190910560273,6504.2044014330195,81.1828842163086,2024_1,4.882638127826547
2024-01-28,2024,1,1,20,58.59925,1054.383,0,10.906383333333334,610.7867436303546,6497.003049749734,75.29288482666016,2024_1,4.898153633214117
2024-01-28,2024,1,1,20,58.547883333333324,1050.881,0,10.848016666666668,607.5528224629135,6491.190206721401,86.0828857421875,2024_1,5.038749260986673
2024-01-28,2024,1,1,20,58.49901666666666,1107.34,0,11.122333333333332,623.6865934765557,6486.222955716467,58.07478713989258,2024_1,4.385162692133384
2024-01-29,2024,1,1,20,57.63691666666667,849.65,0,8.827499999999999,489.70066710207516,6388.301226512187,94.27642059326172,2024_1,6.114290683357831
2024-01-29,2024,1,1,20,57.527049999999996,839.659,0,8.660983333333332,479.69752184686246,6376.10781974759,78.64325714111328,2024_1,6.299446923638675
2024-01-29,2024,1,1,20,57.4561,835.801,0.5953878406708595,8.596683333333335,475.7999654823743,6368.2305023424115,42.13842010498047,2024_1,6.199003898964621
2024-01-29,2024,1,1,20,57.371883333333336,909.187,0,9.153116666666667,509.2085304052348,6358.793835672027,20.403438568115234,2024_1,5.1508755808443825
2024-01-31,2024,1,1,20,58.07633333333333,949.7,0,9.828333333333335,548.857141031694,6437.508396841869,310.95904541015625,2024_1,5.490235527780489
2024-01-31,2024,1,1,20,58.01936666666667,951.098,0,9.851633333333332,550.3113785935963,6431.183482373286,194.83905029296875,2024_1,5.644018481642975
2024-01-31,2024,1,1,20,57.97796666666667,952.062,0,9.867700000000001,551.3197035457523,6426.586604817028,95.15806579589844,2024_1,5.644018481642975
2024-02-01,2024,1,2,21,56.62521666666667,1150.053,0.13168724279835392,11.834216666666668,673.8716872283518,6279.260453600699,34.36613845825195,2024_2,3.1297158528201368
2024-02-01,2024,1,2,21,56.78446666666667,1153.099,4.067729083665339,11.884983333333333,676.2387570112724,6297.107518627418,36.4061393737793,2024_2,3.1243513901531017
2024-02-02,2024,1,2,21,56.872033333333334,1217.65,0.0912863070539419,12.294166666666667,700.7554509424792,6307.976586847146,37.66486358642578,2024_2,2.8130639248964693
2024-02-02,2024,1,2,21,57.01671666666666,1212.34,0,12.205666666666666,694.6087737528788,6323.8153404343875,37.878231048583984,2024_2,2.9203052264855445
2024-02-02,2024,1,2,21,57.18066666666667,1204.007,0.10441767068273092,12.066783333333335,685.3603522588124,6341.667700696302,41.398231506347656,2024_2,2.9088941369422208
2024-02-02,2024,1,2,21,57.13418333333334,1151.093,0.13114754098360656,11.851550000000001,672.5724046586265,6335.930961925446,55.16312026977539,2024_2,3.2768286677966394
2024-02-03,2024,1,2,21,56.92413333333334,1141.816,1.690376569037657,11.696933333333334,664.1417182886406,6312.178889571826,33.636138916015625,2024_2,3.299738138008581
2024-02-03,2024,1,2,21,57.17808333333334,1139.547,49.06875,11.659116666666668,660.7395311163239,6340.345035788414,48.363121032714844,2024_2,3.44878048165384
2024-02-03,2024,1,2,21,57.31083333333333,1134.607,0,11.576783333333333,655.2049484019362,6354.925351610758,68.483123779296875,2024_2,3.4023952095112526
2024-08-20,2024,3,8,20,58.40253333333333,1041.663,0,10.694383333333333,599.0207406936827,6474.774096295771,190.57505798339844,2024_8,17.090758717525443
2024-08-20,2024,3,8,20,58.53351666666667,1040.378,0,10.672966666666666,597.4063102779303,6489.323806590706,140.45506286621094,2024_8,17.07576987530153
2024-08-20,2024,3,8,20,58.79183333333334,1018.461,0,10.307683333333333,575.5793590591992,6517.610643730531,155.12750244140625,2024_8,17.270575862106725
2024-08-21,2024,3,8,20,58.1983,1026.691,0,10.44485,584.9272888812222,6451.698000762815,289.76507568359375,2024_8,16.80076635420735
2024-08-21,2024,3,8,20,58.0567,958.402,0,9.973366666666667,557.4427446755255,6435.4368346708625,135.67257690429688,2024_8,16.64756971394265
2024-08-21,2024,3,8,20,58.055183333333325,950.513,0,9.841883333333334,549.6856919915742,6435.163676541902,194.83905029296875,2024_8,16.644018404019107
2024-08-22,2024,3,8,21,57.40406666666666,1119.412,45.40540540540541,11.323533333333334,639.6003635400896,6364.751490054034,37.367637634277344,2024_8,17.87877313547717
2024-08-22,2024,3,8,21,57.18708333333334,1126.737,1.453680727874276,11.445616666666668,647.8012096731968,6340.863197270718,62.637638092041016,2024_8,18.20290881012294
2024-08-22,2024,3,8,21,56.90275,1215.955,8.489208633093526,12.265916666666666,698.8712589964368,6311.3109277283975,30.754863739013672,2024_8,18.461253912532833
2024-08-23,2024,3,8,21,56.21921666666667,1057.74,17.227383863080686,10.962333333333333,621.6837073544599,6232.210499842652,20.16118621826172,2024_8,17.951822476480004
2024-08-23,2024,3,8,21,56.45291666666667,1105.332,81.00238663484487,11.088866666666668,628.7392777936174,6258.446062216726,18.342756271362305,2024_8,17.803494386050307
2024-08-23,2024,3,8,21,56.61821666666666,1149.739,9.130820399113082,11.828983333333333,673.5828754410453,6278.468412025274,34.36613845825195,2024_8,17.95802232711977
2024-08-23,2024,3,8,21,56.345983333333336,1158.231,2.2021978021978015,11.970516666666667,683.5744168165031,6248.550284599417,31.678298950195312,2024_8,18.07014102421927
2024-08-24,2024,3,8,21,56.40166666666667,1215.61,0.30396475770925113,12.260166666666665,701.1735366574788,6255.55481946776,34.694862365722656,2024_8,18.18258405365912
2024-08-24,2024,3,8,21,56.338166666666666,1236.688,0.8200455580865603,12.611466666666669,723.2115804596301,6249.575973530882,23.126773834228516,2024_8,18.55556969491987
2024-08-24,2024,3,8,21,56.54813333333333,1233.712,0.20283018867924527,12.561866666666667,718.936152024143,6272.768948731084,25.18486213684082,2024_8,18.438977912529904
2024-08-24,2024,3,8,21,56.82378333333333,1213.327,0.4308390022675737,12.222116666666667,696.6193936323749,6302.39992751125,40.15486145019531,2024_8,18.303952546726805
2024-08-24,2024,3,8,21,57.01188333333333,1212.518,1.4672489082969433,12.208633333333333,694.8140803034584,6323.286120360283,37.878231048583984,2024_8,18.615849533181695
2024-08-25,2024,3,8,21,56.785333333333334,1153.152,4.780821917808219,11.885866666666667,676.2886335916863,6297.206214303375,36.4061393737793,2024_8,18.03892541558593
2024-08-25,2024,3,8,21,56.92751666666666,1141.461,1.3105022831050228,11.691016666666666,663.7668966480751,6312.541139978862,33.636138916015625,2024_8,18.052340140484944
2024-08-25,2024,3,8,21,57.185583333333334,1139.672,1.960352422907489,11.661200000000001,660.8328303888228,6341.184469340177,48.363121032714844,2024_8,18.09322511565719
2024-08-25,2024,3,8,21,57.13216666666667,1151.083,1.070615034168565,11.851383333333334,672.5717083581696,6335.706163612919,55.16312026977539,2024_8,18.17468305235072
2024-08-25,2024,3,8,21,57.18121666666666,1204.108,3.461728395061728,12.068466666666666,685.4592984024908,6341.733470107098,41.398231506347656,2024_8,18.502655232751707
2024-08-26,2024,3,8,21,57.30955000000001,1134.691,1.1056179775280899,11.578183333333333,655.2946611844761,6354.78574390219,68.483123779296875,2024_8,18.084949328424305
2024-08-26,2024,3,8,20,57.55395,1129.179,1.0515723270440251,11.486316666666669,648.7674026162978,6381.776425397923,71.21043395996094,2024_8,18.211200713298695
2024-08-26,2024,3,8,20,57.54783333333333,1104.114,6.671568627450981,11.068566666666667,623.7973810403682,6380.2569411255345,40.163429260253906,2024_8,17.614265022974223
2024-08-27,2024,3,8,20,57.66146666666667,944.983,11.135549872122763,9.749716666666666,544.7320633982297,6391.268480685803,52.178070068359375,2024_8,16.679851176885993
2024-08-27,2024,3,8,20,57.70373333333334,934.43,16.198979591836732,9.573833333333333,534.1982790175404,6395.871409089943,30.63806915283203,2024_8,16.52391418310514
2024-08-27,2024,3,8,20,57.48676666666667,907.228,99.6009975062344,9.120466666666665,507.2222799953558,6371.579032192502,19.293437957763672,2024_8,16.68476819121042
2024-08-27,2024,3,8,20,57.29098333333333,835.713,127.38095238095238,8.595216666666666,475.6025940225772,6349.850099588123,24.74842071533203,2024_8,17.056659823319002
2024-08-29,2024,3,8,20,57.54466666666667,833.911,0,8.565183333333332,473.9730064234649,6378.101654507068,99.38325500488281,2024_8,16.271324514937728
2024-08-29,2024,3,8,20,57.57163333333333,855.017,6.898477157360405,8.916950000000002,495.0324961412636,6381.02343044641,80.18641662597656,2024_8,16.29605457544983
2024-08-29,2024,3,8,20,57.87051666666666,933.34,0,9.555666666666667,532.9632712154063,6414.429890121594,115.15806579589844,2024_8,16.386107131924057
2024-08-30,2024,3,8,20,57.74036666666666,943.761,0,9.72935,543.4223943080513,6400.038687806614,33.20806884765625,2024_8,16.476367953531327
2024-08-30,2024,3,8,20,57.80323333333334,1003.547,0,10.059116666666666,562.9450398556028,6407.2961888055,56.896080017089844,2024_8,16.532537229847527
2024-08-30,2024,3,8,20,57.85511666666666,1056.961,0,10.94935,615.6798931241581,6414.246487118128,105.92343139648438,2024_8,17.191277630901876
2024-08-30,2024,3,8,20,57.93486666666666,1114.241,0,11.23735,632.473358766378,6423.651040764631,89.9934310913086,2024_8,17.59527143003421
2024-08-31,2024,3,8,20,58.49906666666667,1107.31,0,11.121833333333333,623.6572844190285,6486.227600650968,58.07478713989258,2024_8,18.02902760016317
2024-08-31,2024,3,8,20,58.33868333333333,1100.876,0,11.0146,617.9440498289081,6468.183040410027,73.40478515625,2024_8,17.414368648274788
2024-08-31,2024,3,8,20,58.11446666666667,1051.593,0,10.859883333333334,609.5766901325642,6442.964534296199,170.54505920410156,2024_8,17.093956846268718
2024-08-31,2024,3,8,20,58.07848333333333,1106.886,0,11.114766666666666,624.7160882663328,6439.401899875944,115.44478607177734,2024_8,17.294654445885687
2024-08-31,2024,3,8,20,57.807,1115.303,0,11.255050000000002,633.9957010220614,6409.455154689215,61.173431396484375,2024_8,17.567124884586523
2024-09-01,2024,3,9,21,57.441066666666664,1049.801,2.6130653266331656,10.830016666666666,609.8432810043355,6367.963835874596,35.68459701538086,2024_9,15.994687316564866
2024-09-01,2024,3,9,20,57.6212,1044.409,51.57384987893463,10.740150000000002,603.9360204445193,6387.871558221666,24.689956665039062,2024_9,15.887451763398285
2024-09-01,2024,3,9,20,57.64841666666666,1109.24,33.48522167487685,11.154,628.5538176931021,6391.610138476623,39.72343063354492,2024_9,15.847315863783633
2025-01-21,2025,1,1,20,57.757400000000004,843.886,0,8.731433333333333,484.01804081925076,6401.732949563669,249.2132568359375,2025_1,5.34526381376273
2025-01-21,2025,1,1,20,57.60991666666667,846.036,0,8.767266666666666,486.09405480037066,6385.306165519256,108.2332534790039,2025_1,5.94660567076969
2025-01-21,2025,1,1,20,57.45576666666666,834.743,0.3877068557919622,8.57905,474.74169827072694,6368.199810591266,42.13842010498047,2025_1,5.856092788708745
2025-01-24,2025,1,1,20,57.48686666666667,904.195,1.2146118721461188,9.069916666666668,504.1916696212099,6371.585918683842,19.293437957763672,2025_1,5.527353104584911
2025-01-24,2025,1,1,20,57.88288333333333,950.044,0,9.834066666666667,549.4611266951536,6415.9762405278925,63.308067321777344,2025_1,5.5191135892480565
2025-01-24,2025,1,1,20,57.968250000000005,949.516,0,9.825266666666666,548.8232924395504,6425.47343409615,95.15806579589844,2025_1,5.3049572948898085
2025-01-25,2025,1,1,21,57.43878333333334,1049.243,0,10.820716666666666,609.2919541033006,6367.6947099229465,35.68459701538086,2025_1,4.499782875223193
2025-01-25,2025,1,1,21,57.409216666666666,1119.486,0,11.324766666666669,639.6548438689875,6365.3271365946375,37.367637634277344,2025_1,4.7330161332651715
2025-01-25,2025,1,1,21,57.33673333333333,1134.957,0.33027522935779813,11.582616666666668,655.4467819762638,6357.820666369574,68.483123779296875,2025_1,4.501074967752191
2025-01-25,2025,1,1,21,57.18365000000001,1126.873,0,11.447883333333333,647.9518879456068,6340.486065362668,62.637638092041016,2025_1,4.431398571125699
2025-01-26,2025,1,1,21,56.216300000000004,1057.715,0,10.961916666666665,621.6671144424218,6231.885208172521,20.16118621826172,2025_1,4.276783215462156
2025-01-26,2025,1,1,21,56.448183333333326,1105.239,0.13729977116704806,11.087316666666668,628.6597647611313,6257.9164500192455,18.342756271362305,2025_1,4.349214726788443
2025-01-26,2025,1,1,21,56.35146666666666,1154.856,0,11.914266666666666,680.0735513126285,6249.01161601313,30.70829963684082,2025_1,4.227615953186827
2025-01-27,2025,1,1,21,56.39913333333334,1215.538,0,12.258966666666668,701.1128847183758,6255.269513628601,34.694862365722656,2025_1,4.094827613411876
2025-01-27,2025,1,1,21,56.359700000000004,1232.949,0,12.549150000000001,719.2382806643438,6251.770452608003,24.49195671081543,2025_1,3.8424474998586025
2025-01-27,2025,1,1,21,56.54891666666667,1233.692,0.5277777777777778,12.561533333333333,718.911149048496,6272.855009742183,25.18486213684082,2025_1,3.7932320078734634
2025-01-27,2025,1,1,21,56.81556666666667,1212.669,0,12.211150000000002,695.9933894868562,6301.454423817941,40.15486145019531,2025_1,3.8810566137176563
2025-01-28,2025,1,1,21,56.58978333333333,1149.519,0,11.825316666666668,673.4883035440198,6275.295790079816,30.776138305664062,2025_1,4.252795095084835
2025-01-28,2025,1,1,21,56.78458333333333,1153.029,3.274463007159905,11.883816666666666,676.1669643731938,6297.117495183861,36.4061393737793,2025_1,4.247193948969352
2025-01-28,2025,1,1,21,56.93023333333334,1141.407,2.794736842105263,11.690116666666665,663.7002402272981,6312.841252131474,33.636138916015625,2025_1,4.41138357862669
2025-01-29,2025,1,1,21,56.87593333333333,1217.347,0,12.289116666666667,700.4269467926756,6308.395603000014,30.754863739013672,2025_1,3.808841291881805
2025-01-29,2025,1,1,21,57.016083333333334,1212.263,0.25241379310344825,12.204383333333332,694.5342073243993,6323.741227527314,37.878231048583984,2025_1,3.8814169455315852
2025-01-29,2025,1,1,21,57.19136666666667,1203.365,0,12.056083333333333,684.6604699351878,6342.829054619116,41.398231506347656,2025_1,3.8531180270723047
2025-01-29,2025,1,1,21,57.13476666666667,1150.872,9.335064935064935,11.847866666666668,672.3468573883013,6335.98654740914,55.16312026977539,2025_1,4.281485800597676
2025-01-30,2025,1,1,20,57.65048333333334,1059.726,0,10.995433333333335,619.0852601717613,6391.550591174144,34.5034294128418,2025_1,5.079328748966778
2025-01-30,2025,1,1,20,57.82293333333334,1102.725,0,11.045416666666664,621.488031744458,6410.8328071554915,53.77342987060547,2025_1,5.305605450121753
2025-01-30,2025,1,1,20,57.853816666666674,1056.604,0,10.9434,615.3310193005921,6414.091635333509,105.92343139648438,2025_1,5.27336235970846
2025-01-30,2025,1,1,20,57.83098333333334,1037.202,0,10.620033333333334,596.2041268642311,6411.044665972652,104.51995849609375,2025_1,5.3634065758243645
2025-01-31,2025,1,1,20,58.04928333333334,944.442,0,9.7407,543.7214854906895,6434.436845713595,262.84906005859375,2025_1,5.117212114771727
2025-01-31,2025,1,1,20,58.00583333333334,948.937,0,9.815616666666667,548.2019023717161,6429.650578344016,218.37905883789062,2025_1,5.3049572948898085
2025-01-31,2025,1,1,20,58.08296666666667,1043.875,0,10.73125,602.089171651032,6439.256492113844,221.1450653076172,2025_1,5.325169354768097
2025-02-01,2025,1,2,20,58.665616666666665,1049.249,0,10.820816666666667,605.6144085730556,6504.252806012436,81.1828842163086,2025_2,3.1851372768033928
2025-02-01,2025,1,2,20,58.59653333333334,1054.251,0,10.904183333333332,610.667496688162,6496.697013132249,75.29288482666016,2025_2,3.2027827758673038
2025-02-01,2025,1,2,20,58.54383333333333,1050.776,0,10.846266666666668,607.4633871296219,6490.736573884175,103.94506072998047,2025_2,3.304465599700521
2025-02-01,2025,1,2,20,58.49171666666666,1107.55,0,11.125833333333333,623.9162416496695,6485.416863500224,58.07478713989258,2025_2,2.7113295222980183
2025-02-02,2025,1,2,20,58.22451666666666,1111.684,0,11.194733333333334,628.9019193557125,6455.8059226025925,64.59478759765625,2025_2,3.0670710848837266
2025-02-02,2025,1,2,20,58.327216666666665,1059.899,0,10.998316666666664,617.0288247830612,6466.878280359061,94.85478973388672,2025_2,3.3966600659604467
2025-02-02,2025,1,2,20,58.361533333333334,1050.649,0,10.844149999999997,607.8970176702001,6470.440471128444,129.90505981445312,2025_2,3.5343378013596483
2025-02-02,2025,1,2,20,58.09058333333334,1103.971,0,11.066183333333333,621.8102496664598,6440.659911829607,115.44478607177734,2025_2,3.581317477523622
2025-02-03,2025,1,2,20,57.66893333333334,1122.132,0,11.368866666666667,641.294588347144,6394.321063686259,80.20343017578125,2025_2,3.3308157233741
2025-02-03,2025,1,2,20,57.86514999999999,1112.953,0,11.215883333333332,631.4569278455687,6415.850045048836,82.71343231201172,2025_2,3.5694348775439106
2025-08-18,2025,3,8,20,58.534783333333344,1056.007,0,10.93345,612.5661120589457,6489.871995170415,62.39479064941406,2025_8,17.409494702840515
2025-08-18,2025,3,8,20,58.845433333333325,1029.738,0,10.495633333333334,586.3078230279419,6523.805233949912,136.85287475585938,2025_8,17.577858595005175
2025-08-18,2025,3,8,20,58.803966666666675,1016.409,0,10.273483333333333,573.5771898039352,6518.923416188583,197.34750366210938,2025_8,17.47253562361967
2025-08-19,2025,3,8,20,58.04723333333333,1109.022,0,11.150366666666665,626.9259587645921,6435.990127213375,100.6347885131836,2025_8,17.391211556718414
2025-08-19,2025,3,8,20,57.80453333333333,1115.298,0,11.254966666666666,633.9998982072678,6409.180468428124,61.173431396484375,2025_8,17.42594648523053
2025-08-19,2025,3,8,20,57.64753333333333,1046.169,42.836185819070906,10.769483333333335,605.6113308349343,6390.847888595559,24.53995704650879,2025_8,17.31135027042283
2025-08-19,2025,3,8,21,57.46576666666667,1052.411,3.0416666666666665,10.873516666666667,612.3780974017516,6370.784043962943,26.84459686279297,2025_8,17.60597020727145
2025-08-20,2025,3,8,21,57.18468333333333,1126.606,0.45258620689655166,11.443433333333333,647.6788703192938,6340.5913996106065,62.637638092041016,2025_8,18.17953429277028
2025-08-20,2025,3,8,21,56.95343333333334,1139.797,3.866336633663366,11.663283333333334,661.9672058791241,6315.358660397756,33.26312255859375,2025_8,18.0963851915084
2025-08-20,2025,3,8,21,56.79986666666667,1149.975,9.411483253588518,11.832916666666666,672.9882006800851,6298.6880336972845,36.4061393737793,2025_8,18.089270539457363
2025-08-20,2025,3,8,21,56.61868333333334,1149.871,2.5747126436781613,11.831183333333335,673.7156773405127,6278.525901394485,34.36613845825195,2025_8,18.056227249782967
2025-08-20,2025,3,8,21,56.813250000000004,1212.607,0.619718309859155,12.210116666666666,695.942442717826,6301.1937536220485,40.15486145019531,2025_8,18.35966853124114
2025-08-21,2025,3,8,21,56.21541666666667,1057.767,22.94536817102138,10.962783333333334,621.7236520127204,6231.78844440866,20.16118621826172,2025_8,18.08168673390846
2025-08-21,2025,3,8,21,56.45048333333334,1105.279,48.834951456310684,11.087983333333334,628.6930737964273,6258.1736345547315,18.342756271362305,2025_8,17.907956207715728
2025-08-21,2025,3,8,21,56.35073333333333,1155.004,2.3564814814814814,11.916733333333331,680.2293768873378,6248.93649384101,30.70829963684082,2025_8,18.1470200565956
2025-08-21,2025,3,8,21,56.36251666666667,1215.905,1.3029612756264235,12.265083333333333,701.6836837936394,6251.214397777579,32.72195816040039,2025_8,18.352535857257877
2025-08-22,2025,3,8,21,56.33878333333334,1236.388,0.4622425629290618,12.606466666666666,722.8991084538582,6249.628343444402,23.126773834228516,2025_8,18.65470415443131
2025-08-22,2025,3,8,21,56.54684999999999,1233.121,0.7592592592592593,12.552016666666669,718.3384027540121,6272.594827505291,25.18486213684082,2025_8,18.521085307053053
2025-08-22,2025,3,8,21,56.875400000000006,1217.344,10.245283018867923,12.289066666666667,700.4267566947085,6308.336128850477,30.754863739013672,2025_8,18.514711551789016
2025-08-22,2025,3,8,21,57.019416666666665,1212.294,8.960352422907487,12.204900000000002,694.5481428181184,6324.113515684665,37.878231048583984,2025_8,18.426136126535805
2025-08-22,2025,3,8,21,57.181716666666674,1203.968,5.520581113801453,12.066133333333335,685.3158223692441,6341.782748136035,41.398231506347656,2025_8,18.528541561108515
2025-08-23,2025,3,8,20,57.712900000000005,1131.598,0,11.526633333333333,650.5198162160378,6399.5535383913675,45.27043533325195,2025_8,18.29570335391618
2025-08-23,2025,3,8,20,57.936083333333336,1114.063,0,11.234383333333335,632.2932641706168,6423.7806390984815,89.9934310913086,2025_8,17.45127983846915
2025-08-23,2025,3,8,20,58.22696666666668,1111.508,0,11.1918,628.7208027723292,6456.073001588573,64.59478759765625,2025_8,17.70374889922218
2025-08-24,2025,3,8,20,57.739766666666675,1007.331,0,10.122183333333334,566.8100649281097,6400.291468192444,71.65608215332031,2025_8,16.911012638245662
2025-08-24,2025,3,8,20,58.12701666666667,1018.953,0,10.315883333333334,577.5021956096248,6443.6072987255475,163.2325897216797,2025_8,16.84637902117965
2025-08-24,2025,3,8,20,58.058933333333336,1050.062,0,10.834366666666664,608.2416274848189,6436.741988160396,202.37506103515625,2025_8,16.967269008523605
2025-08-25,2025,3,8,20,57.682333333333325,927.407,0,9.456783333333334,527.2386700498711,6393.435995695696,33.04806900024414,2025_8,16.634580188373853
2025-08-25,2025,3,8,20,57.58916666666667,914.021,7.364829396325459,9.233683333333333,513.9706628986362,6382.996353926548,32.136417388916016,2025_8,16.744574341376705
2025-08-25,2025,3,8,20,57.37148333333333,908.808,68.65822784810126,9.1468,508.82873863035894,6358.748469583687,20.403438568115234,2025_8,17.507074453118904
2025-08-25,2025,3,8,20,57.29358333333333,834.909,0.893048128342246,8.581816666666667,474.7967225249514,6350.144410450667,24.74842071533203,2025_8,16.753407634461162
2025-08-25,2025,3,8,20,57.415483333333334,832.814,0.45312499999999994,8.546899999999999,472.7827267144628,6363.727807619338,30.22842025756836,2025_8,16.44624264942016
2025-08-27,2025,3,8,20,57.506416666666674,831.747,0,8.529116666666665,471.78464582747904,6373.857943505396,99.38325500488281,2025_8,16.328840439121084
2025-08-27,2025,3,8,20,57.70651666666666,851.251,0,8.854183333333333,491.3104909417789,6396.045857492982,108.4764175415039,2025_8,16.480329190498907
2025-08-27,2025,3,8,20,57.58773333333333,906.44,1.3123486682808718,9.107333333333335,506.4171379324909,6382.817809161607,46.12641906738281,2025_8,16.582428201396514
2025-08-28,2025,3,8,20,57.8749,934.067,0,9.567783333333333,533.6779508607418,6414.923847753576,115.15806579589844,2025_8,16.542391412674554
2025-08-28,2025,3,8,20,58.02688333333334,941.327,0,9.688783333333333,540.682490294566,6431.910610533197,262.84906005859375,2025_8,16.74975526380139
2025-08-28,2025,3,8,20,57.894549999999995,1012.68,0,10.211333333333332,571.8089977059346,6417.613217818614,67.8560791015625,2025_8,16.70894569378061
2025-08-29,2025,3,8,21,57.09888333333333,1149.794,4.308252427184466,11.829900000000002,671.425649384789,6331.948833998078,55.16312026977539,2025_8,18.159372064507554
2025-08-29,2025,3,8,21,57.182583333333334,1139.584,1.5838926174496644,11.659733333333334,660.7572491292374,6340.847201322184,48.363121032714844,2025_8,18.10629576196992
2025-08-29,2025,3,8,21,57.31478333333333,1134.583,0,11.576383333333334,655.1642169517867,6355.363971841962,68.483123779296875,2025_8,18.06139387039404
2025-08-29,2025,3,8,21,57.37388333333333,1118.965,21.296296296296294,11.316083333333331,639.2672976196635,6361.377289640442,37.367637634277344,2025_8,17.998686647324455
2025-08-29,2025,3,8,20,57.59386666666666,1123.43,0.9453333333333332,11.390500000000001,642.8791761924638,6386.0125504624875,55.923431396484375,2025_8,17.92580722504136
2025-08-30,2025,3,8,20,57.715599999999995,1001.79,0.3446601941747573,10.029833333333332,561.3530901642871,6397.513899921773,64.30608367919922,2025_8,16.813022115500253
2025-08-30,2025,3,8,20,58.05475,952.621,0,9.877016666666666,551.7597237982519,6435.141827727121,194.83905029296875,2025_8,16.798859004531273
2026-01-19,2026,1,1,20,57.88891666666667,1111.143,0,11.185716666666668,629.5821745926885,6418.436947022494,65.6634292602539,2026_1,4.435464364740969
2026-01-19,2026,1,1,20,57.6756,1057.355,0,10.955916666666667,616.6466830087779,6394.277347090674,32.47343063354492,2026_1,4.334219149990928
2026-01-19,2026,1,1,21,57.46846666666667,1052.499,0,10.874983333333335,612.4577646161725,6371.086976750023,26.84459686279297,2026_1,3.9463535857174787
2026-01-20,2026,1,1,21,57.40298333333333,1119.346,0.4751131221719457,11.322433333333333,639.5384087926767,6364.62867401624,37.367637634277344,2026_1,3.8308795831629534
2026-01-20,2026,1,1,21,57.33808333333333,1134.994,0.19711538461538464,11.583233333333332,655.4781827706169,6357.972295648204,68.483123779296875,2026_1,3.531837549702367
2026-01-20,2026,1,1,21,57.18043333333333,1126.738,0,11.445633333333335,647.8287781399439,6340.12324274604,62.637638092041016,2026_1,3.4619479278516136
2026-01-20,2026,1,1,21,56.95130000000001,1139.898,14.364896073903003,11.664966666666665,662.0788086887492,6315.125285303741,33.26312255859375,2026_1,3.4867210169563334
2026-01-21,2026,1,1,21,56.22366666666667,1057.823,0.25,10.963716666666668,621.7553625496562,6232.708123066533,20.16118621826172,2026_1,3.3217648616431212
2026-01-21,2026,1,1,21,56.44668333333334,1105.072,0,11.084533333333331,628.493295895894,6257.744328212522,18.342756271362305,2026_1,3.406023423318606
2026-01-21,2026,1,1,21,56.35121666666667,1155.111,0,11.918516666666669,680.3372529929552,6248.994937310586,30.70829963684082,2026_1,3.3063436682582585
2026-01-22,2026,1,1,21,56.399166666666666,1215.265,0,12.254416666666668,700.8320429526311,6255.25991959301,34.694862365722656,2026_1,3.1785415633468053
2026-01-22,2026,1,1,21,56.35628333333334,1233.052,0,12.550866666666666,719.3639016040207,6251.3959212164145,24.49195671081543,2026_1,2.933107394210183
2026-01-22,2026,1,1,21,56.54763333333334,1233.48,0,12.558,718.7014859697643,6272.7010066433295,25.18486213684082,2026_1,2.882805596174453
2026-01-22,2026,1,1,21,56.81723333333333,1212.693,0.18052256532066507,12.211549999999999,696.0090867118944,6301.64097294575,40.15486145019531,2026_1,2.969022325681708
2026-01-23,2026,1,1,21,56.62323333333334,1149.54,0.39999999999999997,11.825666666666667,673.3564304002507,6279.018152175314,34.36613845825195,2026_1,3.329662381652111
2026-01-23,2026,1,1,21,56.87391666666667,1217.567,0.28009828009828014,12.292783333333334,700.6610901496418,6308.18202601723,30.754863739013672,2026_1,2.853943768720652
2026-01-23,2026,1,1,21,57.01238333333334,1212.706,0,12.211766666666666,695.0016232982855,6323.350688676028,37.878231048583984,2026_1,2.8176753738089104
2026-01-24,2026,1,1,20,57.66906666666667,1121.823,0,11.363716666666669,640.9869660246954,6394.325178776245,80.20343017578125,2026_1,3.975663283519431
2026-01-24,2026,1,1,20,57.822700000000005,1102.786,0,11.046433333333335,621.5491912369502,6410.808662827509,53.77342987060547,2026_1,4.5469719940869275
2026-01-24,2026,1,1,20,57.85466666666666,1056.748,0,10.9458,615.4707020873067,6414.19033639564,105.92343139648438,2026_1,4.613382051140837
2026-01-24,2026,1,1,20,58.06411666666666,1104.547,0,11.075783333333334,622.4667245006705,6437.7314815765885,115.44478607177734,2026_1,4.403991857972105
2026-01-27,2026,1,1,20,57.772466666666666,845.704,0,8.761733333333332,485.8270392951163,6403.403554165316,249.2132568359375,2026_1,4.973634270171509
2026-01-27,2026,1,1,20,57.6332,848.861,0,8.81435,488.9143982666666,6387.889536152507,94.27642059326172,2026_1,5.3958534773077425
2026-01-27,2026,1,1,20,57.45479999999999,834.661,1.1827956989247312,8.577683333333333,474.65902602414224,6368.092707855377,42.13842010498047,2026_1,5.477801013120672
2026-01-27,2026,1,1,20,57.48664999999999,904.319,0.35180722891566263,9.071983333333332,504.3155967052618,6371.561927870231,19.293437957763672,2026_1,5.14685583272008
2026-01-28,2026,1,1,20,58.07605,949.475,0,9.824583333333333,548.6363488582239,6437.474145508098,310.95904541015625,2026_1,4.774383418795412
2026-01-28,2026,1,1,20,58.003766666666664,948.212,0,9.803533333333332,547.4905501959378,6429.411941846151,218.37905883789062,2026_1,4.927620654127612
2026-01-28,2026,1,1,20,57.96315,948.805,0,9.813416666666665,548.1290933675456,6424.8971641306935,111.63806915283203,2026_1,4.927620654127612
2026-01-28,2026,1,1,20,57.76033333333333,947.974,0,9.799566666666667,547.576448890782,6402.308625612698,36.61806869506836,2026_1,5.300962992678701
2026-01-29,2026,1,1,21,57.21373333333333,1202.984,0,12.049733333333332,684.1654854962151,6345.300238102635,41.398231506347656,2026_1,2.8145150968251222
2026-01-29,2026,1,1,21,57.1387,1151.281,27.12264150943396,11.854683333333332,672.7409174375559,6336.441425825544,55.16312026977539,2026_1,3.35454834620349
2026-01-30,2026,1,1,20,58.07788333333333,1044.033,0,10.733883333333331,602.2589729939699,6438.694642233485,221.1450653076172,2026_1,4.699571492715833
2026-01-30,2026,1,1,20,58.32665,1050.908,0,10.848466666666665,608.2562070165064,6466.564428131196,149.0150604248047,2026_1,4.480299480413284
2026-01-30,2026,1,1,20,58.30094999999999,1058.615,0,10.976916666666666,615.8616618938537,6463.917556610395,110.01478576660156,2026_1,4.3049970140792375
2026-01-30,2026,1,1,20,58.2555,1109.604,0,11.160066666666667,626.755701809881,6459.18863492745,64.59478759765625,2026_1,3.8650298693345895
2026-01-31,2026,1,1,20,58.46351666666666,1108.254,0,11.137566666666665,624.6999107052746,6482.2997238834905,37.98478698730469,2026_1,3.4003480627688947
2026-01-31,2026,1,1,20,58.50716666666667,1050.258,0,10.837633333333335,607.0726421118933,6486.641193418683,103.94506072998047,2026_1,4.319920292717045
2026-01-31,2026,1,1,20,58.56215,1053.36,0,10.889333333333331,609.9123276651527,6492.845219494343,75.29288482666016,2026_1,4.120615353594322
2026-01-31,2026,1,1,20,58.63453333333334,1050.424,0,10.840399999999999,606.8450890134799,6500.8236713304495,81.1828842163086,2026_1,4.129077421718837
2026-02-01,2026,1,2,20,57.89621666666667,953.582,0,9.893033333333333,552.9382020699726,6417.505216824599,60.15608215332031,2026_2,4.529683508342345
2026-02-01,2026,1,2,20,57.8319,1032.408,0,10.540133333333332,591.4575270273268,6411.035924228674,104.00995635986328,2026_2,4.298972324455516
2026-08-16,2026,3,8,20,58.7224,1028.135,0,10.468916666666667,585.06664227977,6510.073808668596,139.96287536621094,2026_8,18.051330203276382
2026-08-16,2026,3,8,20,58.613433333333326,1038.616,0,10.6436,595.4788589317936,6498.1780948291,149.4028778076172,2026_8,17.95271971823214
2026-08-16,2026,3,8,20,58.54536666666666,1050.779,0,10.846316666666667,607.4616033995759,6490.907338953701,103.94506072998047,2026_8,18.173119276367995
2026-08-16,2026,3,8,20,58.45501666666667,1045.022,0,10.750366666666666,602.1398769135435,6480.700176500164,137.66506958007812,2026_8,17.86915484650842
2026-08-17,2026,3,8,20,58.46785,1108.016,0,11.133600000000001,624.4532386770561,6482.774698138476,37.98478698730469,2026_8,19.005358096950253
2026-08-17,2026,3,8,20,58.38831666666667,1103.662,0,11.061033333333334,620.4926840828216,6473.789896973387,49.75478744506836,2026_8,18.554932736048436
2026-08-18,2026,3,8,20,57.70178333333333,925.831,13.941710992907801,9.430516666666668,525.6586112418438,6395.591042780059,33.04806900024414,2026_8,17.342215482481496
2026-08-18,2026,3,8,20,57.599466666666665,915.748,24.513064133016627,9.262466666666667,515.6870231654723,6384.149295844635,32.136417388916016,2026_8,17.451753616128507
2026-08-18,2026,3,8,20,57.37226666666667,909.083,30.612244897959183,9.151383333333333,509.10419181943695,6358.836275744505,20.403438568115234,2026_8,18.199888975085443
2026-08-18,2026,3,8,20,57.52369999999999,834.821,2.2716535433070866,8.580350000000001,474.86641268890776,6375.761857671785,90.92325592041016,2026_8,17.05614310886189
2026-08-18,2026,3,8,20,57.484233333333336,830.172,0,8.502866666666668,470.19368988057914,6371.399648837827,47.39841842651367,2026_8,17.037366423230154
2026-08-20,2026,3,8,20,57.30631666666667,831.756,119.85365853658537,8.529266666666667,471.63944157066635,6351.582547078662,25.76841926574707,2026_8,17.35852034163688
2026-08-21,2026,3,8,20,57.70228333333333,850.527,0,8.842116666666668,490.5903169315643,6395.576181234214,133.01641845703125,2026_8,17.189877645854416
2026-08-21,2026,3,8,20,57.718066666666665,905.764,0,9.096066666666667,505.72298520581364,6397.326405275515,124.33641815185547,2026_8,17.24569991012426
2026-08-21,2026,3,8,20,57.86803333333334,918.163,0,9.302716666666667,517.9590881575384,6414.058230402699,221.4464111328125,2026_8,17.297674511676064
2026-08-21,2026,3,8,20,58.205349999999996,1022.885,0,10.381416666666667,581.1829641838344,6452.404658434062,303.2950744628906,2026_8,17.609180049726774
2026-08-22,2026,3,8,21,57.44181666666667,1049.926,0.6754617414248021,10.832099999999999,609.9660607495623,6368.0506792264,35.68459701538086,2026_8,18.562735942053067
2026-08-22,2026,3,8,21,57.682233333333336,1046.768,47.23004694835681,10.779466666666668,606.105718521191,6394.725737274251,24.53995704650879,2026_8,18.092023432972482
2026-08-22,2026,3,8,20,57.808033333333334,1059.355,0,10.98925,618.2013361668212,6409.0749832541915,65.53343200683594,2026_8,17.889521334790977
2026-08-23,2026,3,8,21,57.404799999999994,1119.513,32.43362831858407,11.325216666666666,639.6986849399982,6364.8365561586415,37.367637634277344,2026_8,18.50144015972318
2026-08-23,2026,3,8,21,57.18481666666666,1126.625,1.8281938325991187,11.44375,647.6974724176654,6340.606922771099,62.637638092041016,2026_8,18.801041479885374
2026-08-23,2026,3,8,21,56.955000000000005,1139.689,2.0707964601769913,11.661483333333335,661.8509787270469,6315.528711309126,33.26312255859375,2026_8,18.61019063382158
2026-08-23,2026,3,8,21,56.80231666666667,1149.798,6.913525498891352,11.829966666666667,672.7968466515474,6298.95316178592,36.4061393737793,2026_8,18.593171319410395
2026-08-23,2026,3,8,21,56.62886666666667,1149.949,2.080717488789238,11.832483333333334,673.7486075049729,6279.662140693231,34.36613845825195,2026_8,18.51069656427481
2026-08-24,2026,3,8,21,56.21484999999999,1057.854,30.54373522458629,10.964233333333334,621.8153589334214,6231.7279497317395,20.16118621826172,2026_8,18.49516426558213
2026-08-24,2026,3,8,21,56.44786666666667,1105.408,39.557739557739566,11.090133333333332,628.8344226388614,6257.886488521995,18.342756271362305,2026_8,18.34619890646928
2026-08-24,2026,3,8,21,56.352666666666664,1154.264,8.3536585365853675,11.904399999999999,679.4584502757599,6249.119330114641,30.70829963684082,2026_8,18.568521703824654
2026-08-24,2026,3,8,21,56.394683333333326,1215.542,2.636942675159236,12.259033333333331,701.1404730582823,6254.774714257457,34.694862365722656,2026_8,18.721058177427036
2026-08-25,2026,3,8,21,56.33916666666667,1236.308,0.7370786516853933,12.605133333333333,722.8145075108683,6249.666657078634,23.126773834228516,2026_8,19.094568335000925
2026-08-25,2026,3,8,21,56.54774999999999,1233.524,3.0926365795724466,12.55873333333333,718.7458660748658,6272.716320201616,25.18486213684082,2026_8,18.982838484755046
2026-08-25,2026,3,8,21,56.81523333333333,1212.725,0,12.212083333333332,696.0520733861886,6301.420017259166,40.15486145019531,2026_8,18.85522853889531
2026-08-25,2026,3,8,21,56.87361666666667,1217.507,27.245119305856832,12.291783333333335,700.6017849662261,6308.1457198265325,30.754863739013672,2026_8,19.000253126852247
2026-08-25,2026,3,8,21,57.01173333333333,1212.394,37.730192719486084,12.206566666666667,694.68943894618894,6323.263537805233,37.878231048583984,2026_8,18.954064437765624
2026-08-26,2026,3,8,21,57.18656666666667,1203.797,3.0688836104513064,12.063283333333334,685.1193697159398,6342.314577548419,41.398231506347656,2026_8,19.069257373075242
2026-08-26,2026,3,8,21,57.135616666666664,1150.942,0.3295194508009153,11.849033333333333,672.4134844350879,6336.08406913504,55.16312026977539,2026_8,18.745110477245525
2026-08-26,2026,3,8,21,57.30836666666667,1134.688,0.148619957537155,11.578133333333335,655.2966400908914,6354.653955670168,68.483123779296875,2026_8,18.6832886053492
2026-08-26,2026,3,8,20,57.64898333333334,1109.11,26.993318485523382,11.151833333333332,628.4225320401375,6391.669098916454,39.72343063354492,2026_8,18.233771790307
2026-08-27,2026,3,8,20,57.74081666666666,1007.281,0,10.12135,566.7585197773134,6400.407532041184,71.65608215332031,2026_8,17.617820047854263
2026-08-27,2026,3,8,20,57.80693333333333,1007.888,0,10.131466666666666,567.23780128112,6407.777636770984,60.26607894897461,2026_8,17.44567004703467
2026-08-27,2026,3,8,20,58.02706666666666,941.524,0,9.692066666666667,540.8762047340462,6431.933003444208,262.84906005859375,2026_8,17.45970061259591
2026-08-27,2026,3,8,20,58.05206666666666,952.764,0,9.8794,551.9042693019052,6434.844926400812,194.83905029296875,2026_8,17.508668143685146
2026-08-28,2026,3,8,20,57.76675,1115.822,0,11.263699999999998,634.6593872428505,6404.992815248805,50.47343063354492,2026_8,18.268332334934772
2026-08-28,2026,3,8,20,57.966233333333335,1041.363,0,10.689383333333334,599.9457695970519,6426.200072445618,166.2899627685547,2026_8,17.671346960945716
