RecordType,Survey,Quarter,Country,Ship,Gear,SweepLngt,GearEx,DoorType,StNo,HaulNo,Year,SpecCodeType,SpecCode,SpecVal,Sex,TotalNo,CatIdentifier,NoMeas,SubFactor,SubWgt,CatCatchWgt,LngtCode,LngtClass,HLNoAtLngt,DevStage,LenMeasType,DateofCalculation,Valid_Aphia
HL,NS-IBTS,1,DE,06W2,GOV,NA,NA,P,45,1,1993,T,170992,1,NA,4,1,2,1,NA,2,1,13,2,NA,NA,NA,127082
HL,NS-IBTS,1,DE,06W2,GOV,NA,NA,P,45,1,1993,T,170992,1,NA,4,1,2,1,NA,2,1,9,2,NA,NA,NA,127082
HL,NS-IBTS,1,DE,06W2,GOV,NA,NA,P,76,26,1993,T,170992,1,NA,4,1,2,1,NA,10,1,32,2,NA,NA,NA,127082
HL,NS-IBTS,1,DE,06W2,GOV,NA,NA,P,76,26,1993,T,170992,1,NA,4,1,2,1,NA,10,1,27,2,NA,NA,NA,127082
HL,NS-IBTS,1,DE,06W2,GOV,NA,NA,P,77,27,1993,T,170992,1,NA,2,1,1,1,NA,4,1,32,2,NA,NA,NA,127082
HL,NS-IBTS,1,NO,58M2,GOV,NA,NA,NA,60041,41,1993,T,170992,1,NA,2,1,1,1,NA,6,1,35,2,NA,NA,NA,127082
HL,NS-IBTS,1,SE,77AR,GOV,NA,NA,NA,NA,37,1993,T,170992,1,NA,6,1,3,1,NA,16,1,36,2,NA,NA,NA,127082
HL,NS-IBTS,1,SE,77AR,GOV,NA,NA,NA,NA,37,1993,T,170992,1,NA,6,1,3,1,NA,16,1,29,2,NA,NA,NA,127082
HL,NS-IBTS,1,SE,77AR,GOV,NA,NA,NA,NA,36,1993,T,170992,1,NA,4,1,2,1,NA,10,1,34,4,NA,NA,NA,127082
HL,NS-IBTS,1,SE,77AR,GOV,NA,NA,NA,NA,22,1993,T,170992,1,NA,2,1,1,1,NA,3,1,26,2,NA,NA,NA,127082
HL,NS-IBTS,1,SE,77AR,GOV,NA,NA,NA,NA,37,1993,T,170992,1,NA,6,1,3,1,NA,16,1,27,2,NA,NA,NA,127082
HL,NS-IBTS,3,FR,35TH,GOV,50,NA,P,T385,48,1993,T,170992,4,NA,2,1,NA,1,NA,2,NA,NA,-9,NA,NA,20170109,127082
HL,NS-IBTS,3,SE,77AR,GOV,NA,NA,NA,NA,223,1993,T,170992,1,NA,2,1,1,1,NA,1,1,21,2,NA,NA,20170109,127082
HL,NS-IBTS,3,SE,77AR,GOV,NA,NA,NA,NA,224,1993,T,170992,1,NA,14,1,7,1,NA,22,1,26,2,NA,NA,20170109,127082
HL,NS-IBTS,3,SE,77AR,GOV,NA,NA,NA,NA,224,1993,T,170992,1,NA,14,1,7,1,NA,22,1,27,6,NA,NA,20170109,127082
HL,NS-IBTS,3,SE,77AR,GOV,NA,NA,NA,NA,224,1993,T,170992,1,NA,14,1,7,1,NA,22,1,28,4,NA,NA,20170109,127082
HL,NS-IBTS,3,SE,77AR,GOV,NA,NA,NA,NA,224,1993,T,170992,1,NA,14,1,7,1,NA,22,1,30,2,NA,NA,20170109,127082
HL,NS-IBTS,3,SE,77AR,GOV,NA,NA,NA,NA,226,1993,T,170992,1,NA,2,1,1,1,NA,2,1,24,2,NA,NA,20170109,127082
HL,NS-IBTS,3,SE,77AR,GOV,NA,NA,NA,NA,207,1993,T,170992,1,NA,4,1,2,1,NA,6,1,25,2,NA,NA,20170109,127082
HL,NS-IBTS,3,SE,77AR,GOV,NA,NA,NA,NA,207,1993,T,170992,1,NA,4,1,2,1,NA,6,1,28,2,NA,NA,20170109,127082
HL,NS-IBTS,3,SE,77AR,GOV,NA,NA,NA,NA,227,1993,T,170992,1,NA,12,1,6,1,NA,20,1,26,2,NA,NA,20170109,127082
HL,NS-IBTS,3,SE,77AR,GOV,NA,NA,NA,NA,227,1993,T,170992,1,NA,12,1,6,1,NA,20,1,27,2,NA,NA,20170109,127082
HL,NS-IBTS,3,SE,77AR,GOV,NA,NA,NA,NA,227,1993,T,170992,1,NA,12,1,6,1,NA,20,1,28,4,NA,NA,20170109,127082
HL,NS-IBTS,3,SE,77AR,GOV,NA,NA,NA,NA,227,1993,T,170992,1,NA,12,1,6,1,NA,20,1,29,4,NA,NA,20170109,127082
HL,NS-IBTS,3,SE,77AR,GOV,NA,NA,NA,NA,206,1993,T,170992,1,NA,4,1,2,1,NA,4,1,26,2,NA,NA,20170109,127082
HL,NS-IBTS,3,SE,77AR,GOV,NA,NA,NA,NA,206,1993,T,170992,1,NA,4,1,2,1,NA,4,1,27,2,NA,NA,20170109,127082
HL,NS-IBTS,3,SE,77AR,GOV,NA,NA,NA,NA,228,1993,T,170992,1,NA,4,1,2,1,NA,4,1,23,2,NA,NA,20170109,127082
HL,NS-IBTS,3,SE,77AR,GOV,NA,NA,NA,NA,228,1993,T,170992,1,NA,4,1,2,1,NA,4,1,26,2,NA,NA,20170109,127082
HL,NS-IBTS,3,SE,77AR,GOV,NA,NA,NA,NA,215,1993,T,170992,1,NA,2,1,1,1,NA,1,1,22,2,NA,NA,20170109,127082
HL,NS-IBTS,3,SE,77AR,GOV,NA,NA,NA,NA,217,1993,T,170992,1,NA,4,1,2,1,NA,6,1,28,2,NA,NA,20170109,127082
HL,NS-IBTS,3,SE,77AR,GOV,NA,NA,NA,NA,217,1993,T,170992,1,NA,4,1,2,1,NA,6,1,29,2,NA,NA,20170109,127082
HL,NS-IBTS,3,SE,77AR,GOV,NA,NA,NA,NA,196,1993,T,170992,1,NA,2,1,1,1,NA,4,1,31,2,NA,NA,20170109,127082
HL,NS-IBTS,1,FR,35TH,GOV,50,NA,P,U038,36,1994,T,170992,1,NA,4,1,2,1,NA,800,1,29,2,NA,NA,NA,127082
HL,NS-IBTS,1,FR,35TH,GOV,50,NA,P,U038,36,1994,T,170992,1,NA,4,1,2,1,NA,800,1,39,2,NA,NA,NA,127082
HL,NS-IBTS,1,DE,06NI,GOV,NA,NA,P,76,8,1994,T,170992,1,NA,2,1,1,1,NA,5,1,33,2,NA,NA,NA,127082
HL,NS-IBTS,1,NO,58G3,GOV,NA,NA,NA,60011,11,1994,T,170992,1,NA,2,1,1,1,NA,0,1,11,2,NA,NA,NA,127082
HL,NS-IBTS,1,SE,77AR,GOV,NA,NA,NA,NA,44,1994,T,170992,1,NA,14,1,7,1,NA,21,1,23,2,NA,NA,NA,127082
HL,NS-IBTS,1,SE,77AR,GOV,NA,NA,NA,NA,44,1994,T,170992,1,NA,14,1,7,1,NA,21,1,27,6,NA,NA,NA,127082
HL,NS-IBTS,1,SE,77AR,GOV,NA,NA,NA,NA,44,1994,T,170992,1,NA,14,1,7,1,NA,21,1,32,2,NA,NA,NA,127082
HL,NS-IBTS,1,SE,77AR,GOV,NA,NA,NA,NA,44,1994,T,170992,1,NA,14,1,7,1,NA,21,1,28,2,NA,NA,NA,127082
HL,NS-IBTS,1,SE,77AR,GOV,NA,NA,NA,NA,6,1994,T,170992,1,NA,2,1,1,1,NA,3,1,30,2,NA,NA,NA,127082
HL,NS-IBTS,1,SE,77AR,GOV,NA,NA,NA,NA,44,1994,T,170992,1,NA,14,1,7,1,NA,21,1,26,2,NA,NA,NA,127082
HL,NS-IBTS,3,GB-SCT,749S,ABD,NA,NA,NA,267,5,1994,T,170992,1,NA,1,1,NA,1,NA,NA,1,29,1,NA,NA,NA,127082
HL,NS-IBTS,3,SE,77AR,GOV,NA,NA,NA,NA,177,1994,T,170992,1,NA,8,1,4,1,NA,13,1,23,2,NA,NA,NA,127082
HL,NS-IBTS,3,SE,77AR,GOV,NA,NA,NA,NA,200,1994,T,170992,1,NA,2,1,1,1,NA,5,1,32,2,NA,NA,NA,127082
HL,NS-IBTS,3,SE,77AR,GOV,NA,NA,NA,NA,198,1994,T,170992,1,NA,2,1,1,1,NA,2,1,23,2,NA,NA,NA,127082
HL,NS-IBTS,3,SE,77AR,GOV,NA,NA,NA,NA,201,1994,T,170992,1,NA,20,1,10,1,NA,27,1,24,2,NA,NA,NA,127082
HL,NS-IBTS,3,SE,77AR,GOV,NA,NA,NA,NA,201,1994,T,170992,1,NA,20,1,10,1,NA,27,1,28,2,NA,NA,NA,127082
HL,NS-IBTS,3,SE,77AR,GOV,NA,NA,NA,NA,201,1994,T,170992,1,NA,20,1,10,1,NA,27,1,32,2,NA,NA,NA,127082
HL,NS-IBTS,3,SE,77AR,GOV,NA,NA,NA,NA,177,1994,T,170992,1,NA,8,1,4,1,NA,13,1,32,2,NA,NA,NA,127082
HL,NS-IBTS,3,SE,77AR,GOV,NA,NA,NA,NA,188,1994,T,170992,1,NA,2,1,1,1,NA,1,1,18,2,NA,NA,NA,127082
HL,NS-IBTS,3,SE,77AR,GOV,NA,NA,NA,NA,202,1994,T,170992,1,NA,6,1,3,1,NA,9,1,29,2,NA,NA,NA,127082
HL,NS-IBTS,3,SE,77AR,GOV,NA,NA,NA,NA,179,1994,T,170992,1,NA,2,1,1,1,NA,2,1,23,2,NA,NA,NA,127082
HL,NS-IBTS,3,SE,77AR,GOV,NA,NA,NA,NA,178,1994,T,170992,1,NA,2,1,1,1,NA,6,1,34,2,NA,NA,NA,127082
HL,NS-IBTS,3,SE,77AR,GOV,NA,NA,NA,NA,201,1994,T,170992,1,NA,20,1,10,1,NA,27,1,25,2,NA,NA,NA,127082
HL,NS-IBTS,3,SE,77AR,GOV,NA,NA,NA,NA,201,1994,T,170992,1,NA,20,1,10,1,NA,27,1,29,2,NA,NA,NA,127082
HL,NS-IBTS,3,SE,77AR,GOV,NA,NA,NA,NA,210,1994,T,170992,1,NA,2,1,1,1,NA,1,1,22,2,NA,NA,NA,127082
HL,NS-IBTS,3,SE,77AR,GOV,NA,NA,NA,NA,211,1994,T,170992,1,NA,4,1,2,1,NA,6,1,27,2,NA,NA,NA,127082
HL,NS-IBTS,3,SE,77AR,GOV,NA,NA,NA,NA,209,1994,T,170992,1,NA,4,1,2,1,NA,4,1,29,2,NA,NA,NA,127082
HL,NS-IBTS,3,SE,77AR,GOV,NA,NA,NA,NA,177,1994,T,170992,1,NA,8,1,4,1,NA,13,1,30,4,NA,NA,NA,127082
HL,NS-IBTS,3,SE,77AR,GOV,NA,NA,NA,NA,201,1994,T,170992,1,NA,20,1,10,1,NA,27,1,26,4,NA,NA,NA,127082
HL,NS-IBTS,3,SE,77AR,GOV,NA,NA,NA,NA,201,1994,T,170992,1,NA,20,1,10,1,NA,27,1,30,2,NA,NA,NA,127082
HL,NS-IBTS,3,SE,77AR,GOV,NA,NA,NA,NA,201,1994,T,170992,1,NA,20,1,10,1,NA,27,1,18,2,NA,NA,NA,127082
HL,NS-IBTS,3,SE,77AR,GOV,NA,NA,NA,NA,192,1994,T,170992,1,NA,2,1,1,1,NA,3,1,28,2,NA,NA,NA,127082
HL,NS-IBTS,3,SE,77AR,GOV,NA,NA,NA,NA,202,1994,T,170992,1,NA,6,1,3,1,NA,9,1,30,2,NA,NA,NA,127082
HL,NS-IBTS,3,SE,77AR,GOV,NA,NA,NA,NA,202,1994,T,170992,1,NA,6,1,3,1,NA,9,1,26,2,NA,NA,NA,127082
HL,NS-IBTS,3,SE,77AR,GOV,NA,NA,NA,NA,194,1994,T,170992,1,NA,4,1,2,1,NA,5,1,29,2,NA,NA,NA,127082
HL,NS-IBTS,3,SE,77AR,GOV,NA,NA,NA,NA,196,1994,T,170992,1,NA,2,1,1,1,NA,1,1,19,2,NA,NA,NA,127082
HL,NS-IBTS,3,SE,77AR,GOV,NA,NA,NA,NA,194,1994,T,170992,1,NA,4,1,2,1,NA,5,1,22,2,NA,NA,NA,127082
HL,NS-IBTS,3,SE,77AR,GOV,NA,NA,NA,NA,211,1994,T,170992,1,NA,4,1,2,1,NA,6,1,32,2,NA,NA,NA,127082
HL,NS-IBTS,3,SE,77AR,GOV,NA,NA,NA,NA,201,1994,T,170992,1,NA,20,1,10,1,NA,27,1,23,2,NA,NA,NA,127082
HL,NS-IBTS,3,SE,77AR,GOV,NA,NA,NA,NA,209,1994,T,170992,1,NA,4,1,2,1,NA,4,1,21,2,NA,NA,NA,127082
HL,NS-IBTS,1,DE,06NI,GOV,NA,NA,P,48,8,1995,T,170992,1,NA,4,1,2,1,NA,10,1,29,2,NA,NA,20160603,127082
HL,NS-IBTS,1,DE,06NI,GOV,NA,NA,P,47,7,1995,T,170992,1,NA,2,1,1,1,NA,6,1,34,2,NA,NA,20160603,127082
HL,NS-IBTS,1,DE,06NI,GOV,NA,NA,P,48,8,1995,T,170992,1,NA,4,1,2,1,NA,10,1,34,2,NA,NA,20160603,127082
HL,NS-IBTS,1,DE,06NI,GOV,NA,NA,P,50,10,1995,T,170992,1,NA,2,1,1,1,NA,5,1,32,2,NA,NA,20160603,127082
HL,NS-IBTS,1,DK,26D4,GOV,200,NA,P,188,43,1995,T,170992,1,NA,2,1,1,1,NA,4,1,30,2,NA,NA,20160603,127082
HL,NS-IBTS,1,SE,77AR,GOV,NA,NA,NA,NA,30,1995,T,170992,1,NA,4,1,2,1,NA,6,1,19,2,NA,NA,20160603,127082
HL,NS-IBTS,1,SE,77AR,GOV,NA,NA,NA,NA,29,1995,T,170992,1,NA,4,1,2,1,NA,7,1,28,2,NA,NA,20160603,127082
HL,NS-IBTS,1,SE,77AR,GOV,NA,NA,NA,NA,29,1995,T,170992,1,NA,4,1,2,1,NA,7,1,32,2,NA,NA,20160603,127082
HL,NS-IBTS,1,SE,77AR,GOV,NA,NA,NA,NA,12,1995,T,170992,1,NA,2,1,1,1,NA,5,1,34,2,NA,NA,20160603,127082
HL,NS-IBTS,1,SE,77AR,GOV,NA,NA,NA,NA,17,1995,T,170992,1,NA,2,1,1,1,NA,3,1,28,2,NA,NA,20160603,127082
HL,NS-IBTS,1,SE,77AR,GOV,NA,NA,NA,NA,30,1995,T,170992,1,NA,4,1,2,1,NA,6,1,17,2,NA,NA,20160603,127082
HL,NS-IBTS,1,SE,77AR,GOV,NA,NA,NA,NA,6,1995,T,170992,1,NA,2,1,1,1,NA,4,1,29,2,NA,NA,20160603,127082
HL,NS-IBTS,1,SE,77AR,GOV,NA,NA,NA,NA,16,1995,T,170992,1,NA,2,1,1,1,NA,4,1,31,2,NA,NA,20160603,127082
HL,NS-IBTS,1,SE,77AR,GOV,NA,NA,NA,NA,46,1995,T,170992,1,NA,2,1,1,1,NA,2,1,25,2,NA,NA,20160603,127082
HL,NS-IBTS,3,SE,77AR,GOV,NA,NA,NA,NA,212,1995,T,170992,1,NA,42,1,21,1,NA,63,1,28,12,NA,NA,20170110,127082
HL,NS-IBTS,3,SE,77AR,GOV,NA,NA,NA,NA,212,1995,T,170992,1,NA,42,1,21,1,NA,63,1,27,14,NA,NA,20170110,127082
HL,NS-IBTS,3,SE,77AR,GOV,NA,NA,NA,NA,212,1995,T,170992,1,NA,42,1,21,1,NA,63,1,26,4,NA,NA,20170110,127082
HL,NS-IBTS,3,SE,77AR,GOV,NA,NA,NA,NA,212,1995,T,170992,1,NA,42,1,21,1,NA,63,1,22,2,NA,NA,20170110,127082
HL,NS-IBTS,3,SE,77AR,GOV,NA,NA,NA,NA,212,1995,T,170992,1,NA,42,1,21,1,NA,63,1,33,2,NA,NA,20170110,127082
HL,NS-IBTS,3,SE,77AR,GOV,NA,NA,NA,NA,212,1995,T,170992,1,NA,42,1,21,1,NA,63,1,29,4,NA,NA,20170110,127082
HL,NS-IBTS,3,SE,77AR,GOV,NA,NA,NA,NA,212,1995,T,170992,1,NA,42,1,21,1,NA,63,1,25,2,NA,NA,20170110,127082
HL,NS-IBTS,3,SE,77AR,GOV,NA,NA,NA,NA,212,1995,T,170992,1,NA,42,1,21,1,NA,63,1,21,2,NA,NA,20170110,127082
HL,NS-IBTS,3,SE,77AR,GOV,NA,NA,NA,NA,211,1995,T,170992,1,NA,2,1,1,1,NA,1,1,19,2,NA,NA,20170110,127082
HL,NS-IBTS,3,SE,77AR,GOV,NA,NA,NA,NA,219,1995,T,170992,1,NA,14,1,7,1,NA,17,1,21,2,NA,NA,20170110,127082
HL,NS-IBTS,3,SE,77AR,GOV,NA,NA,NA,NA,226,1995,T,170992,1,NA,2,1,1,1,NA,1,1,22,2,NA,NA,20170110,127082
HL,NS-IBTS,3,SE,77AR,GOV,NA,NA,NA,NA,219,1995,T,170992,1,NA,14,1,7,1,NA,17,1,28,4,NA,NA,20170110,127082
HL,NS-IBTS,3,SE,77AR,GOV,NA,NA,NA,NA,219,1995,T,170992,1,NA,14,1,7,1,NA,17,1,24,2,NA,NA,20170110,127082
HL,NS-IBTS,3,SE,77AR,GOV,NA,NA,NA,NA,221,1995,T,170992,1,NA,2,1,1,1,NA,2,1,25,2,NA,NA,20170110,127082
HL,NS-IBTS,3,SE,77AR,GOV,NA,NA,NA,NA,219,1995,T,170992,1,NA,14,1,7,1,NA,17,1,23,2,NA,NA,20170110,127082
HL,NS-IBTS,3,SE,77AR,GOV,NA,NA,NA,NA,219,1995,T,170992,1,NA,14,1,7,1,NA,17,1,22,2,NA,NA,20170110,127082
HL,NS-IBTS,3,SE,77AR,GOV,NA,NA,NA,NA,219,1995,T,170992,1,NA,14,1,7,1,NA,17,1,30,2,NA,NA,20170110,127082
HL,NS-IBTS,1,DK,26D4,GOV,60,NA,P,38,10,1996,T,170992,1,NA,2,1,NA,1,NA,0,1,12,3,NA,NA,20160601,127082
HL,NS-IBTS,1,DE,06NI,GOV,NA,NA,P,66,8,1996,T,170992,1,NA,2,1,1,1,NA,5,1,31,2,NA,NA,20160601,127082
HL,NS-IBTS,1,DE,06NI,GOV,NA,NA,P,65,7,1996,T,170992,1,NA,2,1,1,1,NA,19,1,40,2,NA,NA,20160601,127082
HL,NS-IBTS,1,SE,77AR,GOV,NA,NA,NA,NA,11,1996,T,170992,1,NA,2,1,1,1,NA,2,1,27,2,NA,NA,20160601,127082
HL,NS-IBTS,3,SE,77AR,GOV,NA,NA,NA,NA,133,1996,T,170992,1,NA,8,1,4,1,NA,13,1,33,2,NA,NA,20170110,127082
HL,NS-IBTS,3,SE,77AR,GOV,NA,NA,NA,NA,133,1996,T,170992,1,NA,8,1,4,1,NA,13,1,29,2,NA,NA,20170110,127082
HL,NS-IBTS,3,SE,77AR,GOV,NA,NA,NA,NA,147,1996,T,170992,1,NA,2,1,1,1,NA,2,1,24,2,NA,NA,20170110,127082
HL,NS-IBTS,3,SE,77AR,GOV,NA,NA,NA,NA,131,1996,T,170992,1,NA,14,1,7,1,NA,24,1,24,2,NA,NA,20170110,127082
HL,NS-IBTS,3,SE,77AR,GOV,NA,NA,NA,NA,131,1996,T,170992,1,NA,14,1,7,1,NA,24,1,28,4,NA,NA,20170110,127082
HL,NS-IBTS,3,SE,77AR,GOV,NA,NA,NA,NA,133,1996,T,170992,1,NA,8,1,4,1,NA,13,1,24,2,NA,NA,20170110,127082
HL,NS-IBTS,3,SE,77AR,GOV,NA,NA,NA,NA,131,1996,T,170992,1,NA,14,1,7,1,NA,24,1,27,4,NA,NA,20170110,127082
HL,NS-IBTS,3,SE,77AR,GOV,NA,NA,NA,NA,133,1996,T,170992,1,NA,8,1,4,1,NA,13,1,27,2,NA,NA,20170110,127082
HL,NS-IBTS,3,SE,77AR,GOV,NA,NA,NA,NA,148,1996,T,170992,1,NA,2,1,1,1,NA,3,1,26,2,NA,NA,20170110,127082
HL,NS-IBTS,3,SE,77AR,GOV,NA,NA,NA,NA,131,1996,T,170992,1,NA,14,1,7,1,NA,24,1,30,2,NA,NA,20170110,127082
HL,NS-IBTS,3,SE,77AR,GOV,NA,NA,NA,NA,131,1996,T,170992,1,NA,14,1,7,1,NA,24,1,26,2,NA,NA,20170110,127082
HL,NS-IBTS,3,SE,77AR,GOV,NA,NA,NA,NA,130,1996,T,170992,1,NA,2,1,1,1,NA,1,1,21,2,NA,NA,20170110,127082
HL,NS-IBTS,1,SE,77AR,GOV,NA,NA,NA,NA,134,1997,T,170992,1,NA,2,1,1,1,NA,1,1,22,2,NA,NA,20160603,127082
HL,NS-IBTS,1,SE,77AR,GOV,NA,NA,NA,NA,138,1997,T,170992,1,NA,2,1,1,1,NA,2,1,24,2,NA,NA,20160603,127082
HL,NS-IBTS,3,SE,77AR,GOV,NA,NA,NA,NA,578,1997,T,170992,1,NA,2,1,1,1,NA,1,1,16,2,NA,NA,NA,127082
HL,NS-IBTS,3,SE,77AR,GOV,NA,NA,NA,NA,570,1997,T,170992,1,NA,2,1,1,1,NA,1,1,20,2,NA,NA,NA,127082
HL,NS-IBTS,3,SE,77AR,GOV,NA,NA,NA,NA,581,1997,T,170992,1,NA,2,1,1,1,NA,3,1,28,2,NA,NA,NA,127082
HL,NS-IBTS,3,SE,77AR,GOV,NA,NA,NA,NA,582,1997,T,170992,1,NA,2,1,1,1,NA,2,1,25,2,NA,NA,NA,127082
HL,NS-IBTS,1,DK,26D4,GOV,60,NA,P,16,2,1998,T,170992,1,NA,1,1,NA,1,NA,4,1,31,1,NA,NA,20170110,127082
HL,NS-IBTS,1,NL,64T2,GOV,50,NA,P,36,36,1998,T,170992,1,NA,1048,1,131,1,NA,NA,1,13,8,NA,NA,20170110,127082
HL,NS-IBTS,1,NL,64T2,GOV,50,NA,P,36,36,1998,T,170992,1,NA,1048,1,131,1,NA,NA,1,15,8,NA,NA,20170110,127082
HL,NS-IBTS,1,NL,64T2,GOV,50,NA,P,36,36,1998,T,170992,1,NA,1048,1,131,1,NA,NA,1,16,16,NA,NA,20170110,127082
HL,NS-IBTS,1,NL,64T2,GOV,50,NA,P,36,36,1998,T,170992,1,NA,1048,1,131,1,NA,NA,1,17,32,NA,NA,20170110,127082
HL,NS-IBTS,1,NL,64T2,GOV,50,NA,P,36,36,1998,T,170992,1,NA,1048,1,131,1,NA,NA,1,18,40,NA,NA,20170110,127082
HL,NS-IBTS,1,NL,64T2,GOV,50,NA,P,36,36,1998,T,170992,1,NA,1048,1,131,1,NA,NA,1,19,80,NA,NA,20170110,127082
HL,NS-IBTS,1,NL,64T2,GOV,50,NA,P,36,36,1998,T,170992,1,NA,1048,1,131,1,NA,NA,1,20,152,NA,NA,20170110,127082
HL,NS-IBTS,1,NL,64T2,GOV,50,NA,P,36,36,1998,T,170992,1,NA,1048,1,131,1,NA,NA,1,21,136,NA,NA,20170110,127082
HL,NS-IBTS,1,NL,64T2,GOV,50,NA,P,36,36,1998,T,170992,1,NA,1048,1,131,1,NA,NA,1,22,64,NA,NA,20170110,127082
HL,NS-IBTS,1,NL,64T2,GOV,50,NA,P,36,36,1998,T,170992,1,NA,1048,1,131,1,NA,NA,1,23,88,NA,NA,20170110,127082
HL,NS-IBTS,1,NL,64T2,GOV,50,NA,P,36,36,1998,T,170992,1,NA,1048,1,131,1,NA,NA,1,24,88,NA,NA,20170110,127082
HL,NS-IBTS,1,NL,64T2,GOV,50,NA,P,36,36,1998,T,170992,1,NA,1048,1,131,1,NA,NA,1,25,96,NA,NA,20170110,127082
HL,NS-IBTS,1,NL,64T2,GOV,50,NA,P,36,36,1998,T,170992,1,NA,1048,1,131,1,NA,NA,1,26,40,NA,NA,20170110,127082
HL,NS-IBTS,1,NL,64T2,GOV,50,NA,P,36,36,1998,T,170992,1,NA,1048,1,131,1,NA,NA,1,27,24,NA,NA,20170110,127082
HL,NS-IBTS,1,NL,64T2,GOV,50,NA,P,36,36,1998,T,170992,1,NA,1048,1,131,1,NA,NA,1,28,16,NA,NA,20170110,127082
HL,NS-IBTS,1,NL,64T2,GOV,50,NA,P,36,36,1998,T,170992,1,NA,1048,1,131,1,NA,NA,1,29,32,NA,NA,20170110,127082
HL,NS-IBTS,1,NL,64T2,GOV,50,NA,P,36,36,1998,T,170992,1,NA,1048,1,131,1,NA,NA,1,30,8,NA,NA,20170110,127082
HL,NS-IBTS,1,NL,64T2,GOV,50,NA,P,36,36,1998,T,170992,1,NA,1048,1,131,1,NA,NA,1,31,32,NA,NA,20170110,127082
HL,NS-IBTS,1,NL,64T2,GOV,50,NA,P,36,36,1998,T,170992,1,NA,1048,1,131,1,NA,NA,1,32,48,NA,NA,20170110,127082
HL,NS-IBTS,1,NL,64T2,GOV,50,NA,P,36,36,1998,T,170992,1,NA,1048,1,131,1,NA,NA,1,33,16,NA,NA,20170110,127082
HL,NS-IBTS,1,NL,64T2,GOV,50,NA,P,36,36,1998,T,170992,1,NA,1048,1,131,1,NA,NA,1,34,8,NA,NA,20170110,127082
HL,NS-IBTS,1,NL,64T2,GOV,50,NA,P,36,36,1998,T,170992,1,NA,1048,1,131,1,NA,NA,1,35,8,NA,NA,20170110,127082
HL,NS-IBTS,1,NL,64T2,GOV,50,NA,P,36,36,1998,T,170992,1,NA,1048,1,131,1,NA,NA,1,36,8,NA,NA,20170110,127082
HL,NS-IBTS,1,SE,77AR,GOV,NA,NA,NA,NA,60,1998,T,170992,1,NA,2,1,1,1,NA,3,1,29,2,NA,NA,20170110,127082
HL,NS-IBTS,1,NO,58M2,GOV,NA,NA,NA,60032,32,1998,T,170992,1,NA,2,1,1,1,NA,2,1,24,2,NA,NA,20170110,127082
HL,NS-IBTS,1,SE,77AR,GOV,NA,NA,NA,NA,69,1998,T,170992,1,NA,4,1,2,1,NA,5,1,27,4,NA,NA,20170110,127082
HL,NS-IBTS,3,SE,77AR,GOV,NA,NA,NA,NA,493,1998,T,170992,1,NA,2,1,1,1,NA,3,1,28,2,NA,NA,20160603,127082
HL,NS-IBTS,3,SE,77AR,GOV,NA,NA,NA,NA,523,1998,T,170992,1,NA,18,1,9,1,NA,18,1,32,2,NA,NA,20160603,127082
HL,NS-IBTS,3,SE,77AR,GOV,NA,NA,NA,NA,523,1998,T,170992,1,NA,18,1,9,1,NA,18,1,24,4,NA,NA,20160603,127082
HL,NS-IBTS,3,SE,77AR,GOV,NA,NA,NA,NA,527,1998,T,170992,1,NA,20,1,10,1,NA,19,1,27,4,NA,NA,20160603,127082
HL,NS-IBTS,3,SE,77AR,GOV,NA,NA,NA,NA,524,1998,T,170992,1,NA,52,1,26,1,NA,53,1,20,12,NA,NA,20160603,127082
HL,NS-IBTS,3,SE,77AR,GOV,NA,NA,NA,NA,525,1998,T,170992,1,NA,16,1,8,1,NA,21,1,22,2,NA,NA,20160603,127082
HL,NS-IBTS,3,SE,77AR,GOV,NA,NA,NA,NA,526,1998,T,170992,1,NA,16,1,8,1,NA,17,1,27,4,NA,NA,20160603,127082
HL,NS-IBTS,3,SE,77AR,GOV,NA,NA,NA,NA,525,1998,T,170992,1,NA,16,1,8,1,NA,21,1,30,2,NA,NA,20160603,127082
HL,NS-IBTS,3,SE,77AR,GOV,NA,NA,NA,NA,524,1998,T,170992,1,NA,52,1,26,1,NA,53,1,28,2,NA,NA,20160603,127082
HL,NS-IBTS,3,SE,77AR,GOV,NA,NA,NA,NA,526,1998,T,170992,1,NA,16,1,8,1,NA,17,1,23,2,NA,NA,20160603,127082
HL,NS-IBTS,3,SE,77AR,GOV,NA,NA,NA,NA,525,1998,T,170992,1,NA,16,1,8,1,NA,21,1,26,4,NA,NA,20160603,127082
HL,NS-IBTS,3,SE,77AR,GOV,NA,NA,NA,NA,524,1998,T,170992,1,NA,52,1,26,1,NA,53,1,24,2,NA,NA,20160603,127082
HL,NS-IBTS,3,SE,77AR,GOV,NA,NA,NA,NA,523,1998,T,170992,1,NA,18,1,9,1,NA,18,1,23,2,NA,NA,20160603,127082
HL,NS-IBTS,3,SE,77AR,GOV,NA,NA,NA,NA,530,1998,T,170992,1,NA,2,1,1,1,NA,2,1,23,2,NA,NA,20160603,127082
HL,NS-IBTS,3,SE,77AR,GOV,NA,NA,NA,NA,523,1998,T,170992,1,NA,18,1,9,1,NA,18,1,19,2,NA,NA,20160603,127082
HL,NS-IBTS,3,SE,77AR,GOV,NA,NA,NA,NA,524,1998,T,170992,1,NA,52,1,26,1,NA,53,1,23,2,NA,NA,20160603,127082
HL,NS-IBTS,3,SE,77AR,GOV,NA,NA,NA,NA,527,1998,T,170992,1,NA,20,1,10,1,NA,19,1,26,2,NA,NA,20160603,127082
HL,NS-IBTS,3,SE,77AR,GOV,NA,NA,NA,NA,524,1998,T,170992,1,NA,52,1,26,1,NA,53,1,19,4,NA,NA,20160603,127082
HL,NS-IBTS,3,SE,77AR,GOV,NA,NA,NA,NA,527,1998,T,170992,1,NA,20,1,10,1,NA,19,1,22,4,NA,NA,20160603,127082
HL,NS-IBTS,3,SE,77AR,GOV,NA,NA,NA,NA,524,1998,T,170992,1,NA,52,1,26,1,NA,53,1,31,4,NA,NA,20160603,127082
HL,NS-IBTS,3,SE,77AR,GOV,NA,NA,NA,NA,526,1998,T,170992,1,NA,16,1,8,1,NA,17,1,26,6,NA,NA,20160603,127082
HL,NS-IBTS,3,SE,77AR,GOV,NA,NA,NA,NA,525,1998,T,170992,1,NA,16,1,8,1,NA,21,1,29,2,NA,NA,20160603,127082
HL,NS-IBTS,3,SE,77AR,GOV,NA,NA,NA,NA,524,1998,T,170992,1,NA,52,1,26,1,NA,53,1,27,6,NA,NA,20160603,127082
HL,NS-IBTS,3,SE,77AR,GOV,NA,NA,NA,NA,523,1998,T,170992,1,NA,18,1,9,1,NA,18,1,22,4,NA,NA,20160603,127082
HL,NS-IBTS,3,SE,77AR,GOV,NA,NA,NA,NA,523,1998,T,170992,1,NA,18,1,9,1,NA,18,1,18,2,NA,NA,20160603,127082
HL,NS-IBTS,3,SE,77AR,GOV,NA,NA,NA,NA,532,1998,T,170992,1,NA,2,1,1,1,NA,2,1,23,2,NA,NA,20160603,127082
HL,NS-IBTS,3,SE,77AR,GOV,NA,NA,NA,NA,527,1998,T,170992,1,NA,20,1,10,1,NA,19,1,17,2,NA,NA,20160603,127082
HL,NS-IBTS,3,SE,77AR,GOV,NA,NA,NA,NA,524,1998,T,170992,1,NA,52,1,26,1,NA,53,1,22,8,NA,NA,20160603,127082
HL,NS-IBTS,3,SE,77AR,GOV,NA,NA,NA,NA,527,1998,T,170992,1,NA,20,1,10,1,NA,19,1,21,2,NA,NA,20160603,127082
HL,NS-IBTS,3,SE,77AR,GOV,NA,NA,NA,NA,525,1998,T,170992,1,NA,16,1,8,1,NA,21,1,32,2,NA,NA,20160603,127082
HL,NS-IBTS,3,SE,77AR,GOV,NA,NA,NA,NA,525,1998,T,170992,1,NA,16,1,8,1,NA,21,1,28,2,NA,NA,20160603,127082
HL,NS-IBTS,3,SE,77AR,GOV,NA,NA,NA,NA,524,1998,T,170992,1,NA,52,1,26,1,NA,53,1,26,4,NA,NA,20160603,127082
HL,NS-IBTS,3,SE,77AR,GOV,NA,NA,NA,NA,527,1998,T,170992,1,NA,20,1,10,1,NA,19,1,16,2,NA,NA,20160603,127082
HL,NS-IBTS,3,SE,77AR,GOV,NA,NA,NA,NA,523,1998,T,170992,1,NA,18,1,9,1,NA,18,1,25,2,NA,NA,20160603,127082
HL,NS-IBTS,3,SE,77AR,GOV,NA,NA,NA,NA,524,1998,T,170992,1,NA,52,1,26,1,NA,53,1,21,4,NA,NA,20160603,127082
HL,NS-IBTS,3,SE,77AR,GOV,NA,NA,NA,NA,516,1998,T,170992,1,NA,2,1,1,1,NA,1,1,19,2,NA,NA,20160603,127082
HL,NS-IBTS,3,SE,77AR,GOV,NA,NA,NA,NA,525,1998,T,170992,1,NA,16,1,8,1,NA,21,1,19,2,NA,NA,20160603,127082
HL,NS-IBTS,3,SE,77AR,GOV,NA,NA,NA,NA,527,1998,T,170992,1,NA,20,1,10,1,NA,19,1,20,2,NA,NA,20160603,127082
HL,NS-IBTS,3,SE,77AR,GOV,NA,NA,NA,NA,524,1998,T,170992,1,NA,52,1,26,1,NA,53,1,29,4,NA,NA,20160603,127082
HL,NS-IBTS,3,SE,77AR,GOV,NA,NA,NA,NA,526,1998,T,170992,1,NA,16,1,8,1,NA,17,1,24,2,NA,NA,20160603,127082
HL,NS-IBTS,3,SE,77AR,GOV,NA,NA,NA,NA,527,1998,T,170992,1,NA,20,1,10,1,NA,19,1,32,2,NA,NA,20160603,127082
HL,NS-IBTS,3,SE,77AR,GOV,NA,NA,NA,NA,521,1998,T,170992,1,NA,2,1,1,1,NA,1,1,22,2,NA,NA,20160603,127082
HL,NS-IBTS,3,SE,77AR,GOV,NA,NA,NA,NA,526,1998,T,170992,1,NA,16,1,8,1,NA,17,1,20,2,NA,NA,20160603,127082
HL,NS-IBTS,3,SE,77AR,GOV,NA,NA,NA,NA,520,1998,T,170992,1,NA,2,1,1,1,NA,1,1,20,2,NA,NA,20160603,127082
HL,NS-IBTS,3,DK,26D4,GOV,60,NA,P,54,54,1999,T,170992,1,NA,2,1,1,1,NA,6,1,33,2,NA,NA,20171204,127082
HL,NS-IBTS,3,DK,26D4,GOV,60,NA,P,2,2,1999,T,170992,1,NA,2,1,1,1,NA,4,1,28,2,NA,NA,20171204,127082
HL,NS-IBTS,3,SE,77AR,GOV,60,NA,NA,509,68,2003,T,170992,1,NA,6,1,3,1,259,519,1,22,2,NA,NA,20161209,127082
HL,NS-IBTS,3,SE,77AR,GOV,60,NA,NA,509,68,2003,T,170992,1,NA,6,1,3,1,259,519,1,23,2,NA,NA,20161209,127082
HL,NS-IBTS,3,SE,77AR,GOV,60,NA,NA,509,68,2003,T,170992,1,NA,6,1,3,1,259,519,1,25,2,NA,NA,20161209,127082
HL,NS-IBTS,3,SE,77AR,GOV,60,NA,NA,534,86,2003,T,170992,1,NA,152,1,76,1,7699,15399,1,12,2,NA,NA,20161209,127082
HL,NS-IBTS,3,SE,77AR,GOV,60,NA,NA,534,86,2003,T,170992,1,NA,152,1,76,1,7699,15399,1,17,2,NA,NA,20161209,127082
HL,NS-IBTS,3,SE,77AR,GOV,60,NA,NA,534,86,2003,T,170992,1,NA,152,1,76,1,7699,15399,1,18,2,NA,NA,20161209,127082
HL,NS-IBTS,3,SE,77AR,GOV,60,NA,NA,534,86,2003,T,170992,1,NA,152,1,76,1,7699,15399,1,19,4,NA,NA,20161209,127082
HL,NS-IBTS,3,SE,77AR,GOV,60,NA,NA,534,86,2003,T,170992,1,NA,152,1,76,1,7699,15399,1,20,16,NA,NA,20161209,127082
HL,NS-IBTS,3,SE,77AR,GOV,60,NA,NA,534,86,2003,T,170992,1,NA,152,1,76,1,7699,15399,1,21,20,NA,NA,20161209,127082
HL,NS-IBTS,3,SE,77AR,GOV,60,NA,NA,534,86,2003,T,170992,1,NA,152,1,76,1,7699,15399,1,22,18,NA,NA,20161209,127082
HL,NS-IBTS,3,SE,77AR,GOV,60,NA,NA,534,86,2003,T,170992,1,NA,152,1,76,1,7699,15399,1,23,10,NA,NA,20161209,127082
HL,NS-IBTS,3,SE,77AR,GOV,60,NA,NA,534,86,2003,T,170992,1,NA,152,1,76,1,7699,15399,1,24,14,NA,NA,20161209,127082
HL,NS-IBTS,3,SE,77AR,GOV,60,NA,NA,534,86,2003,T,170992,1,NA,152,1,76,1,7699,15399,1,25,16,NA,NA,20161209,127082
HL,NS-IBTS,3,SE,77AR,GOV,60,NA,NA,534,86,2003,T,170992,1,NA,152,1,76,1,7699,15399,1,26,18,NA,NA,20161209,127082
HL,NS-IBTS,3,SE,77AR,GOV,60,NA,NA,534,86,2003,T,170992,1,NA,152,1,76,1,7699,15399,1,28,6,NA,NA,20161209,127082
HL,NS-IBTS,3,SE,77AR,GOV,60,NA,NA,534,86,2003,T,170992,1,NA,152,1,76,1,7699,15399,1,29,8,NA,NA,20161209,127082
HL,NS-IBTS,3,SE,77AR,GOV,60,NA,NA,534,86,2003,T,170992,1,NA,152,1,76,1,7699,15399,1,30,10,NA,NA,20161209,127082
HL,NS-IBTS,3,SE,77AR,GOV,60,NA,NA,534,86,2003,T,170992,1,NA,152,1,76,1,7699,15399,1,32,2,NA,NA,20161209,127082
HL,NS-IBTS,3,SE,77AR,GOV,60,NA,NA,534,86,2003,T,170992,1,NA,152,1,76,1,7699,15399,1,33,2,NA,NA,20161209,127082
HL,NS-IBTS,3,SE,77AR,GOV,60,NA,NA,534,86,2003,T,170992,1,NA,152,1,76,1,7699,15399,1,39,2,NA,NA,20161209,127082
HL,NS-IBTS,3,SE,77AR,GOV,60,NA,NA,510,69,2003,T,170992,1,NA,2,1,1,1,26,52,1,15,2,NA,NA,20161209,127082
HL,NS-IBTS,3,SE,77AR,GOV,60,NA,NA,518,74,2003,T,170992,1,NA,387,1,75,1,4860,25100,1,17,5,NA,NA,20161209,127082
HL,NS-IBTS,3,SE,77AR,GOV,60,NA,NA,518,74,2003,T,170992,1,NA,387,1,75,1,4860,25100,1,18,36,NA,NA,20161209,127082
HL,NS-IBTS,3,SE,77AR,GOV,60,NA,NA,518,74,2003,T,170992,1,NA,387,1,75,1,4860,25100,1,19,93,NA,NA,20161209,127082
HL,NS-IBTS,3,SE,77AR,GOV,60,NA,NA,518,74,2003,T,170992,1,NA,387,1,75,1,4860,25100,1,20,52,NA,NA,20161209,127082
HL,NS-IBTS,3,SE,77AR,GOV,60,NA,NA,518,74,2003,T,170992,1,NA,387,1,75,1,4860,25100,1,21,57,NA,NA,20161209,127082
HL,NS-IBTS,3,SE,77AR,GOV,60,NA,NA,518,74,2003,T,170992,1,NA,387,1,75,1,4860,25100,1,22,41,NA,NA,20161209,127082
HL,NS-IBTS,3,SE,77AR,GOV,60,NA,NA,518,74,2003,T,170992,1,NA,387,1,75,1,4860,25100,1,23,31,NA,NA,20161209,127082
HL,NS-IBTS,3,SE,77AR,GOV,60,NA,NA,518,74,2003,T,170992,1,NA,387,1,75,1,4860,25100,1,24,10,NA,NA,20161209,127082
HL,NS-IBTS,3,SE,77AR,GOV,60,NA,NA,518,74,2003,T,170992,1,NA,387,1,75,1,4860,25100,1,25,15,NA,NA,20161209,127082
HL,NS-IBTS,3,SE,77AR,GOV,60,NA,NA,518,74,2003,T,170992,1,NA,387,1,75,1,4860,25100,1,26,26,NA,NA,20161209,127082
HL,NS-IBTS,3,SE,77AR,GOV,60,NA,NA,518,74,2003,T,170992,1,NA,387,1,75,1,4860,25100,1,27,5,NA,NA,20161209,127082
HL,NS-IBTS,3,SE,77AR,GOV,60,NA,NA,518,74,2003,T,170992,1,NA,387,1,75,1,4860,25100,1,28,10,NA,NA,20161209,127082
HL,NS-IBTS,3,SE,77AR,GOV,60,NA,NA,518,74,2003,T,170992,1,NA,387,1,75,1,4860,25100,1,29,5,NA,NA,20161209,127082
HL,NS-IBTS,3,SE,77AR,GOV,60,NA,NA,521,76,2003,T,170992,1,NA,2,1,1,1,140,280,1,28,2,NA,NA,20161209,127082
HL,NS-IBTS,3,SE,77AR,GOV,60,NA,NA,537,88,2003,T,170992,1,NA,4,1,2,1,128,256,1,22,4,NA,NA,20161209,127082
HL,NS-IBTS,3,SE,77AR,GOV,60,NA,NA,506,65,2003,T,170992,1,NA,2,1,1,1,200,400,1,30,2,NA,NA,20161209,127082
HL,NS-IBTS,3,SE,77AR,GOV,60,NA,NA,542,92,2003,T,170992,1,NA,14,1,7,1,648,1256,1,18,2,NA,NA,20161209,127082
HL,NS-IBTS,3,SE,77AR,GOV,60,NA,NA,542,92,2003,T,170992,1,NA,14,1,7,1,648,1256,1,20,2,NA,NA,20161209,127082
HL,NS-IBTS,3,SE,77AR,GOV,60,NA,NA,542,92,2003,T,170992,1,NA,14,1,7,1,648,1256,1,23,2,NA,NA,20161209,127082
HL,NS-IBTS,3,SE,77AR,GOV,60,NA,NA,542,92,2003,T,170992,1,NA,14,1,7,1,648,1256,1,24,4,NA,NA,20161209,127082
HL,NS-IBTS,3,SE,77AR,GOV,60,NA,NA,542,92,2003,T,170992,1,NA,14,1,7,1,648,1256,1,25,2,NA,NA,20161209,127082
HL,NS-IBTS,3,SE,77AR,GOV,60,NA,NA,542,92,2003,T,170992,1,NA,14,1,7,1,648,1256,1,30,2,NA,NA,20161209,127082
HL,NS-IBTS,3,SE,77AR,GOV,60,NA,NA,522,77,2003,T,170992,1,NA,20,1,10,1,759,1519,1,17,2,NA,NA,20161209,127082
HL,NS-IBTS,3,SE,77AR,GOV,60,NA,NA,522,77,2003,T,170992,1,NA,20,1,10,1,759,1519,1,20,2,NA,NA,20161209,127082
HL,NS-IBTS,3,SE,77AR,GOV,60,NA,NA,522,77,2003,T,170992,1,NA,20,1,10,1,759,1519,1,21,8,NA,NA,20161209,127082
HL,NS-IBTS,3,SE,77AR,GOV,60,NA,NA,522,77,2003,T,170992,1,NA,20,1,10,1,759,1519,1,23,2,NA,NA,20161209,127082
HL,NS-IBTS,3,SE,77AR,GOV,60,NA,NA,522,77,2003,T,170992,1,NA,20,1,10,1,759,1519,1,24,4,NA,NA,20161209,127082
HL,NS-IBTS,3,SE,77AR,GOV,60,NA,NA,522,77,2003,T,170992,1,NA,20,1,10,1,759,1519,1,29,2,NA,NA,20161209,127082
HL,NS-IBTS,3,SE,77AR,GOV,60,NA,NA,527,80,2003,T,170992,1,NA,2,1,1,1,82,165,1,23,2,NA,NA,20161209,127082
HL,NS-IBTS,3,SE,77AR,GOV,60,NA,NA,539,90,2003,T,170992,1,NA,46,1,23,1,1559,3119,1,21,4,NA,NA,20161209,127082
HL,NS-IBTS,3,SE,77AR,GOV,60,NA,NA,539,90,2003,T,170992,1,NA,46,1,23,1,1559,3119,1,22,8,NA,NA,20161209,127082
HL,NS-IBTS,3,SE,77AR,GOV,60,NA,NA,539,90,2003,T,170992,1,NA,46,1,23,1,1559,3119,1,23,8,NA,NA,20161209,127082
HL,NS-IBTS,3,SE,77AR,GOV,60,NA,NA,539,90,2003,T,170992,1,NA,46,1,23,1,1559,3119,1,24,8,NA,NA,20161209,127082
HL,NS-IBTS,3,SE,77AR,GOV,60,NA,NA,539,90,2003,T,170992,1,NA,46,1,23,1,1559,3119,1,26,2,NA,NA,20161209,127082
HL,NS-IBTS,3,SE,77AR,GOV,60,NA,NA,525,78,2003,T,170992,1,NA,2,1,1,1,57,114,1,21,2,NA,NA,20161209,127082
HL,NS-IBTS,3,SE,77AR,GOV,60,NA,NA,519,75,2003,T,170992,1,NA,1458,1,131,1,8600,95739,1,17,45,NA,NA,20161209,127082
HL,NS-IBTS,3,SE,77AR,GOV,60,NA,NA,519,75,2003,T,170992,1,NA,1458,1,131,1,8600,95739,1,18,78,NA,NA,20161209,127082
HL,NS-IBTS,3,SE,77AR,GOV,60,NA,NA,519,75,2003,T,170992,1,NA,1458,1,131,1,8600,95739,1,19,212,NA,NA,20161209,127082
HL,NS-IBTS,3,SE,77AR,GOV,60,NA,NA,519,75,2003,T,170992,1,NA,1458,1,131,1,8600,95739,1,20,245,NA,NA,20161209,127082
HL,NS-IBTS,3,SE,77AR,GOV,60,NA,NA,519,75,2003,T,170992,1,NA,1458,1,131,1,8600,95739,1,21,356,NA,NA,20161209,127082
HL,NS-IBTS,3,SE,77AR,GOV,60,NA,NA,519,75,2003,T,170992,1,NA,1458,1,131,1,8600,95739,1,22,245,NA,NA,20161209,127082
HL,NS-IBTS,3,SE,77AR,GOV,60,NA,NA,519,75,2003,T,170992,1,NA,1458,1,131,1,8600,95739,1,23,122,NA,NA,20161209,127082
HL,NS-IBTS,3,SE,77AR,GOV,60,NA,NA,519,75,2003,T,170992,1,NA,1458,1,131,1,8600,95739,1,24,67,NA,NA,20161209,127082
HL,NS-IBTS,3,SE,77AR,GOV,60,NA,NA,519,75,2003,T,170992,1,NA,1458,1,131,1,8600,95739,1,25,22,NA,NA,20161209,127082
HL,NS-IBTS,3,SE,77AR,GOV,60,NA,NA,519,75,2003,T,170992,1,NA,1458,1,131,1,8600,95739,1,26,33,NA,NA,20161209,127082
HL,NS-IBTS,3,SE,77AR,GOV,60,NA,NA,519,75,2003,T,170992,1,NA,1458,1,131,1,8600,95739,1,27,33,NA,NA,20161209,127082
HL,NS-IBTS,3,SE,77AR,GOV,60,NA,NA,528,81,2003,T,170992,1,NA,2,1,1,1,119,239,1,26,2,NA,NA,20161209,127082
HL,NS-IBTS,3,SE,77AR,GOV,60,NA,NA,529,82,2003,T,170992,1,NA,4,1,2,1,159,319,1,22,2,NA,NA,20161209,127082
HL,NS-IBTS,3,SE,77AR,GOV,60,NA,NA,529,82,2003,T,170992,1,NA,4,1,2,1,159,319,1,23,2,NA,NA,20161209,127082
HL,NS-IBTS,3,SE,77AR,GOV,60,NA,NA,539,90,2003,T,170992,1,NA,46,1,23,1,1559,3119,1,17,2,NA,NA,20161209,127082
HL,NS-IBTS,3,SE,77AR,GOV,60,NA,NA,539,90,2003,T,170992,1,NA,46,1,23,1,1559,3119,1,18,6,NA,NA,20161209,127082
HL,NS-IBTS,3,SE,77AR,GOV,60,NA,NA,539,90,2003,T,170992,1,NA,46,1,23,1,1559,3119,1,19,4,NA,NA,20161209,127082
HL,NS-IBTS,3,SE,77AR,GOV,60,NA,NA,539,90,2003,T,170992,1,NA,46,1,23,1,1559,3119,1,20,4,NA,NA,20161209,127082
HL,NS-IBTS,3,SE,77AR,GOV,60,NA,NA,553,84,2004,T,170992,1,NA,8,1,4,1,330,660,1,24,2,NA,NA,20160603,127082
HL,NS-IBTS,3,SE,77AR,GOV,60,NA,NA,556,86,2004,T,170992,1,NA,47,1,21,1,2134,4744,1,23,7,NA,NA,20160603,127082
HL,NS-IBTS,3,SE,77AR,GOV,60,NA,NA,548,80,2004,T,170992,1,NA,202,1,101,1,7800,15600,1,18,2,NA,NA,20160603,127082
HL,NS-IBTS,3,SE,77AR,GOV,60,NA,NA,556,86,2004,T,170992,1,NA,47,1,21,1,2134,4744,1,25,4,NA,NA,20160603,127082
HL,NS-IBTS,3,SE,77AR,GOV,60,NA,NA,538,70,2004,T,170992,1,NA,94,1,47,1,5500,11000,1,28,4,NA,NA,20160603,127082
HL,NS-IBTS,3,SE,77AR,GOV,60,NA,NA,546,78,2004,T,170992,1,NA,122,1,61,1,4446,8892,1,21,22,NA,NA,20160603,127082
HL,NS-IBTS,3,SE,77AR,GOV,60,NA,NA,563,91,2004,T,170992,1,NA,112,1,56,1,4269,8539,1,17,2,NA,NA,20160603,127082
HL,NS-IBTS,3,SE,77AR,GOV,60,NA,NA,566,94,2004,T,170992,1,NA,38,1,19,1,1090,2180,1,26,2,NA,NA,20160603,127082
HL,NS-IBTS,3,SE,77AR,GOV,60,NA,NA,564,92,2004,T,170992,1,NA,14,1,7,1,509,1019,1,23,6,NA,NA,20160603,127082
HL,NS-IBTS,3,SE,77AR,GOV,60,NA,NA,563,91,2004,T,170992,1,NA,112,1,56,1,4269,8539,1,28,2,NA,NA,20160603,127082
HL,NS-IBTS,3,SE,77AR,GOV,60,NA,NA,538,70,2004,T,170992,1,NA,94,1,47,1,5500,11000,1,26,12,NA,NA,20160603,127082
HL,NS-IBTS,3,SE,77AR,GOV,60,NA,NA,566,94,2004,T,170992,1,NA,38,1,19,1,1090,2180,1,14,2,NA,NA,20160603,127082
HL,NS-IBTS,3,SE,77AR,GOV,60,NA,NA,546,78,2004,T,170992,1,NA,122,1,61,1,4446,8892,1,28,4,NA,NA,20160603,127082
HL,NS-IBTS,3,SE,77AR,GOV,60,NA,NA,556,86,2004,T,170992,1,NA,47,1,21,1,2134,4744,1,20,4,NA,NA,20160603,127082
HL,NS-IBTS,3,SE,77AR,GOV,60,NA,NA,549,81,2004,T,170992,1,NA,244,1,63,1,4599,17799,1,25,12,NA,NA,20160603,127082
HL,NS-IBTS,3,SE,77AR,GOV,60,NA,NA,565,93,2004,T,170992,1,NA,42,1,21,1,1820,3640,1,28,4,NA,NA,20160603,127082
HL,NS-IBTS,3,SE,77AR,GOV,60,NA,NA,548,80,2004,T,170992,1,NA,202,1,101,1,7800,15600,1,32,2,NA,NA,20160603,127082
HL,NS-IBTS,3,SE,77AR,GOV,60,NA,NA,547,79,2004,T,170992,1,NA,1060,1,97,1,7199,78680,1,20,98,NA,NA,20160603,127082
HL,NS-IBTS,3,SE,77AR,GOV,60,NA,NA,547,79,2004,T,170992,1,NA,1060,1,97,1,7199,78680,1,19,33,NA,NA,20160603,127082
HL,NS-IBTS,3,SE,77AR,GOV,60,NA,NA,538,70,2004,T,170992,1,NA,94,1,47,1,5500,11000,1,29,12,NA,NA,20160603,127082
HL,NS-IBTS,3,SE,77AR,GOV,60,NA,NA,547,79,2004,T,170992,1,NA,1060,1,97,1,7199,78680,1,18,33,NA,NA,20160603,127082
HL,NS-IBTS,3,SE,77AR,GOV,60,NA,NA,538,70,2004,T,170992,1,NA,94,1,47,1,5500,11000,1,23,6,NA,NA,20160603,127082
HL,NS-IBTS,3,SE,77AR,GOV,60,NA,NA,563,91,2004,T,170992,1,NA,112,1,56,1,4269,8539,1,25,10,NA,NA,20160603,127082
HL,NS-IBTS,3,SE,77AR,GOV,60,NA,NA,549,81,2004,T,170992,1,NA,244,1,63,1,4599,17799,1,20,39,NA,NA,20160603,127082
HL,NS-IBTS,3,SE,77AR,GOV,60,NA,NA,549,81,2004,T,170992,1,NA,244,1,63,1,4599,17799,1,24,31,NA,NA,20160603,127082
HL,NS-IBTS,3,SE,77AR,GOV,60,NA,NA,565,93,2004,T,170992,1,NA,42,1,21,1,1820,3640,1,23,6,NA,NA,20160603,127082
HL,NS-IBTS,3,SE,77AR,GOV,60,NA,NA,548,80,2004,T,170992,1,NA,202,1,101,1,7800,15600,1,23,40,NA,NA,20160603,127082
HL,NS-IBTS,3,SE,77AR,GOV,60,NA,NA,549,81,2004,T,170992,1,NA,244,1,63,1,4599,17799,1,26,15,NA,NA,20160603,127082
HL,NS-IBTS,3,SE,77AR,GOV,60,NA,NA,548,80,2004,T,170992,1,NA,202,1,101,1,7800,15600,1,19,18,NA,NA,20160603,127082
HL,NS-IBTS,3,SE,77AR,GOV,60,NA,NA,556,86,2004,T,170992,1,NA,47,1,21,1,2134,4744,1,16,2,NA,NA,20160603,127082
HL,NS-IBTS,3,SE,77AR,GOV,60,NA,NA,568,96,2004,T,170992,1,NA,4,1,2,1,180,360,1,26,2,NA,NA,20160603,127082
HL,NS-IBTS,3,SE,77AR,GOV,60,NA,NA,556,86,2004,T,170992,1,NA,47,1,21,1,2134,4744,1,28,4,NA,NA,20160603,127082
HL,NS-IBTS,3,SE,77AR,GOV,60,NA,NA,548,80,2004,T,170992,1,NA,202,1,101,1,7800,15600,1,31,2,NA,NA,20160603,127082
HL,NS-IBTS,3,SE,77AR,GOV,60,NA,NA,538,70,2004,T,170992,1,NA,94,1,47,1,5500,11000,1,31,4,NA,NA,20160603,127082
HL,NS-IBTS,3,SE,77AR,GOV,60,NA,NA,547,79,2004,T,170992,1,NA,1060,1,97,1,7199,78680,1,17,33,NA,NA,20160603,127082
HL,NS-IBTS,3,SE,77AR,GOV,60,NA,NA,556,86,2004,T,170992,1,NA,47,1,21,1,2134,4744,1,26,7,NA,NA,20160603,127082
HL,NS-IBTS,3,SE,77AR,GOV,60,NA,NA,538,70,2004,T,170992,1,NA,94,1,47,1,5500,11000,1,27,14,NA,NA,20160603,127082
HL,NS-IBTS,3,SE,77AR,GOV,60,NA,NA,538,70,2004,T,170992,1,NA,94,1,47,1,5500,11000,1,25,12,NA,NA,20160603,127082
HL,NS-IBTS,3,SE,77AR,GOV,60,NA,NA,549,81,2004,T,170992,1,NA,244,1,63,1,4599,17799,1,27,4,NA,NA,20160603,127082
HL,NS-IBTS,3,SE,77AR,GOV,60,NA,NA,556,86,2004,T,170992,1,NA,47,1,21,1,2134,4744,1,24,9,NA,NA,20160603,127082
HL,NS-IBTS,3,SE,77AR,GOV,60,NA,NA,538,70,2004,T,170992,1,NA,94,1,47,1,5500,11000,1,32,6,NA,NA,20160603,127082
HL,NS-IBTS,3,SE,77AR,GOV,60,NA,NA,548,80,2004,T,170992,1,NA,202,1,101,1,7800,15600,1,16,2,NA,NA,20160603,127082
HL,NS-IBTS,3,SE,77AR,GOV,60,NA,NA,547,79,2004,T,170992,1,NA,1060,1,97,1,7199,78680,1,16,11,NA,NA,20160603,127082
HL,NS-IBTS,3,SE,77AR,GOV,60,NA,NA,556,86,2004,T,170992,1,NA,47,1,21,1,2134,4744,1,27,4,NA,NA,20160603,127082
HL,NS-IBTS,3,SE,77AR,GOV,60,NA,NA,538,70,2004,T,170992,1,NA,94,1,47,1,5500,11000,1,30,2,NA,NA,20160603,127082
HL,NS-IBTS,3,SE,77AR,GOV,60,NA,NA,538,70,2004,T,170992,1,NA,94,1,47,1,5500,11000,1,21,4,NA,NA,20160603,127082
HL,NS-IBTS,3,SE,77AR,GOV,60,NA,NA,546,78,2004,T,170992,1,NA,122,1,61,1,4446,8892,1,23,10,NA,NA,20160603,127082
HL,NS-IBTS,3,SE,77AR,GOV,60,NA,NA,549,81,2004,T,170992,1,NA,244,1,63,1,4599,17799,1,18,8,NA,NA,20160603,127082
HL,NS-IBTS,3,SE,77AR,GOV,60,NA,NA,564,92,2004,T,170992,1,NA,14,1,7,1,509,1019,1,27,2,NA,NA,20160603,127082
HL,NS-IBTS,3,SE,77AR,GOV,60,NA,NA,567,95,2004,T,170992,1,NA,8,1,4,1,219,439,1,22,2,NA,NA,20160603,127082
HL,NS-IBTS,3,SE,77AR,GOV,60,NA,NA,547,79,2004,T,170992,1,NA,1060,1,97,1,7199,78680,1,26,44,NA,NA,20160603,127082
HL,NS-IBTS,3,SE,77AR,GOV,60,NA,NA,547,79,2004,T,170992,1,NA,1060,1,97,1,7199,78680,1,28,22,NA,NA,20160603,127082
HL,NS-IBTS,3,SE,77AR,GOV,60,NA,NA,547,79,2004,T,170992,1,NA,1060,1,97,1,7199,78680,1,22,197,NA,NA,20160603,127082
HL,NS-IBTS,3,SE,77AR,GOV,60,NA,NA,516,51,2004,T,170992,1,NA,2,1,1,1,109,219,1,26,2,NA,NA,20160603,127082
HL,NS-IBTS,3,SE,77AR,GOV,60,NA,NA,515,50,2004,T,170992,1,NA,4,1,2,1,140,270,1,21,2,NA,NA,20160603,127082
HL,NS-IBTS,3,SE,77AR,GOV,60,NA,NA,556,86,2004,T,170992,1,NA,47,1,21,1,2134,4744,1,22,4,NA,NA,20160603,127082
HL,NS-IBTS,3,SE,77AR,GOV,60,NA,NA,563,91,2004,T,170992,1,NA,112,1,56,1,4269,8539,1,26,2,NA,NA,20160603,127082
HL,NS-IBTS,3,SE,77AR,GOV,60,NA,NA,553,84,2004,T,170992,1,NA,8,1,4,1,330,660,1,22,4,NA,NA,20160603,127082
HL,NS-IBTS,3,SE,77AR,GOV,60,NA,NA,546,78,2004,T,170992,1,NA,122,1,61,1,4446,8892,1,22,22,NA,NA,20160603,127082
HL,NS-IBTS,3,SE,77AR,GOV,60,NA,NA,549,81,2004,T,170992,1,NA,244,1,63,1,4599,17799,1,21,31,NA,NA,20160603,127082
HL,NS-IBTS,3,SE,77AR,GOV,60,NA,NA,565,93,2004,T,170992,1,NA,42,1,21,1,1820,3640,1,24,4,NA,NA,20160603,127082
HL,NS-IBTS,3,SE,77AR,GOV,60,NA,NA,546,78,2004,T,170992,1,NA,122,1,61,1,4446,8892,1,24,18,NA,NA,20160603,127082
HL,NS-IBTS,3,SE,77AR,GOV,60,NA,NA,548,80,2004,T,170992,1,NA,202,1,101,1,7800,15600,1,24,20,NA,NA,20160603,127082
HL,NS-IBTS,3,SE,77AR,GOV,60,NA,NA,548,80,2004,T,170992,1,NA,202,1,101,1,7800,15600,1,28,2,NA,NA,20160603,127082
HL,NS-IBTS,3,SE,77AR,GOV,60,NA,NA,538,70,2004,T,170992,1,NA,94,1,47,1,5500,11000,1,14,2,NA,NA,20160603,127082
HL,NS-IBTS,3,SE,77AR,GOV,60,NA,NA,549,81,2004,T,170992,1,NA,244,1,63,1,4599,17799,1,23,54,NA,NA,20160603,127082
HL,NS-IBTS,3,SE,77AR,GOV,60,NA,NA,565,93,2004,T,170992,1,NA,42,1,21,1,1820,3640,1,26,2,NA,NA,20160603,127082
HL,NS-IBTS,3,SE,77AR,GOV,60,NA,NA,548,80,2004,T,170992,1,NA,202,1,101,1,7800,15600,1,26,10,NA,NA,20160603,127082
HL,NS-IBTS,3,SE,77AR,GOV,60,NA,NA,546,78,2004,T,170992,1,NA,122,1,61,1,4446,8892,1,26,8,NA,NA,20160603,127082
HL,NS-IBTS,3,SE,77AR,GOV,60,NA,NA,565,93,2004,T,170992,1,NA,42,1,21,1,1820,3640,1,20,4,NA,NA,20160603,127082
HL,NS-IBTS,3,SE,77AR,GOV,60,NA,NA,548,80,2004,T,170992,1,NA,202,1,101,1,7800,15600,1,20,18,NA,NA,20160603,127082
HL,NS-IBTS,3,SE,77AR,GOV,60,NA,NA,546,78,2004,T,170992,1,NA,122,1,61,1,4446,8892,1,20,12,NA,NA,20160603,127082
HL,NS-IBTS,3,SE,77AR,GOV,60,NA,NA,565,93,2004,T,170992,1,NA,42,1,21,1,1820,3640,1,22,12,NA,NA,20160603,127082
HL,NS-IBTS,3,SE,77AR,GOV,60,NA,NA,549,81,2004,T,170992,1,NA,244,1,63,1,4599,17799,1,19,19,NA,NA,20160603,127082
HL,NS-IBTS,3,SE,77AR,GOV,60,NA,NA,548,80,2004,T,170992,1,NA,202,1,101,1,7800,15600,1,22,30,NA,NA,20160603,127082
HL,NS-IBTS,3,SE,77AR,GOV,60,NA,NA,564,92,2004,T,170992,1,NA,14,1,7,1,509,1019,1,21,6,NA,NA,20160603,127082
HL,NS-IBTS,3,SE,77AR,GOV,60,NA,NA,566,94,2004,T,170992,1,NA,38,1,19,1,1090,2180,1,24,8,NA,NA,20160603,127082
HL,NS-IBTS,3,SE,77AR,GOV,60,NA,NA,566,94,2004,T,170992,1,NA,38,1,19,1,1090,2180,1,21,4,NA,NA,20160603,127082
HL,NS-IBTS,3,SE,77AR,GOV,60,NA,NA,567,95,2004,T,170992,1,NA,8,1,4,1,219,439,1,15,2,NA,NA,20160603,127082
HL,NS-IBTS,3,SE,77AR,GOV,60,NA,NA,566,94,2004,T,170992,1,NA,38,1,19,1,1090,2180,1,23,6,NA,NA,20160603,127082
HL,NS-IBTS,3,SE,77AR,GOV,60,NA,NA,547,79,2004,T,170992,1,NA,1060,1,97,1,7199,78680,1,27,33,NA,NA,20160603,127082
HL,NS-IBTS,3,SE,77AR,GOV,60,NA,NA,562,90,2004,T,170992,1,NA,4,1,2,1,54,109,1,15,2,NA,NA,20160603,127082
HL,NS-IBTS,3,SE,77AR,GOV,60,NA,NA,547,79,2004,T,170992,1,NA,1060,1,97,1,7199,78680,1,25,87,NA,NA,20160603,127082
HL,NS-IBTS,3,SE,77AR,GOV,60,NA,NA,553,84,2004,T,170992,1,NA,8,1,4,1,330,660,1,27,2,NA,NA,20160603,127082
HL,NS-IBTS,3,SE,77AR,GOV,60,NA,NA,546,78,2004,T,170992,1,NA,122,1,61,1,4446,8892,1,17,2,NA,NA,20160603,127082
HL,NS-IBTS,3,SE,77AR,GOV,60,NA,NA,563,91,2004,T,170992,1,NA,112,1,56,1,4269,8539,1,22,20,NA,NA,20160603,127082
HL,NS-IBTS,3,SE,77AR,GOV,60,NA,NA,563,91,2004,T,170992,1,NA,112,1,56,1,4269,8539,1,27,6,NA,NA,20160603,127082
HL,NS-IBTS,3,SE,77AR,GOV,60,NA,NA,567,95,2004,T,170992,1,NA,8,1,4,1,219,439,1,20,2,NA,NA,20160603,127082
HL,NS-IBTS,3,SE,77AR,GOV,60,NA,NA,563,91,2004,T,170992,1,NA,112,1,56,1,4269,8539,1,24,14,NA,NA,20160603,127082
HL,NS-IBTS,3,SE,77AR,GOV,60,NA,NA,563,91,2004,T,170992,1,NA,112,1,56,1,4269,8539,1,18,4,NA,NA,20160603,127082
HL,NS-IBTS,3,SE,77AR,GOV,60,NA,NA,563,91,2004,T,170992,1,NA,112,1,56,1,4269,8539,1,20,16,NA,NA,20160603,127082
HL,NS-IBTS,3,SE,77AR,GOV,60,NA,NA,567,95,2004,T,170992,1,NA,8,1,4,1,219,439,1,23,2,NA,NA,20160603,127082
HL,NS-IBTS,3,SE,77AR,GOV,60,NA,NA,562,90,2004,T,170992,1,NA,4,1,2,1,54,109,1,18,2,NA,NA,20160603,127082
HL,NS-IBTS,3,SE,77AR,GOV,60,NA,NA,558,88,2004,T,170992,1,NA,2,1,1,1,23,46,1,15,2,NA,NA,20160603,127082
HL,NS-IBTS,3,SE,77AR,GOV,60,NA,NA,563,91,2004,T,170992,1,NA,112,1,56,1,4269,8539,1,29,2,NA,NA,20160603,127082
HL,NS-IBTS,3,SE,77AR,GOV,60,NA,NA,546,78,2004,T,170992,1,NA,122,1,61,1,4446,8892,1,25,6,NA,NA,20160603,127082
HL,NS-IBTS,3,SE,77AR,GOV,60,NA,NA,547,79,2004,T,170992,1,NA,1060,1,97,1,7199,78680,1,24,87,NA,NA,20160603,127082
HL,NS-IBTS,3,SE,77AR,GOV,60,NA,NA,565,93,2004,T,170992,1,NA,42,1,21,1,1820,3640,1,25,6,NA,NA,20160603,127082
HL,NS-IBTS,3,SE,77AR,GOV,60,NA,NA,549,81,2004,T,170992,1,NA,244,1,63,1,4599,17799,1,22,31,NA,NA,20160603,127082
HL,NS-IBTS,3,SE,77AR,GOV,60,NA,NA,548,80,2004,T,170992,1,NA,202,1,101,1,7800,15600,1,25,16,NA,NA,20160603,127082
HL,NS-IBTS,3,SE,77AR,GOV,60,NA,NA,566,94,2004,T,170992,1,NA,38,1,19,1,1090,2180,1,16,4,NA,NA,20160603,127082
HL,NS-IBTS,3,SE,77AR,GOV,60,NA,NA,568,96,2004,T,170992,1,NA,4,1,2,1,180,360,1,22,2,NA,NA,20160603,127082
HL,NS-IBTS,3,SE,77AR,GOV,60,NA,NA,565,93,2004,T,170992,1,NA,42,1,21,1,1820,3640,1,27,2,NA,NA,20160603,127082
HL,NS-IBTS,3,SE,77AR,GOV,60,NA,NA,546,78,2004,T,170992,1,NA,122,1,61,1,4446,8892,1,27,4,NA,NA,20160603,127082
HL,NS-IBTS,3,SE,77AR,GOV,60,NA,NA,547,79,2004,T,170992,1,NA,1060,1,97,1,7199,78680,1,30,11,NA,NA,20160603,127082
HL,NS-IBTS,3,SE,77AR,GOV,60,NA,NA,563,91,2004,T,170992,1,NA,112,1,56,1,4269,8539,1,23,20,NA,NA,20160603,127082
HL,NS-IBTS,3,SE,77AR,GOV,60,NA,NA,548,80,2004,T,170992,1,NA,202,1,101,1,7800,15600,1,27,6,NA,NA,20160603,127082
HL,NS-IBTS,3,SE,77AR,GOV,60,NA,NA,548,80,2004,T,170992,1,NA,202,1,101,1,7800,15600,1,21,34,NA,NA,20160603,127082
HL,NS-IBTS,3,SE,77AR,GOV,60,NA,NA,565,93,2004,T,170992,1,NA,42,1,21,1,1820,3640,1,19,2,NA,NA,20160603,127082
HL,NS-IBTS,3,SE,77AR,GOV,60,NA,NA,563,91,2004,T,170992,1,NA,112,1,56,1,4269,8539,1,19,2,NA,NA,20160603,127082
HL,NS-IBTS,3,SE,77AR,GOV,60,NA,NA,547,79,2004,T,170992,1,NA,1060,1,97,1,7199,78680,1,21,219,NA,NA,20160603,127082
HL,NS-IBTS,3,SE,77AR,GOV,60,NA,NA,538,70,2004,T,170992,1,NA,94,1,47,1,5500,11000,1,24,6,NA,NA,20160603,127082
HL,NS-IBTS,3,SE,77AR,GOV,60,NA,NA,546,78,2004,T,170992,1,NA,122,1,61,1,4446,8892,1,19,14,NA,NA,20160603,127082
HL,NS-IBTS,3,SE,77AR,GOV,60,NA,NA,563,91,2004,T,170992,1,NA,112,1,56,1,4269,8539,1,21,12,NA,NA,20160603,127082
HL,NS-IBTS,3,SE,77AR,GOV,60,NA,NA,538,70,2004,T,170992,1,NA,94,1,47,1,5500,11000,1,37,2,NA,NA,20160603,127082
HL,NS-IBTS,3,SE,77AR,GOV,60,NA,NA,566,94,2004,T,170992,1,NA,38,1,19,1,1090,2180,1,22,4,NA,NA,20160603,127082
HL,NS-IBTS,3,SE,77AR,GOV,60,NA,NA,547,79,2004,T,170992,1,NA,1060,1,97,1,7199,78680,1,23,153,NA,NA,20160603,127082
HL,NS-IBTS,3,SE,77AR,GOV,60,NA,NA,566,94,2004,T,170992,1,NA,38,1,19,1,1090,2180,1,15,2,NA,NA,20160603,127082
HL,NS-IBTS,3,SE,77AR,GOV,60,NA,NA,566,94,2004,T,170992,1,NA,38,1,19,1,1090,2180,1,13,2,NA,NA,20160603,127082
HL,NS-IBTS,3,SE,77AR,GOV,60,NA,NA,515,50,2004,T,170992,1,NA,4,1,2,1,140,270,1,22,2,NA,NA,20160603,127082
HL,NS-IBTS,3,SE,77AR,GOV,60,NA,NA,566,94,2004,T,170992,1,NA,38,1,19,1,1090,2180,1,17,4,NA,NA,20160603,127082
HL,NS-IBTS,3,SE,77AR,GOV,60,NA,NA,538,70,2004,T,170992,1,NA,94,1,47,1,5500,11000,1,22,8,NA,NA,20160603,127082
HL,NS-IBTS,3,SE,77AR,GOV,60,NA,NA,452,22,2005,T,170992,1,NA,2311,1,137,1,NA,182199,1,25,152,NA,NA,20160603,127082
HL,NS-IBTS,3,SE,77AR,GOV,60,NA,NA,439,10,2005,T,170992,1,NA,18,1,9,1,NA,2259,1,25,4,NA,NA,20160603,127082
HL,NS-IBTS,3,SE,77AR,GOV,60,NA,NA,449,19,2005,T,170992,1,NA,264,1,39,1,NA,24860,1,21,20,NA,NA,20160603,127082
HL,NS-IBTS,3,SE,77AR,GOV,60,NA,NA,451,21,2005,T,170992,1,NA,176,1,88,1,NA,15600,1,18,8,NA,NA,20160603,127082
HL,NS-IBTS,3,SE,77AR,GOV,60,NA,NA,464,30,2005,T,170992,1,NA,12,1,6,1,NA,860,1,21,2,NA,NA,20160603,127082
HL,NS-IBTS,3,SE,77AR,GOV,60,NA,NA,454,24,2005,T,170992,1,NA,297,1,69,1,NA,25000,1,28,4,NA,NA,20160603,127082
HL,NS-IBTS,3,SE,77AR,GOV,60,NA,NA,433,4,2005,T,170992,1,NA,10,1,5,1,NA,1639,1,33,2,NA,NA,20160603,127082
HL,NS-IBTS,3,SE,77AR,GOV,60,NA,NA,454,24,2005,T,170992,1,NA,297,1,69,1,NA,25000,1,26,26,NA,NA,20160603,127082
HL,NS-IBTS,3,SE,77AR,GOV,60,NA,NA,433,4,2005,T,170992,1,NA,10,1,5,1,NA,1639,1,27,2,NA,NA,20160603,127082
HL,NS-IBTS,3,SE,77AR,GOV,60,NA,NA,454,24,2005,T,170992,1,NA,297,1,69,1,NA,25000,1,24,39,NA,NA,20160603,127082
HL,NS-IBTS,3,SE,77AR,GOV,60,NA,NA,433,4,2005,T,170992,1,NA,10,1,5,1,NA,1639,1,29,4,NA,NA,20160603,127082
HL,NS-IBTS,3,SE,77AR,GOV,60,NA,NA,449,19,2005,T,170992,1,NA,264,1,39,1,NA,24860,1,31,14,NA,NA,20160603,127082
HL,NS-IBTS,3,SE,77AR,GOV,60,NA,NA,467,33,2005,T,170992,1,NA,48,1,24,1,NA,3940,1,22,10,NA,NA,20160603,127082
HL,NS-IBTS,3,SE,77AR,GOV,60,NA,NA,470,36,2005,T,170992,1,NA,2,1,1,1,NA,100,1,20,2,NA,NA,20160603,127082
HL,NS-IBTS,3,SE,77AR,GOV,60,NA,NA,451,21,2005,T,170992,1,NA,176,1,88,1,NA,15600,1,28,2,NA,NA,20160603,127082
HL,NS-IBTS,3,SE,77AR,GOV,60,NA,NA,467,33,2005,T,170992,1,NA,48,1,24,1,NA,3940,1,18,2,NA,NA,20160603,127082
HL,NS-IBTS,3,SE,77AR,GOV,60,NA,NA,451,21,2005,T,170992,1,NA,176,1,88,1,NA,15600,1,26,16,NA,NA,20160603,127082
HL,NS-IBTS,3,SE,77AR,GOV,60,NA,NA,451,21,2005,T,170992,1,NA,176,1,88,1,NA,15600,1,22,14,NA,NA,20160603,127082
HL,NS-IBTS,3,SE,77AR,GOV,60,NA,NA,469,35,2005,T,170992,1,NA,8,1,4,1,NA,639,1,23,4,NA,NA,20160603,127082
HL,NS-IBTS,3,SE,77AR,GOV,60,NA,NA,449,19,2005,T,170992,1,NA,264,1,39,1,NA,24860,1,27,14,NA,NA,20160603,127082
HL,NS-IBTS,3,SE,77AR,GOV,60,NA,NA,449,19,2005,T,170992,1,NA,264,1,39,1,NA,24860,1,23,20,NA,NA,20160603,127082
HL,NS-IBTS,3,SE,77AR,GOV,60,NA,NA,451,21,2005,T,170992,1,NA,176,1,88,1,NA,15600,1,24,22,NA,NA,20160603,127082
HL,NS-IBTS,3,SE,77AR,GOV,60,NA,NA,451,21,2005,T,170992,1,NA,176,1,88,1,NA,15600,1,20,26,NA,NA,20160603,127082
HL,NS-IBTS,3,SE,77AR,GOV,60,NA,NA,449,19,2005,T,170992,1,NA,264,1,39,1,NA,24860,1,25,34,NA,NA,20160603,127082
HL,NS-IBTS,3,SE,77AR,GOV,60,NA,NA,464,30,2005,T,170992,1,NA,12,1,6,1,NA,860,1,23,6,NA,NA,20160603,127082
HL,NS-IBTS,3,SE,77AR,GOV,60,NA,NA,467,33,2005,T,170992,1,NA,48,1,24,1,NA,3940,1,28,2,NA,NA,20160603,127082
HL,NS-IBTS,3,SE,77AR,GOV,60,NA,NA,462,28,2005,T,170992,1,NA,42,1,21,1,NA,2960,1,22,6,NA,NA,20160603,127082
HL,NS-IBTS,3,SE,77AR,GOV,60,NA,NA,465,31,2005,T,170992,1,NA,20,1,10,1,NA,1299,1,19,2,NA,NA,20160603,127082
HL,NS-IBTS,3,SE,77AR,GOV,60,NA,NA,477,42,2005,T,170992,1,NA,2,1,1,1,NA,365,1,29,2,NA,NA,20160603,127082
HL,NS-IBTS,3,SE,77AR,GOV,60,NA,NA,461,27,2005,T,170992,1,NA,38,1,19,1,NA,2759,1,19,4,NA,NA,20160603,127082
HL,NS-IBTS,3,SE,77AR,GOV,60,NA,NA,466,32,2005,T,170992,1,NA,80,1,40,1,NA,7119,1,24,12,NA,NA,20160603,127082
HL,NS-IBTS,3,SE,77AR,GOV,60,NA,NA,447,17,2005,T,170992,1,NA,2,1,1,1,NA,200,1,25,2,NA,NA,20160603,127082
HL,NS-IBTS,3,SE,77AR,GOV,60,NA,NA,466,32,2005,T,170992,1,NA,80,1,40,1,NA,7119,1,26,14,NA,NA,20160603,127082
HL,NS-IBTS,3,SE,77AR,GOV,60,NA,NA,438,9,2005,T,170992,1,NA,18,1,9,1,NA,2640,1,18,2,NA,NA,20160603,127082
HL,NS-IBTS,3,SE,77AR,GOV,60,NA,NA,459,26,2005,T,170992,1,NA,8,1,4,1,NA,620,1,26,2,NA,NA,20160603,127082
HL,NS-IBTS,3,SE,77AR,GOV,60,NA,NA,452,22,2005,T,170992,1,NA,2311,1,137,1,NA,182199,1,22,253,NA,NA,20160603,127082
HL,NS-IBTS,3,SE,77AR,GOV,60,NA,NA,430,1,2005,T,170992,1,NA,4,1,2,1,NA,699,1,33,2,NA,NA,20160603,127082
HL,NS-IBTS,3,SE,77AR,GOV,60,NA,NA,459,26,2005,T,170992,1,NA,8,1,4,1,NA,620,1,24,2,NA,NA,20160603,127082
HL,NS-IBTS,3,SE,77AR,GOV,60,NA,NA,452,22,2005,T,170992,1,NA,2311,1,137,1,NA,182199,1,20,186,NA,NA,20160603,127082
HL,NS-IBTS,3,SE,77AR,GOV,60,NA,NA,452,22,2005,T,170992,1,NA,2311,1,137,1,NA,182199,1,16,118,NA,NA,20160603,127082
HL,NS-IBTS,3,SE,77AR,GOV,60,NA,NA,431,2,2005,T,170992,1,NA,2,1,1,1,NA,82,1,19,2,NA,NA,20160603,127082
HL,NS-IBTS,3,SE,77AR,GOV,60,NA,NA,465,31,2005,T,170992,1,NA,20,1,10,1,NA,1299,1,21,4,NA,NA,20160603,127082
HL,NS-IBTS,3,SE,77AR,GOV,60,NA,NA,461,27,2005,T,170992,1,NA,38,1,19,1,NA,2759,1,25,6,NA,NA,20160603,127082
HL,NS-IBTS,3,SE,77AR,GOV,60,NA,NA,454,24,2005,T,170992,1,NA,297,1,69,1,NA,25000,1,16,4,NA,NA,20160603,127082
HL,NS-IBTS,3,SE,77AR,GOV,60,NA,NA,439,10,2005,T,170992,1,NA,18,1,9,1,NA,2259,1,23,2,NA,NA,20160603,127082
HL,NS-IBTS,3,SE,77AR,GOV,60,NA,NA,458,25,2005,T,170992,1,NA,8,1,4,1,NA,699,1,23,2,NA,NA,20160603,127082
HL,NS-IBTS,3,SE,77AR,GOV,60,NA,NA,452,22,2005,T,170992,1,NA,2311,1,137,1,NA,182199,1,32,17,NA,NA,20160603,127082
HL,NS-IBTS,3,SE,77AR,GOV,60,NA,NA,452,22,2005,T,170992,1,NA,2311,1,137,1,NA,182199,1,28,34,NA,NA,20160603,127082
HL,NS-IBTS,3,SE,77AR,GOV,60,NA,NA,454,24,2005,T,170992,1,NA,297,1,69,1,NA,25000,1,19,22,NA,NA,20160603,127082
HL,NS-IBTS,3,SE,77AR,GOV,60,NA,NA,438,9,2005,T,170992,1,NA,18,1,9,1,NA,2640,1,30,2,NA,NA,20160603,127082
HL,NS-IBTS,3,SE,77AR,GOV,60,NA,NA,452,22,2005,T,170992,1,NA,2311,1,137,1,NA,182199,1,30,17,NA,NA,20160603,127082
HL,NS-IBTS,3,SE,77AR,GOV,60,NA,NA,452,22,2005,T,170992,1,NA,2311,1,137,1,NA,182199,1,26,51,NA,NA,20160603,127082
HL,NS-IBTS,3,SE,77AR,GOV,60,NA,NA,454,24,2005,T,170992,1,NA,297,1,69,1,NA,25000,1,17,4,NA,NA,20160603,127082
HL,NS-IBTS,3,SE,77AR,GOV,60,NA,NA,439,10,2005,T,170992,1,NA,18,1,9,1,NA,2259,1,22,2,NA,NA,20160603,127082
HL,NS-IBTS,3,SE,77AR,GOV,60,NA,NA,438,9,2005,T,170992,1,NA,18,1,9,1,NA,2640,1,24,2,NA,NA,20160603,127082
HL,NS-IBTS,3,SE,77AR,GOV,60,NA,NA,452,22,2005,T,170992,1,NA,2311,1,137,1,NA,182199,1,24,371,NA,NA,20160603,127082
HL,NS-IBTS,3,SE,77AR,GOV,60,NA,NA,438,9,2005,T,170992,1,NA,18,1,9,1,NA,2640,1,26,2,NA,NA,20160603,127082
HL,NS-IBTS,3,SE,77AR,GOV,60,NA,NA,454,24,2005,T,170992,1,NA,297,1,69,1,NA,25000,1,31,4,NA,NA,20160603,127082
HL,NS-IBTS,3,SE,77AR,GOV,60,NA,NA,449,19,2005,T,170992,1,NA,264,1,39,1,NA,24860,1,22,20,NA,NA,20160603,127082
HL,NS-IBTS,3,SE,77AR,GOV,60,NA,NA,451,21,2005,T,170992,1,NA,176,1,88,1,NA,15600,1,19,10,NA,NA,20160603,127082
HL,NS-IBTS,3,SE,77AR,GOV,60,NA,NA,449,19,2005,T,170992,1,NA,264,1,39,1,NA,24860,1,20,14,NA,NA,20160603,127082
HL,NS-IBTS,3,SE,77AR,GOV,60,NA,NA,449,19,2005,T,170992,1,NA,264,1,39,1,NA,24860,1,16,14,NA,NA,20160603,127082
HL,NS-IBTS,3,SE,77AR,GOV,60,NA,NA,454,24,2005,T,170992,1,NA,297,1,69,1,NA,25000,1,27,4,NA,NA,20160603,127082
HL,NS-IBTS,3,SE,77AR,GOV,60,NA,NA,433,4,2005,T,170992,1,NA,10,1,5,1,NA,1639,1,26,2,NA,NA,20160603,127082
HL,NS-IBTS,3,SE,77AR,GOV,60,NA,NA,439,10,2005,T,170992,1,NA,18,1,9,1,NA,2259,1,32,4,NA,NA,20160603,127082
HL,NS-IBTS,3,SE,77AR,GOV,60,NA,NA,449,19,2005,T,170992,1,NA,264,1,39,1,NA,24860,1,18,7,NA,NA,20160603,127082
HL,NS-IBTS,3,SE,77AR,GOV,60,NA,NA,454,24,2005,T,170992,1,NA,297,1,69,1,NA,25000,1,23,52,NA,NA,20160603,127082
HL,NS-IBTS,3,SE,77AR,GOV,60,NA,NA,458,25,2005,T,170992,1,NA,8,1,4,1,NA,699,1,25,2,NA,NA,20160603,127082
HL,NS-IBTS,3,SE,77AR,GOV,60,NA,NA,454,24,2005,T,170992,1,NA,297,1,69,1,NA,25000,1,25,39,NA,NA,20160603,127082
HL,NS-IBTS,3,SE,77AR,GOV,60,NA,NA,467,33,2005,T,170992,1,NA,48,1,24,1,NA,3940,1,21,8,NA,NA,20160603,127082
HL,NS-IBTS,3,SE,77AR,GOV,60,NA,NA,451,21,2005,T,170992,1,NA,176,1,88,1,NA,15600,1,27,16,NA,NA,20160603,127082
HL,NS-IBTS,3,SE,77AR,GOV,60,NA,NA,469,35,2005,T,170992,1,NA,8,1,4,1,NA,639,1,24,4,NA,NA,20160603,127082
HL,NS-IBTS,3,SE,77AR,GOV,60,NA,NA,449,19,2005,T,170992,1,NA,264,1,39,1,NA,24860,1,28,34,NA,NA,20160603,127082
HL,NS-IBTS,3,SE,77AR,GOV,60,NA,NA,451,21,2005,T,170992,1,NA,176,1,88,1,NA,15600,1,25,22,NA,NA,20160603,127082
HL,NS-IBTS,3,SE,77AR,GOV,60,NA,NA,449,19,2005,T,170992,1,NA,264,1,39,1,NA,24860,1,30,7,NA,NA,20160603,127082
HL,NS-IBTS,3,SE,77AR,GOV,60,NA,NA,449,19,2005,T,170992,1,NA,264,1,39,1,NA,24860,1,26,20,NA,NA,20160603,127082
HL,NS-IBTS,3,SE,77AR,GOV,60,NA,NA,464,30,2005,T,170992,1,NA,12,1,6,1,NA,860,1,24,2,NA,NA,20160603,127082
HL,NS-IBTS,3,SE,77AR,GOV,60,NA,NA,481,46,2005,T,170992,1,NA,2,1,1,1,NA,97,1,20,2,NA,NA,20160603,127082
HL,NS-IBTS,3,SE,77AR,GOV,60,NA,NA,467,33,2005,T,170992,1,NA,48,1,24,1,NA,3940,1,17,2,NA,NA,20160603,127082
HL,NS-IBTS,3,SE,77AR,GOV,60,NA,NA,451,21,2005,T,170992,1,NA,176,1,88,1,NA,15600,1,23,18,NA,NA,20160603,127082
HL,NS-IBTS,3,SE,77AR,GOV,60,NA,NA,464,30,2005,T,170992,1,NA,12,1,6,1,NA,860,1,22,2,NA,NA,20160603,127082
HL,NS-IBTS,3,SE,77AR,GOV,60,NA,NA,449,19,2005,T,170992,1,NA,264,1,39,1,NA,24860,1,24,47,NA,NA,20160603,127082
HL,NS-IBTS,3,SE,77AR,GOV,60,NA,NA,451,21,2005,T,170992,1,NA,176,1,88,1,NA,15600,1,21,16,NA,NA,20160603,127082
HL,NS-IBTS,3,SE,77AR,GOV,60,NA,NA,462,28,2005,T,170992,1,NA,42,1,21,1,NA,2960,1,25,4,NA,NA,20160603,127082
HL,NS-IBTS,3,SE,77AR,GOV,60,NA,NA,467,33,2005,T,170992,1,NA,48,1,24,1,NA,3940,1,29,2,NA,NA,20160603,127082
HL,NS-IBTS,3,SE,77AR,GOV,60,NA,NA,462,28,2005,T,170992,1,NA,42,1,21,1,NA,2960,1,23,8,NA,NA,20160603,127082
HL,NS-IBTS,3,SE,77AR,GOV,60,NA,NA,467,33,2005,T,170992,1,NA,48,1,24,1,NA,3940,1,27,2,NA,NA,20160603,127082
HL,NS-IBTS,3,SE,77AR,GOV,60,NA,NA,467,33,2005,T,170992,1,NA,48,1,24,1,NA,3940,1,23,6,NA,NA,20160603,127082
HL,NS-IBTS,3,SE,77AR,GOV,60,NA,NA,462,28,2005,T,170992,1,NA,42,1,21,1,NA,2960,1,21,4,NA,NA,20160603,127082
HL,NS-IBTS,3,SE,77AR,GOV,60,NA,NA,451,21,2005,T,170992,1,NA,176,1,88,1,NA,15600,1,29,4,NA,NA,20160603,127082
HL,NS-IBTS,3,SE,77AR,GOV,60,NA,NA,451,21,2005,T,170992,1,NA,176,1,88,1,NA,15600,1,31,2,NA,NA,20160603,127082
HL,NS-IBTS,3,SE,77AR,GOV,60,NA,NA,453,23,2005,T,170992,1,NA,44,1,22,1,NA,3059,1,19,2,NA,NA,20160603,127082
HL,NS-IBTS,3,SE,77AR,GOV,60,NA,NA,448,18,2005,T,170992,1,NA,6,1,3,1,NA,519,1,27,2,NA,NA,20160603,127082
HL,NS-IBTS,3,SE,77AR,GOV,60,NA,NA,453,23,2005,T,170992,1,NA,44,1,22,1,NA,3059,1,21,4,NA,NA,20160603,127082
HL,NS-IBTS,3,SE,77AR,GOV,60,NA,NA,448,18,2005,T,170992,1,NA,6,1,3,1,NA,519,1,25,2,NA,NA,20160603,127082
HL,NS-IBTS,3,SE,77AR,GOV,60,NA,NA,448,18,2005,T,170992,1,NA,6,1,3,1,NA,519,1,23,2,NA,NA,20160603,127082
HL,NS-IBTS,3,SE,77AR,GOV,60,NA,NA,462,28,2005,T,170992,1,NA,42,1,21,1,NA,2960,1,27,2,NA,NA,20160603,127082
HL,NS-IBTS,3,SE,77AR,GOV,60,NA,NA,466,32,2005,T,170992,1,NA,80,1,40,1,NA,7119,1,23,6,NA,NA,20160603,127082
HL,NS-IBTS,3,SE,77AR,GOV,60,NA,NA,453,23,2005,T,170992,1,NA,44,1,22,1,NA,3059,1,27,2,NA,NA,20160603,127082
HL,NS-IBTS,3,SE,77AR,GOV,60,NA,NA,466,32,2005,T,170992,1,NA,80,1,40,1,NA,7119,1,21,12,NA,NA,20160603,127082
HL,NS-IBTS,3,SE,77AR,GOV,60,NA,NA,453,23,2005,T,170992,1,NA,44,1,22,1,NA,3059,1,25,4,NA,NA,20160603,127082
HL,NS-IBTS,3,SE,77AR,GOV,60,NA,NA,461,27,2005,T,170992,1,NA,38,1,19,1,NA,2759,1,23,6,NA,NA,20160603,127082
HL,NS-IBTS,3,SE,77AR,GOV,60,NA,NA,452,22,2005,T,170992,1,NA,2311,1,137,1,NA,182199,1,18,152,NA,NA,20160603,127082
HL,NS-IBTS,3,SE,77AR,GOV,60,NA,NA,466,32,2005,T,170992,1,NA,80,1,40,1,NA,7119,1,19,4,NA,NA,20160603,127082
HL,NS-IBTS,3,SE,77AR,GOV,60,NA,NA,453,23,2005,T,170992,1,NA,44,1,22,1,NA,3059,1,23,6,NA,NA,20160603,127082
HL,NS-IBTS,3,SE,77AR,GOV,60,NA,NA,461,27,2005,T,170992,1,NA,38,1,19,1,NA,2759,1,22,6,NA,NA,20160603,127082
HL,NS-IBTS,3,SE,77AR,GOV,60,NA,NA,465,31,2005,T,170992,1,NA,20,1,10,1,NA,1299,1,16,2,NA,NA,20160603,127082
HL,NS-IBTS,3,SE,77AR,GOV,60,NA,NA,461,27,2005,T,170992,1,NA,38,1,19,1,NA,2759,1,20,2,NA,NA,20160603,127082
HL,NS-IBTS,3,SE,77AR,GOV,60,NA,NA,461,27,2005,T,170992,1,NA,38,1,19,1,NA,2759,1,16,4,NA,NA,20160603,127082
HL,NS-IBTS,3,SE,77AR,GOV,60,NA,NA,466,32,2005,T,170992,1,NA,80,1,40,1,NA,7119,1,27,6,NA,NA,20160603,127082
HL,NS-IBTS,3,SE,77AR,GOV,60,NA,NA,461,27,2005,T,170992,1,NA,38,1,19,1,NA,2759,1,18,2,NA,NA,20160603,127082
HL,NS-IBTS,3,SE,77AR,GOV,60,NA,NA,466,32,2005,T,170992,1,NA,80,1,40,1,NA,7119,1,25,6,NA,NA,20160603,127082
HL,NS-IBTS,3,SE,77AR,GOV,60,NA,NA,452,22,2005,T,170992,1,NA,2311,1,137,1,NA,182199,1,21,321,NA,NA,20160603,127082
HL,NS-IBTS,3,SE,77AR,GOV,60,NA,NA,465,31,2005,T,170992,1,NA,20,1,10,1,NA,1299,1,28,2,NA,NA,20160603,127082
HL,NS-IBTS,3,SE,77AR,GOV,60,NA,NA,452,22,2005,T,170992,1,NA,2311,1,137,1,NA,182199,1,23,202,NA,NA,20160603,127082
HL,NS-IBTS,3,SE,77AR,GOV,60,NA,NA,459,26,2005,T,170992,1,NA,8,1,4,1,NA,620,1,23,2,NA,NA,20160603,127082
HL,NS-IBTS,3,SE,77AR,GOV,60,NA,NA,452,22,2005,T,170992,1,NA,2311,1,137,1,NA,182199,1,19,118,NA,NA,20160603,127082
HL,NS-IBTS,3,SE,77AR,GOV,60,NA,NA,465,31,2005,T,170992,1,NA,20,1,10,1,NA,1299,1,22,6,NA,NA,20160603,127082
HL,NS-IBTS,3,SE,77AR,GOV,60,NA,NA,461,27,2005,T,170992,1,NA,38,1,19,1,NA,2759,1,26,4,NA,NA,20160603,127082
HL,NS-IBTS,3,SE,77AR,GOV,60,NA,NA,452,22,2005,T,170992,1,NA,2311,1,137,1,NA,182199,1,17,84,NA,NA,20160603,127082
HL,NS-IBTS,3,SE,77AR,GOV,60,NA,NA,430,1,2005,T,170992,1,NA,4,1,2,1,NA,699,1,28,2,NA,NA,20160603,127082
HL,NS-IBTS,3,SE,77AR,GOV,60,NA,NA,465,31,2005,T,170992,1,NA,20,1,10,1,NA,1299,1,20,4,NA,NA,20160603,127082
HL,NS-IBTS,3,SE,77AR,GOV,60,NA,NA,461,27,2005,T,170992,1,NA,38,1,19,1,NA,2759,1,24,2,NA,NA,20160603,127082
HL,NS-IBTS,3,SE,77AR,GOV,60,NA,NA,452,22,2005,T,170992,1,NA,2311,1,137,1,NA,182199,1,15,51,NA,NA,20160603,127082
HL,NS-IBTS,3,SE,77AR,GOV,60,NA,NA,452,22,2005,T,170992,1,NA,2311,1,137,1,NA,182199,1,31,34,NA,NA,20160603,127082
HL,NS-IBTS,3,SE,77AR,GOV,60,NA,NA,458,25,2005,T,170992,1,NA,8,1,4,1,NA,699,1,22,2,NA,NA,20160603,127082
HL,NS-IBTS,3,SE,77AR,GOV,60,NA,NA,439,10,2005,T,170992,1,NA,18,1,9,1,NA,2259,1,27,2,NA,NA,20160603,127082
HL,NS-IBTS,3,SE,77AR,GOV,60,NA,NA,454,24,2005,T,170992,1,NA,297,1,69,1,NA,25000,1,22,30,NA,NA,20160603,127082
HL,NS-IBTS,3,SE,77AR,GOV,60,NA,NA,438,9,2005,T,170992,1,NA,18,1,9,1,NA,2640,1,29,4,NA,NA,20160603,127082
HL,NS-IBTS,3,SE,77AR,GOV,60,NA,NA,452,22,2005,T,170992,1,NA,2311,1,137,1,NA,182199,1,29,34,NA,NA,20160603,127082
HL,NS-IBTS,3,SE,77AR,GOV,60,NA,NA,458,25,2005,T,170992,1,NA,8,1,4,1,NA,699,1,20,2,NA,NA,20160603,127082
HL,NS-IBTS,3,SE,77AR,GOV,60,NA,NA,438,9,2005,T,170992,1,NA,18,1,9,1,NA,2640,1,31,6,NA,NA,20160603,127082
HL,NS-IBTS,3,SE,77AR,GOV,60,NA,NA,454,24,2005,T,170992,1,NA,297,1,69,1,NA,25000,1,20,26,NA,NA,20160603,127082
HL,NS-IBTS,3,SE,77AR,GOV,60,NA,NA,452,22,2005,T,170992,1,NA,2311,1,137,1,NA,182199,1,27,118,NA,NA,20160603,127082
HL,NS-IBTS,3,SE,77AR,GOV,60,NA,NA,467,33,2005,T,170992,1,NA,48,1,24,1,NA,3940,1,26,2,NA,NA,20160603,127082
HL,NS-IBTS,3,SE,77AR,GOV,60,NA,NA,462,28,2005,T,170992,1,NA,42,1,21,1,NA,2960,1,20,10,NA,NA,20160603,127082
HL,NS-IBTS,3,SE,77AR,GOV,60,NA,NA,467,33,2005,T,170992,1,NA,48,1,24,1,NA,3940,1,24,12,NA,NA,20160603,127082
HL,NS-IBTS,3,SE,77AR,GOV,60,NA,NA,462,28,2005,T,170992,1,NA,42,1,21,1,NA,2960,1,18,4,NA,NA,20160603,127082
HL,NS-IBTS,3,SE,77AR,GOV,60,NA,NA,453,23,2005,T,170992,1,NA,44,1,22,1,NA,3059,1,18,6,NA,NA,20160603,127082
HL,NS-IBTS,3,SE,77AR,GOV,60,NA,NA,453,23,2005,T,170992,1,NA,44,1,22,1,NA,3059,1,16,4,NA,NA,20160603,127082
HL,NS-IBTS,3,SE,77AR,GOV,60,NA,NA,462,28,2005,T,170992,1,NA,42,1,21,1,NA,2960,1,26,4,NA,NA,20160603,127082
HL,NS-IBTS,3,SE,77AR,GOV,60,NA,NA,466,32,2005,T,170992,1,NA,80,1,40,1,NA,7119,1,22,12,NA,NA,20160603,127082
HL,NS-IBTS,3,SE,77AR,GOV,60,NA,NA,453,23,2005,T,170992,1,NA,44,1,22,1,NA,3059,1,26,2,NA,NA,20160603,127082
HL,NS-IBTS,3,SE,77AR,GOV,60,NA,NA,466,32,2005,T,170992,1,NA,80,1,40,1,NA,7119,1,20,2,NA,NA,20160603,127082
HL,NS-IBTS,3,SE,77AR,GOV,60,NA,NA,453,23,2005,T,170992,1,NA,44,1,22,1,NA,3059,1,24,8,NA,NA,20160603,127082
HL,NS-IBTS,3,SE,77AR,GOV,60,NA,NA,466,32,2005,T,170992,1,NA,80,1,40,1,NA,7119,1,18,4,NA,NA,20160603,127082
HL,NS-IBTS,3,SE,77AR,GOV,60,NA,NA,453,23,2005,T,170992,1,NA,44,1,22,1,NA,3059,1,22,6,NA,NA,20160603,127082
HL,NS-IBTS,3,SE,77AR,GOV,60,NA,NA,466,32,2005,T,170992,1,NA,80,1,40,1,NA,7119,1,16,2,NA,NA,20160603,127082
HL,NS-IBTS,3,SE,77AR,GOV,60,NA,NA,459,26,2005,T,170992,1,NA,8,1,4,1,NA,620,1,16,2,NA,NA,20160603,127082
HL,NS-IBTS,3,SE,77AR,GOV,60,NA,NA,461,27,2005,T,170992,1,NA,38,1,19,1,NA,2759,1,21,2,NA,NA,20160603,127082
HL,NS-IBTS,3,SE,77AR,GOV,60,NA,NA,439,10,2005,T,170992,1,NA,18,1,9,1,NA,2259,1,26,4,NA,NA,20160603,127082
HL,NS-IBTS,3,SE,77AR,GOV,60,NA,NA,454,24,2005,T,170992,1,NA,297,1,69,1,NA,25000,1,21,43,NA,NA,20160603,127082
HL,NS-IBTS,3,SE,77AR,GOV,60,NA,NA,442,9,2007,T,170992,1,NA,84,1,42,1,NA,15000,1,29,2,NA,NA,20150427,127082
HL,NS-IBTS,3,SE,77AR,GOV,60,NA,NA,472,35,2007,T,170992,1,NA,381,1,108,1,NA,40599,1,35,7,NA,NA,20150427,127082
HL,NS-IBTS,3,SE,77AR,GOV,60,NA,NA,442,9,2007,T,170992,1,NA,84,1,42,1,NA,15000,1,33,4,NA,NA,20150427,127082
HL,NS-IBTS,3,SE,77AR,GOV,60,NA,NA,444,11,2007,T,170992,1,NA,8,1,4,1,NA,1559,1,36,2,NA,NA,20150427,127082
HL,NS-IBTS,3,SE,77AR,GOV,60,NA,NA,462,27,2007,T,170992,1,NA,236,1,118,1,NA,16600,1,17,8,NA,NA,20150427,127082
HL,NS-IBTS,3,SE,77AR,GOV,60,NA,NA,453,19,2007,T,170992,1,NA,110,1,55,1,NA,17399,1,27,6,NA,NA,20150427,127082
HL,NS-IBTS,3,SE,77AR,GOV,60,NA,NA,443,10,2007,T,170992,1,NA,56,1,28,1,NA,11000,1,27,6,NA,NA,20150427,127082
HL,NS-IBTS,3,SE,77AR,GOV,60,NA,NA,462,27,2007,T,170992,1,NA,236,1,118,1,NA,16600,1,21,24,NA,NA,20150427,127082
HL,NS-IBTS,3,SE,77AR,GOV,60,NA,NA,460,25,2007,T,170992,1,NA,516,1,127,1,NA,40599,1,19,24,NA,NA,20150427,127082
HL,NS-IBTS,3,SE,77AR,GOV,60,NA,NA,453,19,2007,T,170992,1,NA,110,1,55,1,NA,17399,1,31,14,NA,NA,20150427,127082
HL,NS-IBTS,3,SE,77AR,GOV,60,NA,NA,463,28,2007,T,170992,1,NA,654,1,113,1,NA,48599,1,19,52,NA,NA,20150427,127082
HL,NS-IBTS,3,SE,77AR,GOV,60,NA,NA,443,10,2007,T,170992,1,NA,56,1,28,1,NA,11000,1,31,8,NA,NA,20150427,127082
HL,NS-IBTS,3,SE,77AR,GOV,60,NA,NA,463,28,2007,T,170992,1,NA,654,1,113,1,NA,48599,1,27,29,NA,NA,20150427,127082
HL,NS-IBTS,3,SE,77AR,GOV,60,NA,NA,443,10,2007,T,170992,1,NA,56,1,28,1,NA,11000,1,35,2,NA,NA,20150427,127082
HL,NS-IBTS,3,SE,77AR,GOV,60,NA,NA,462,27,2007,T,170992,1,NA,236,1,118,1,NA,16600,1,25,16,NA,NA,20150427,127082
HL,NS-IBTS,3,SE,77AR,GOV,60,NA,NA,453,19,2007,T,170992,1,NA,110,1,55,1,NA,17399,1,35,4,NA,NA,20150427,127082
HL,NS-IBTS,3,SE,77AR,GOV,60,NA,NA,460,25,2007,T,170992,1,NA,516,1,127,1,NA,40599,1,23,77,NA,NA,20150427,127082
HL,NS-IBTS,3,SE,77AR,GOV,60,NA,NA,463,28,2007,T,170992,1,NA,654,1,113,1,NA,48599,1,23,64,NA,NA,20150427,127082
HL,NS-IBTS,3,SE,77AR,GOV,60,NA,NA,463,28,2007,T,170992,1,NA,654,1,113,1,NA,48599,1,31,6,NA,NA,20150427,127082
HL,NS-IBTS,3,SE,77AR,GOV,60,NA,NA,462,27,2007,T,170992,1,NA,236,1,118,1,NA,16600,1,29,2,NA,NA,20150427,127082
HL,NS-IBTS,3,SE,77AR,GOV,60,NA,NA,461,26,2007,T,170992,1,NA,2913,1,115,1,NA,255839,1,19,304,NA,NA,20150427,127082
HL,NS-IBTS,3,SE,77AR,GOV,60,NA,NA,460,25,2007,T,170992,1,NA,516,1,127,1,NA,40599,1,27,12,NA,NA,20150427,127082
HL,NS-IBTS,3,SE,77AR,GOV,60,NA,NA,471,34,2007,T,170992,1,NA,104,1,52,1,NA,8960,1,21,18,NA,NA,20150427,127082
HL,NS-IBTS,3,SE,77AR,GOV,60,NA,NA,471,34,2007,T,170992,1,NA,104,1,52,1,NA,8960,1,29,2,NA,NA,20150427,127082
HL,NS-IBTS,3,SE,77AR,GOV,60,NA,NA,461,26,2007,T,170992,1,NA,2913,1,115,1,NA,255839,1,23,456,NA,NA,20150427,127082
HL,NS-IBTS,3,SE,77AR,GOV,60,NA,NA,470,33,2007,T,170992,1,NA,112,1,56,1,NA,10119,1,25,18,NA,NA,20150427,127082
HL,NS-IBTS,3,SE,77AR,GOV,60,NA,NA,461,26,2007,T,170992,1,NA,2913,1,115,1,NA,255839,1,26,177,NA,NA,20150427,127082
HL,NS-IBTS,3,SE,77AR,GOV,60,NA,NA,460,25,2007,T,170992,1,NA,516,1,127,1,NA,40599,1,34,4,NA,NA,20150427,127082
HL,NS-IBTS,3,SE,77AR,GOV,60,NA,NA,470,33,2007,T,170992,1,NA,112,1,56,1,NA,10119,1,21,8,NA,NA,20150427,127082
HL,NS-IBTS,3,SE,77AR,GOV,60,NA,NA,471,34,2007,T,170992,1,NA,104,1,52,1,NA,8960,1,25,10,NA,NA,20150427,127082
HL,NS-IBTS,3,SE,77AR,GOV,60,NA,NA,470,33,2007,T,170992,1,NA,112,1,56,1,NA,10119,1,29,2,NA,NA,20150427,127082
HL,NS-IBTS,3,SE,77AR,GOV,60,NA,NA,461,26,2007,T,170992,1,NA,2913,1,115,1,NA,255839,1,30,51,NA,NA,20150427,127082
HL,NS-IBTS,3,SE,77AR,GOV,60,NA,NA,461,26,2007,T,170992,1,NA,2913,1,115,1,NA,255839,1,34,25,NA,NA,20150427,127082
HL,NS-IBTS,3,SE,77AR,GOV,60,NA,NA,434,1,2007,T,170992,0,NA,8,1,4,1,NA,759,1,19,2,NA,NA,20150427,127082
HL,NS-IBTS,3,SE,77AR,GOV,60,NA,NA,452,18,2007,T,170992,1,NA,8,1,4,1,NA,620,1,22,4,NA,NA,20150427,127082
HL,NS-IBTS,3,SE,77AR,GOV,60,NA,NA,469,32,2007,T,170992,1,NA,22,1,11,1,NA,2039,1,21,2,NA,NA,20150427,127082
HL,NS-IBTS,3,SE,77AR,GOV,60,NA,NA,478,40,2007,T,170992,1,NA,28,1,14,1,NA,4860,1,35,2,NA,NA,20150427,127082
HL,NS-IBTS,3,SE,77AR,GOV,60,NA,NA,468,31,2007,T,170992,1,NA,226,1,40,1,NA,15399,1,19,23,NA,NA,20150427,127082
HL,NS-IBTS,3,SE,77AR,GOV,60,NA,NA,473,36,2007,T,170992,1,NA,4,1,2,1,NA,239,1,20,2,NA,NA,20150427,127082
HL,NS-IBTS,3,SE,77AR,GOV,60,NA,NA,469,32,2007,T,170992,1,NA,22,1,11,1,NA,2039,1,25,6,NA,NA,20150427,127082
HL,NS-IBTS,3,SE,77AR,GOV,60,NA,NA,468,31,2007,T,170992,1,NA,226,1,40,1,NA,15399,1,23,34,NA,NA,20150427,127082
HL,NS-IBTS,3,SE,77AR,GOV,60,NA,NA,451,17,2007,T,170992,1,NA,41,1,21,1,NA,4761,1,22,4,NA,NA,20150427,127082
HL,NS-IBTS,3,SE,77AR,GOV,60,NA,NA,477,39,2007,T,170992,1,NA,4,1,2,1,NA,158,1,17,2,NA,NA,20150427,127082
HL,NS-IBTS,3,SE,77AR,GOV,60,NA,NA,451,17,2007,T,170992,1,NA,41,1,21,1,NA,4761,1,26,8,NA,NA,20150427,127082
HL,NS-IBTS,3,SE,77AR,GOV,60,NA,NA,442,9,2007,T,170992,1,NA,84,1,42,1,NA,15000,1,17,2,NA,NA,20150427,127082
HL,NS-IBTS,3,SE,77AR,GOV,60,NA,NA,472,35,2007,T,170992,1,NA,381,1,108,1,NA,40599,1,20,14,NA,NA,20150427,127082
HL,NS-IBTS,3,SE,77AR,GOV,60,NA,NA,468,31,2007,T,170992,1,NA,226,1,40,1,NA,15399,1,27,6,NA,NA,20150427,127082
HL,NS-IBTS,3,SE,77AR,GOV,60,NA,NA,451,17,2007,T,170992,1,NA,41,1,21,1,NA,4761,1,30,2,NA,NA,20150427,127082
HL,NS-IBTS,3,SE,77AR,GOV,60,NA,NA,457,23,2007,T,170992,1,NA,2,1,1,1,NA,200,1,26,2,NA,NA,20150427,127082
HL,NS-IBTS,3,SE,77AR,GOV,60,NA,NA,472,35,2007,T,170992,1,NA,381,1,108,1,NA,40599,1,24,46,NA,NA,20150427,127082
HL,NS-IBTS,3,SE,77AR,GOV,60,NA,NA,442,9,2007,T,170992,1,NA,84,1,42,1,NA,15000,1,21,2,NA,NA,20150427,127082
HL,NS-IBTS,3,SE,77AR,GOV,60,NA,NA,472,35,2007,T,170992,1,NA,381,1,108,1,NA,40599,1,32,7,NA,NA,20150427,127082
HL,NS-IBTS,3,SE,77AR,GOV,60,NA,NA,444,11,2007,T,170992,1,NA,8,1,4,1,NA,1559,1,28,2,NA,NA,20150427,127082
HL,NS-IBTS,3,SE,77AR,GOV,60,NA,NA,442,9,2007,T,170992,1,NA,84,1,42,1,NA,15000,1,25,6,NA,NA,20150427,127082
HL,NS-IBTS,3,SE,77AR,GOV,60,NA,NA,472,35,2007,T,170992,1,NA,381,1,108,1,NA,40599,1,28,28,NA,NA,20150427,127082
HL,NS-IBTS,3,SE,77AR,GOV,60,NA,NA,472,35,2007,T,170992,1,NA,381,1,108,1,NA,40599,1,36,7,NA,NA,20150427,127082
HL,NS-IBTS,3,SE,77AR,GOV,60,NA,NA,442,9,2007,T,170992,1,NA,84,1,42,1,NA,15000,1,28,12,NA,NA,20150427,127082
HL,NS-IBTS,3,SE,77AR,GOV,60,NA,NA,442,9,2007,T,170992,1,NA,84,1,42,1,NA,15000,1,32,4,NA,NA,20150427,127082
HL,NS-IBTS,3,SE,77AR,GOV,60,NA,NA,442,9,2007,T,170992,1,NA,84,1,42,1,NA,15000,1,36,2,NA,NA,20150427,127082
HL,NS-IBTS,3,SE,77AR,GOV,60,NA,NA,453,19,2007,T,170992,1,NA,110,1,55,1,NA,17399,1,22,2,NA,NA,20150427,127082
HL,NS-IBTS,3,SE,77AR,GOV,60,NA,NA,443,10,2007,T,170992,1,NA,56,1,28,1,NA,11000,1,22,2,NA,NA,20150427,127082
HL,NS-IBTS,3,SE,77AR,GOV,60,NA,NA,443,10,2007,T,170992,1,NA,56,1,28,1,NA,11000,1,26,2,NA,NA,20150427,127082
HL,NS-IBTS,3,SE,77AR,GOV,60,NA,NA,467,30,2007,T,170992,1,NA,3,1,1,1,NA,342,1,27,3,NA,NA,20150427,127082
HL,NS-IBTS,3,SE,77AR,GOV,60,NA,NA,453,19,2007,T,170992,1,NA,110,1,55,1,NA,17399,1,26,6,NA,NA,20150427,127082
HL,NS-IBTS,3,SE,77AR,GOV,60,NA,NA,463,28,2007,T,170992,1,NA,654,1,113,1,NA,48599,1,20,81,NA,NA,20150427,127082
HL,NS-IBTS,3,SE,77AR,GOV,60,NA,NA,475,37,2007,T,170992,1,NA,2,1,1,1,NA,209,1,25,2,NA,NA,20150427,127082
HL,NS-IBTS,3,SE,77AR,GOV,60,NA,NA,462,27,2007,T,170992,1,NA,236,1,118,1,NA,16600,1,18,20,NA,NA,20150427,127082
HL,NS-IBTS,3,SE,77AR,GOV,60,NA,NA,453,19,2007,T,170992,1,NA,110,1,55,1,NA,17399,1,30,24,NA,NA,20150427,127082
HL,NS-IBTS,3,SE,77AR,GOV,60,NA,NA,460,25,2007,T,170992,1,NA,516,1,127,1,NA,40599,1,18,24,NA,NA,20150427,127082
HL,NS-IBTS,3,SE,77AR,GOV,60,NA,NA,453,19,2007,T,170992,1,NA,110,1,55,1,NA,17399,1,34,2,NA,NA,20150427,127082
HL,NS-IBTS,3,SE,77AR,GOV,60,NA,NA,462,27,2007,T,170992,1,NA,236,1,118,1,NA,16600,1,26,14,NA,NA,20150427,127082
HL,NS-IBTS,3,SE,77AR,GOV,60,NA,NA,443,10,2007,T,170992,1,NA,56,1,28,1,NA,11000,1,34,2,NA,NA,20150427,127082
HL,NS-IBTS,3,SE,77AR,GOV,60,NA,NA,463,28,2007,T,170992,1,NA,654,1,113,1,NA,48599,1,24,93,NA,NA,20150427,127082
HL,NS-IBTS,3,SE,77AR,GOV,60,NA,NA,460,25,2007,T,170992,1,NA,516,1,127,1,NA,40599,1,22,93,NA,NA,20150427,127082
HL,NS-IBTS,3,SE,77AR,GOV,60,NA,NA,460,25,2007,T,170992,1,NA,516,1,127,1,NA,40599,1,26,20,NA,NA,20150427,127082
HL,NS-IBTS,3,SE,77AR,GOV,60,NA,NA,462,27,2007,T,170992,1,NA,236,1,118,1,NA,16600,1,22,24,NA,NA,20150427,127082
HL,NS-IBTS,3,SE,77AR,GOV,60,NA,NA,463,28,2007,T,170992,1,NA,654,1,113,1,NA,48599,1,28,12,NA,NA,20150427,127082
HL,NS-IBTS,3,SE,77AR,GOV,60,NA,NA,461,26,2007,T,170992,1,NA,2913,1,115,1,NA,255839,1,18,127,NA,NA,20150427,127082
HL,NS-IBTS,3,SE,77AR,GOV,60,NA,NA,460,25,2007,T,170992,1,NA,516,1,127,1,NA,40599,1,30,4,NA,NA,20150427,127082
HL,NS-IBTS,3,SE,77AR,GOV,60,NA,NA,461,26,2007,T,170992,1,NA,2913,1,115,1,NA,255839,1,22,304,NA,NA,20150427,127082
HL,NS-IBTS,3,SE,77AR,GOV,60,NA,NA,471,34,2007,T,170992,1,NA,104,1,52,1,NA,8960,1,22,4,NA,NA,20150427,127082
HL,NS-IBTS,3,SE,77AR,GOV,60,NA,NA,463,28,2007,T,170992,1,NA,654,1,113,1,NA,48599,1,32,6,NA,NA,20150427,127082
HL,NS-IBTS,3,SE,77AR,GOV,60,NA,NA,461,26,2007,T,170992,1,NA,2913,1,115,1,NA,255839,1,29,101,NA,NA,20150427,127082
HL,NS-IBTS,3,SE,77AR,GOV,60,NA,NA,470,33,2007,T,170992,1,NA,112,1,56,1,NA,10119,1,22,14,NA,NA,20150427,127082
HL,NS-IBTS,3,SE,77AR,GOV,60,NA,NA,471,34,2007,T,170992,1,NA,104,1,52,1,NA,8960,1,26,14,NA,NA,20150427,127082
HL,NS-IBTS,3,SE,77AR,GOV,60,NA,NA,478,40,2007,T,170992,1,NA,28,1,14,1,NA,4860,1,22,4,NA,NA,20150427,127082
HL,NS-IBTS,3,SE,77AR,GOV,60,NA,NA,471,34,2007,T,170992,1,NA,104,1,52,1,NA,8960,1,30,4,NA,NA,20150427,127082
HL,NS-IBTS,3,SE,77AR,GOV,60,NA,NA,470,33,2007,T,170992,1,NA,112,1,56,1,NA,10119,1,26,12,NA,NA,20150427,127082
HL,NS-IBTS,3,SE,77AR,GOV,60,NA,NA,478,40,2007,T,170992,1,NA,28,1,14,1,NA,4860,1,26,10,NA,NA,20150427,127082
HL,NS-IBTS,3,SE,77AR,GOV,60,NA,NA,470,33,2007,T,170992,1,NA,112,1,56,1,NA,10119,1,30,2,NA,NA,20150427,127082
HL,NS-IBTS,3,SE,77AR,GOV,60,NA,NA,468,31,2007,T,170992,1,NA,226,1,40,1,NA,15399,1,20,23,NA,NA,20150427,127082
HL,NS-IBTS,3,SE,77AR,GOV,60,NA,NA,478,40,2007,T,170992,1,NA,28,1,14,1,NA,4860,1,34,2,NA,NA,20150427,127082
HL,NS-IBTS,3,SE,77AR,GOV,60,NA,NA,469,32,2007,T,170992,1,NA,22,1,11,1,NA,2039,1,26,2,NA,NA,20150427,127082
HL,NS-IBTS,3,SE,77AR,GOV,60,NA,NA,451,17,2007,T,170992,1,NA,41,1,21,1,NA,4761,1,17,2,NA,NA,20150427,127082
HL,NS-IBTS,3,SE,77AR,GOV,60,NA,NA,451,17,2007,T,170992,1,NA,41,1,21,1,NA,4761,1,21,2,NA,NA,20150427,127082
HL,NS-IBTS,3,SE,77AR,GOV,60,NA,NA,468,31,2007,T,170992,1,NA,226,1,40,1,NA,15399,1,24,11,NA,NA,20150427,127082
HL,NS-IBTS,3,SE,77AR,GOV,60,NA,NA,442,9,2007,T,170992,1,NA,84,1,42,1,NA,15000,1,12,2,NA,NA,20150427,127082
HL,NS-IBTS,3,SE,77AR,GOV,60,NA,NA,469,32,2007,T,170992,1,NA,22,1,11,1,NA,2039,1,22,2,NA,NA,20150427,127082
HL,NS-IBTS,3,SE,77AR,GOV,60,NA,NA,469,32,2007,T,170992,1,NA,22,1,11,1,NA,2039,1,30,2,NA,NA,20150427,127082
HL,NS-IBTS,3,SE,77AR,GOV,60,NA,NA,468,31,2007,T,170992,1,NA,226,1,40,1,NA,15399,1,28,6,NA,NA,20150427,127082
HL,NS-IBTS,3,SE,77AR,GOV,60,NA,NA,472,35,2007,T,170992,1,NA,381,1,108,1,NA,40599,1,21,25,NA,NA,20150427,127082
HL,NS-IBTS,3,SE,77AR,GOV,60,NA,NA,477,39,2007,T,170992,1,NA,4,1,2,1,NA,158,1,20,2,NA,NA,20150427,127082
HL,NS-IBTS,3,SE,77AR,GOV,60,NA,NA,451,17,2007,T,170992,1,NA,41,1,21,1,NA,4761,1,29,2,NA,NA,20150427,127082
HL,NS-IBTS,3,SE,77AR,GOV,60,NA,NA,442,9,2007,T,170992,1,NA,84,1,42,1,NA,15000,1,20,2,NA,NA,20150427,127082
HL,NS-IBTS,3,SE,77AR,GOV,60,NA,NA,472,35,2007,T,170992,1,NA,381,1,108,1,NA,40599,1,25,46,NA,NA,20150427,127082
HL,NS-IBTS,3,SE,77AR,GOV,60,NA,NA,442,9,2007,T,170992,1,NA,84,1,42,1,NA,15000,1,24,4,NA,NA,20150427,127082
HL,NS-IBTS,3,SE,77AR,GOV,60,NA,NA,472,35,2007,T,170992,1,NA,381,1,108,1,NA,40599,1,29,21,NA,NA,20150427,127082
HL,NS-IBTS,3,SE,77AR,GOV,60,NA,NA,444,11,2007,T,170992,1,NA,8,1,4,1,NA,1559,1,31,2,NA,NA,20150427,127082
HL,NS-IBTS,3,SE,77AR,GOV,60,NA,NA,442,9,2007,T,170992,1,NA,84,1,42,1,NA,15000,1,31,12,NA,NA,20150427,127082
HL,NS-IBTS,3,SE,77AR,GOV,60,NA,NA,442,9,2007,T,170992,1,NA,84,1,42,1,NA,15000,1,39,2,NA,NA,20150427,127082
HL,NS-IBTS,3,SE,77AR,GOV,60,NA,NA,443,10,2007,T,170992,1,NA,56,1,28,1,NA,11000,1,21,2,NA,NA,20150427,127082
HL,NS-IBTS,3,SE,77AR,GOV,60,NA,NA,463,28,2007,T,170992,1,NA,654,1,113,1,NA,48599,1,17,12,NA,NA,20150427,127082
HL,NS-IBTS,3,SE,77AR,GOV,60,NA,NA,453,19,2007,T,170992,1,NA,110,1,55,1,NA,17399,1,21,2,NA,NA,20150427,127082
HL,NS-IBTS,3,SE,77AR,GOV,60,NA,NA,453,19,2007,T,170992,1,NA,110,1,55,1,NA,17399,1,25,12,NA,NA,20150427,127082
HL,NS-IBTS,3,SE,77AR,GOV,60,NA,NA,453,19,2007,T,170992,1,NA,110,1,55,1,NA,17399,1,29,2,NA,NA,20150427,127082
HL,NS-IBTS,3,SE,77AR,GOV,60,NA,NA,463,28,2007,T,170992,1,NA,654,1,113,1,NA,48599,1,21,81,NA,NA,20150427,127082
HL,NS-IBTS,3,SE,77AR,GOV,60,NA,NA,462,27,2007,T,170992,1,NA,236,1,118,1,NA,16600,1,19,26,NA,NA,20150427,127082
HL,NS-IBTS,3,SE,77AR,GOV,60,NA,NA,443,10,2007,T,170992,1,NA,56,1,28,1,NA,11000,1,29,4,NA,NA,20150427,127082
HL,NS-IBTS,3,SE,77AR,GOV,60,NA,NA,443,10,2007,T,170992,1,NA,56,1,28,1,NA,11000,1,33,2,NA,NA,20150427,127082
HL,NS-IBTS,3,SE,77AR,GOV,60,NA,NA,460,25,2007,T,170992,1,NA,516,1,127,1,NA,40599,1,21,65,NA,NA,20150427,127082
HL,NS-IBTS,3,SE,77AR,GOV,60,NA,NA,463,28,2007,T,170992,1,NA,654,1,113,1,NA,48599,1,25,29,NA,NA,20150427,127082
HL,NS-IBTS,3,SE,77AR,GOV,60,NA,NA,453,19,2007,T,170992,1,NA,110,1,55,1,NA,17399,1,33,6,NA,NA,20150427,127082
HL,NS-IBTS,3,SE,77AR,GOV,60,NA,NA,462,27,2007,T,170992,1,NA,236,1,118,1,NA,16600,1,23,38,NA,NA,20150427,127082
HL,NS-IBTS,3,SE,77AR,GOV,60,NA,NA,461,26,2007,T,170992,1,NA,2913,1,115,1,NA,255839,1,17,76,NA,NA,20150427,127082
HL,NS-IBTS,3,SE,77AR,GOV,60,NA,NA,460,25,2007,T,170992,1,NA,516,1,127,1,NA,40599,1,25,57,NA,NA,20150427,127082
HL,NS-IBTS,3,SE,77AR,GOV,60,NA,NA,471,34,2007,T,170992,1,NA,104,1,52,1,NA,8960,1,19,6,NA,NA,20150427,127082
HL,NS-IBTS,3,SE,77AR,GOV,60,NA,NA,463,28,2007,T,170992,1,NA,654,1,113,1,NA,48599,1,29,12,NA,NA,20150427,127082
HL,NS-IBTS,3,SE,77AR,GOV,60,NA,NA,462,27,2007,T,170992,1,NA,236,1,118,1,NA,16600,1,27,12,NA,NA,20150427,127082
HL,NS-IBTS,3,SE,77AR,GOV,60,NA,NA,461,26,2007,T,170992,1,NA,2913,1,115,1,NA,255839,1,21,203,NA,NA,20150427,127082
HL,NS-IBTS,3,SE,77AR,GOV,60,NA,NA,460,25,2007,T,170992,1,NA,516,1,127,1,NA,40599,1,29,4,NA,NA,20150427,127082
HL,NS-IBTS,3,SE,77AR,GOV,60,NA,NA,470,33,2007,T,170992,1,NA,112,1,56,1,NA,10119,1,19,4,NA,NA,20150427,127082
HL,NS-IBTS,3,SE,77AR,GOV,60,NA,NA,471,34,2007,T,170992,1,NA,104,1,52,1,NA,8960,1,23,16,NA,NA,20150427,127082
HL,NS-IBTS,3,SE,77AR,GOV,60,NA,NA,461,26,2007,T,170992,1,NA,2913,1,115,1,NA,255839,1,25,203,NA,NA,20150427,127082
HL,NS-IBTS,3,SE,77AR,GOV,60,NA,NA,470,33,2007,T,170992,1,NA,112,1,56,1,NA,10119,1,23,22,NA,NA,20150427,127082
HL,NS-IBTS,3,SE,77AR,GOV,60,NA,NA,471,34,2007,T,170992,1,NA,104,1,52,1,NA,8960,1,27,8,NA,NA,20150427,127082
HL,NS-IBTS,3,SE,77AR,GOV,60,NA,NA,461,26,2007,T,170992,1,NA,2913,1,115,1,NA,255839,1,28,127,NA,NA,20150427,127082
HL,NS-IBTS,3,SE,77AR,GOV,60,NA,NA,470,33,2007,T,170992,1,NA,112,1,56,1,NA,10119,1,27,4,NA,NA,20150427,127082
HL,NS-IBTS,3,SE,77AR,GOV,60,NA,NA,471,34,2007,T,170992,1,NA,104,1,52,1,NA,8960,1,31,2,NA,NA,20150427,127082
HL,NS-IBTS,3,SE,77AR,GOV,60,NA,NA,434,1,2007,T,170992,0,NA,8,1,4,1,NA,759,1,25,2,NA,NA,20150427,127082
HL,NS-IBTS,3,SE,77AR,GOV,60,NA,NA,470,33,2007,T,170992,1,NA,112,1,56,1,NA,10119,1,31,4,NA,NA,20150427,127082
HL,NS-IBTS,3,SE,77AR,GOV,60,NA,NA,478,40,2007,T,170992,1,NA,28,1,14,1,NA,4860,1,33,4,NA,NA,20150427,127082
HL,NS-IBTS,3,SE,77AR,GOV,60,NA,NA,434,1,2007,T,170992,0,NA,8,1,4,1,NA,759,1,29,2,NA,NA,20150427,127082
HL,NS-IBTS,3,SE,77AR,GOV,60,NA,NA,468,31,2007,T,170992,1,NA,226,1,40,1,NA,15399,1,25,17,NA,NA,20150427,127082
HL,NS-IBTS,3,SE,77AR,GOV,60,NA,NA,469,32,2007,T,170992,1,NA,22,1,11,1,NA,2039,1,23,4,NA,NA,20150427,127082
HL,NS-IBTS,3,SE,77AR,GOV,60,NA,NA,468,31,2007,T,170992,1,NA,226,1,40,1,NA,15399,1,21,51,NA,NA,20150427,127082
HL,NS-IBTS,3,SE,77AR,GOV,60,NA,NA,472,35,2007,T,170992,1,NA,381,1,108,1,NA,40599,1,22,28,NA,NA,20150427,127082
HL,NS-IBTS,3,SE,77AR,GOV,60,NA,NA,451,17,2007,T,170992,1,NA,41,1,21,1,NA,4761,1,24,4,NA,NA,20150427,127082
HL,NS-IBTS,3,SE,77AR,GOV,60,NA,NA,451,17,2007,T,170992,1,NA,41,1,21,1,NA,4761,1,28,6,NA,NA,20150427,127082
HL,NS-IBTS,3,SE,77AR,GOV,60,NA,NA,444,11,2007,T,170992,1,NA,8,1,4,1,NA,1559,1,22,2,NA,NA,20150427,127082
HL,NS-IBTS,3,SE,77AR,GOV,60,NA,NA,469,32,2007,T,170992,1,NA,22,1,11,1,NA,2039,1,27,2,NA,NA,20150427,127082
HL,NS-IBTS,3,SE,77AR,GOV,60,NA,NA,472,35,2007,T,170992,1,NA,381,1,108,1,NA,40599,1,18,7,NA,NA,20150427,127082
HL,NS-IBTS,3,SE,77AR,GOV,60,NA,NA,442,9,2007,T,170992,1,NA,84,1,42,1,NA,15000,1,19,2,NA,NA,20150427,127082
HL,NS-IBTS,3,SE,77AR,GOV,60,NA,NA,472,35,2007,T,170992,1,NA,381,1,108,1,NA,40599,1,26,39,NA,NA,20150427,127082
HL,NS-IBTS,3,SE,77AR,GOV,60,NA,NA,451,17,2007,T,170992,1,NA,41,1,21,1,NA,4761,1,32,2,NA,NA,20150427,127082
HL,NS-IBTS,3,SE,77AR,GOV,60,NA,NA,442,9,2007,T,170992,1,NA,84,1,42,1,NA,15000,1,23,2,NA,NA,20150427,127082
HL,NS-IBTS,3,SE,77AR,GOV,60,NA,NA,472,35,2007,T,170992,1,NA,381,1,108,1,NA,40599,1,30,4,NA,NA,20150427,127082
HL,NS-IBTS,3,SE,77AR,GOV,60,NA,NA,442,9,2007,T,170992,1,NA,84,1,42,1,NA,15000,1,27,6,NA,NA,20150427,127082
HL,NS-IBTS,3,SE,77AR,GOV,60,NA,NA,472,35,2007,T,170992,1,NA,381,1,108,1,NA,40599,1,34,4,NA,NA,20150427,127082
HL,NS-IBTS,3,SE,77AR,GOV,60,NA,NA,442,9,2007,T,170992,1,NA,84,1,42,1,NA,15000,1,34,8,NA,NA,20150427,127082
HL,NS-IBTS,3,SE,77AR,GOV,60,NA,NA,472,35,2007,T,170992,1,NA,381,1,108,1,NA,40599,1,38,4,NA,NA,20150427,127082
HL,NS-IBTS,3,SE,77AR,GOV,60,NA,NA,453,19,2007,T,170992,1,NA,110,1,55,1,NA,17399,1,20,2,NA,NA,20150427,127082
HL,NS-IBTS,3,SE,77AR,GOV,60,NA,NA,462,27,2007,T,170992,1,NA,236,1,118,1,NA,16600,1,16,2,NA,NA,20150427,127082
HL,NS-IBTS,3,SE,77AR,GOV,60,NA,NA,453,19,2007,T,170992,1,NA,110,1,55,1,NA,17399,1,24,12,NA,NA,20150427,127082
HL,NS-IBTS,3,SE,77AR,GOV,60,NA,NA,443,10,2007,T,170992,1,NA,56,1,28,1,NA,11000,1,24,4,NA,NA,20150427,127082
HL,NS-IBTS,3,SE,77AR,GOV,60,NA,NA,443,10,2007,T,170992,1,NA,56,1,28,1,NA,11000,1,28,10,NA,NA,20150427,127082
HL,NS-IBTS,3,SE,77AR,GOV,60,NA,NA,463,28,2007,T,170992,1,NA,654,1,113,1,NA,48599,1,22,93,NA,NA,20150427,127082
HL,NS-IBTS,3,SE,77AR,GOV,60,NA,NA,453,19,2007,T,170992,1,NA,110,1,55,1,NA,17399,1,28,14,NA,NA,20150427,127082
HL,NS-IBTS,3,SE,77AR,GOV,60,NA,NA,476,38,2007,T,170992,1,NA,6,1,3,1,NA,699,1,18,2,NA,NA,20150427,127082
HL,NS-IBTS,3,SE,77AR,GOV,60,NA,NA,462,27,2007,T,170992,1,NA,236,1,118,1,NA,16600,1,20,32,NA,NA,20150427,127082
HL,NS-IBTS,3,SE,77AR,GOV,60,NA,NA,446,12,2007,T,170992,1,NA,2,1,1,1,NA,319,1,29,2,NA,NA,20150427,127082
HL,NS-IBTS,3,SE,77AR,GOV,60,NA,NA,443,10,2007,T,170992,1,NA,56,1,28,1,NA,11000,1,32,6,NA,NA,20150427,127082
HL,NS-IBTS,3,SE,77AR,GOV,60,NA,NA,463,28,2007,T,170992,1,NA,654,1,113,1,NA,48599,1,18,29,NA,NA,20150427,127082
HL,NS-IBTS,3,SE,77AR,GOV,60,NA,NA,463,28,2007,T,170992,1,NA,654,1,113,1,NA,48599,1,26,58,NA,NA,20150427,127082
HL,NS-IBTS,3,SE,77AR,GOV,60,NA,NA,460,25,2007,T,170992,1,NA,516,1,127,1,NA,40599,1,20,69,NA,NA,20150427,127082
HL,NS-IBTS,3,SE,77AR,GOV,60,NA,NA,460,25,2007,T,170992,1,NA,516,1,127,1,NA,40599,1,24,61,NA,NA,20150427,127082
HL,NS-IBTS,3,SE,77AR,GOV,60,NA,NA,462,27,2007,T,170992,1,NA,236,1,118,1,NA,16600,1,24,14,NA,NA,20150427,127082
HL,NS-IBTS,3,SE,77AR,GOV,60,NA,NA,453,19,2007,T,170992,1,NA,110,1,55,1,NA,17399,1,32,2,NA,NA,20150427,127082
HL,NS-IBTS,3,SE,77AR,GOV,60,NA,NA,476,38,2007,T,170992,1,NA,6,1,3,1,NA,699,1,30,2,NA,NA,20150427,127082
HL,NS-IBTS,3,SE,77AR,GOV,60,NA,NA,443,10,2007,T,170992,1,NA,56,1,28,1,NA,11000,1,36,6,NA,NA,20150427,127082
HL,NS-IBTS,3,SE,77AR,GOV,60,NA,NA,461,26,2007,T,170992,1,NA,2913,1,115,1,NA,255839,1,20,304,NA,NA,20150427,127082
HL,NS-IBTS,3,SE,77AR,GOV,60,NA,NA,462,27,2007,T,170992,1,NA,236,1,118,1,NA,16600,1,28,2,NA,NA,20150427,127082
HL,NS-IBTS,3,SE,77AR,GOV,60,NA,NA,476,38,2007,T,170992,1,NA,6,1,3,1,NA,699,1,26,2,NA,NA,20150427,127082
HL,NS-IBTS,3,SE,77AR,GOV,60,NA,NA,471,34,2007,T,170992,1,NA,104,1,52,1,NA,8960,1,24,16,NA,NA,20150427,127082
HL,NS-IBTS,3,SE,77AR,GOV,60,NA,NA,470,33,2007,T,170992,1,NA,112,1,56,1,NA,10119,1,20,2,NA,NA,20150427,127082
HL,NS-IBTS,3,SE,77AR,GOV,60,NA,NA,461,26,2007,T,170992,1,NA,2913,1,115,1,NA,255839,1,24,228,NA,NA,20150427,127082
HL,NS-IBTS,3,SE,77AR,GOV,60,NA,NA,462,27,2007,T,170992,1,NA,236,1,118,1,NA,16600,1,32,2,NA,NA,20150427,127082
HL,NS-IBTS,3,SE,77AR,GOV,60,NA,NA,471,34,2007,T,170992,1,NA,104,1,52,1,NA,8960,1,20,4,NA,NA,20150427,127082
HL,NS-IBTS,3,SE,77AR,GOV,60,NA,NA,461,26,2007,T,170992,1,NA,2913,1,115,1,NA,255839,1,27,177,NA,NA,20150427,127082
HL,NS-IBTS,3,SE,77AR,GOV,60,NA,NA,470,33,2007,T,170992,1,NA,112,1,56,1,NA,10119,1,24,16,NA,NA,20150427,127082
HL,NS-IBTS,3,SE,77AR,GOV,60,NA,NA,470,33,2007,T,170992,1,NA,112,1,56,1,NA,10119,1,28,2,NA,NA,20150427,127082
HL,NS-IBTS,3,SE,77AR,GOV,60,NA,NA,478,40,2007,T,170992,1,NA,28,1,14,1,NA,4860,1,24,2,NA,NA,20150427,127082
HL,NS-IBTS,3,SE,77AR,GOV,60,NA,NA,461,26,2007,T,170992,1,NA,2913,1,115,1,NA,255839,1,31,51,NA,NA,20150427,127082
HL,NS-IBTS,3,SE,77AR,GOV,60,NA,NA,478,40,2007,T,170992,1,NA,28,1,14,1,NA,4860,1,28,4,NA,NA,20150427,127082
HL,NS-IBTS,3,SE,77AR,GOV,60,NA,NA,452,18,2007,T,170992,1,NA,8,1,4,1,NA,620,1,23,4,NA,NA,20150427,127082
HL,NS-IBTS,3,SE,77AR,GOV,60,NA,NA,470,33,2007,T,170992,1,NA,112,1,56,1,NA,10119,1,32,2,NA,NA,20150427,127082
HL,NS-IBTS,3,SE,77AR,GOV,60,NA,NA,434,1,2007,T,170992,0,NA,8,1,4,1,NA,759,1,24,2,NA,NA,20150427,127082
HL,NS-IBTS,3,SE,77AR,GOV,60,NA,NA,468,31,2007,T,170992,1,NA,226,1,40,1,NA,15399,1,18,11,NA,NA,20150427,127082
HL,NS-IBTS,3,SE,77AR,GOV,60,NA,NA,469,32,2007,T,170992,1,NA,22,1,11,1,NA,2039,1,24,2,NA,NA,20150427,127082
HL,NS-IBTS,3,SE,77AR,GOV,60,NA,NA,468,31,2007,T,170992,1,NA,226,1,40,1,NA,15399,1,22,39,NA,NA,20150427,127082
HL,NS-IBTS,3,SE,77AR,GOV,60,NA,NA,451,17,2007,T,170992,1,NA,41,1,21,1,NA,4761,1,23,2,NA,NA,20150427,127082
HL,NS-IBTS,3,SE,77AR,GOV,60,NA,NA,473,36,2007,T,170992,1,NA,4,1,2,1,NA,239,1,23,2,NA,NA,20150427,127082
HL,NS-IBTS,3,SE,77AR,GOV,60,NA,NA,468,31,2007,T,170992,1,NA,226,1,40,1,NA,15399,1,30,6,NA,NA,20150427,127082
HL,NS-IBTS,3,SE,77AR,GOV,60,NA,NA,451,17,2007,T,170992,1,NA,41,1,21,1,NA,4761,1,27,6,NA,NA,20150427,127082
HL,NS-IBTS,3,SE,77AR,GOV,60,NA,NA,472,35,2007,T,170992,1,NA,381,1,108,1,NA,40599,1,19,21,NA,NA,20150427,127082
HL,NS-IBTS,3,SE,77AR,GOV,60,NA,NA,472,35,2007,T,170992,1,NA,381,1,108,1,NA,40599,1,27,39,NA,NA,20150427,127082
HL,NS-IBTS,3,SE,77AR,GOV,60,NA,NA,442,9,2007,T,170992,1,NA,84,1,42,1,NA,15000,1,22,2,NA,NA,20150427,127082
HL,NS-IBTS,3,SE,77AR,GOV,60,NA,NA,451,17,2007,T,170992,1,NA,41,1,21,1,NA,4761,1,31,2,NA,NA,20150427,127082
HL,NS-IBTS,3,SE,77AR,GOV,60,NA,NA,472,35,2007,T,170992,1,NA,381,1,108,1,NA,40599,1,23,32,NA,NA,20150427,127082
HL,NS-IBTS,3,SE,77AR,GOV,60,NA,NA,472,35,2007,T,170992,1,NA,381,1,108,1,NA,40599,1,31,4,NA,NA,20150427,127082
HL,NS-IBTS,3,SE,77AR,GOV,60,NA,NA,442,9,2007,T,170992,1,NA,84,1,42,1,NA,15000,1,26,8,NA,NA,20150427,127082
HL,NS-IBTS,3,SE,77AR,GOV,60,NA,NA,482,43,2007,T,170992,1,NA,6,1,3,1,NA,460,1,25,4,NA,NA,20150427,127082
HL,NS-IBTS,3,SE,77AR,GOV,60,NA,NA,481,42,2007,T,170992,1,NA,32,1,16,1,NA,2240,1,21,2,NA,NA,20150427,127082
HL,NS-IBTS,3,SE,77AR,GOV,60,NA,NA,481,42,2007,T,170992,1,NA,32,1,16,1,NA,2240,1,25,4,NA,NA,20150427,127082
HL,NS-IBTS,3,SE,77AR,GOV,60,NA,NA,483,44,2007,T,170992,1,NA,62,1,31,1,NA,4420,1,21,8,NA,NA,20150427,127082
HL,NS-IBTS,3,SE,77AR,GOV,60,NA,NA,480,41,2007,T,170992,1,NA,48,1,24,1,NA,3720,1,20,4,NA,NA,20150427,127082
HL,NS-IBTS,3,SE,77AR,GOV,60,NA,NA,483,44,2007,T,170992,1,NA,62,1,31,1,NA,4420,1,25,6,NA,NA,20150427,127082
HL,NS-IBTS,3,SE,77AR,GOV,60,NA,NA,480,41,2007,T,170992,1,NA,48,1,24,1,NA,3720,1,24,4,NA,NA,20150427,127082
HL,NS-IBTS,3,SE,77AR,GOV,60,NA,NA,489,48,2007,T,170992,1,NA,40,1,20,1,NA,3019,1,18,2,NA,NA,20150427,127082
HL,NS-IBTS,3,SE,77AR,GOV,60,NA,NA,489,48,2007,T,170992,1,NA,40,1,20,1,NA,3019,1,22,8,NA,NA,20150427,127082
HL,NS-IBTS,3,SE,77AR,GOV,60,NA,NA,489,48,2007,T,170992,1,NA,40,1,20,1,NA,3019,1,26,2,NA,NA,20150427,127082
HL,NS-IBTS,3,SE,77AR,GOV,60,NA,NA,486,46,2007,T,170992,1,NA,6,1,3,1,NA,165,1,11,2,NA,NA,20150427,127082
HL,NS-IBTS,3,SE,77AR,GOV,60,NA,NA,487,47,2007,T,170992,1,NA,24,1,12,1,NA,1539,1,19,2,NA,NA,20150427,127082
HL,NS-IBTS,3,SE,77AR,GOV,60,NA,NA,487,47,2007,T,170992,1,NA,24,1,12,1,NA,1539,1,23,2,NA,NA,20150427,127082
HL,NS-IBTS,3,SE,77AR,GOV,60,NA,NA,481,42,2007,T,170992,1,NA,32,1,16,1,NA,2240,1,16,2,NA,NA,20150427,127082
HL,NS-IBTS,3,SE,77AR,GOV,60,NA,NA,481,42,2007,T,170992,1,NA,32,1,16,1,NA,2240,1,24,2,NA,NA,20150427,127082
HL,NS-IBTS,3,SE,77AR,GOV,60,NA,NA,483,44,2007,T,170992,1,NA,62,1,31,1,NA,4420,1,20,8,NA,NA,20150427,127082
HL,NS-IBTS,3,SE,77AR,GOV,60,NA,NA,480,41,2007,T,170992,1,NA,48,1,24,1,NA,3720,1,19,2,NA,NA,20150427,127082
HL,NS-IBTS,3,SE,77AR,GOV,60,NA,NA,483,44,2007,T,170992,1,NA,62,1,31,1,NA,4420,1,24,12,NA,NA,20150427,127082
HL,NS-IBTS,3,SE,77AR,GOV,60,NA,NA,480,41,2007,T,170992,1,NA,48,1,24,1,NA,3720,1,23,8,NA,NA,20150427,127082
HL,NS-IBTS,3,SE,77AR,GOV,60,NA,NA,480,41,2007,T,170992,1,NA,48,1,24,1,NA,3720,1,27,8,NA,NA,20150427,127082
HL,NS-IBTS,3,SE,77AR,GOV,60,NA,NA,489,48,2007,T,170992,1,NA,40,1,20,1,NA,3019,1,19,2,NA,NA,20150427,127082
HL,NS-IBTS,3,SE,77AR,GOV,60,NA,NA,489,48,2007,T,170992,1,NA,40,1,20,1,NA,3019,1,23,4,NA,NA,20150427,127082
HL,NS-IBTS,3,SE,77AR,GOV,60,NA,NA,489,48,2007,T,170992,1,NA,40,1,20,1,NA,3019,1,27,4,NA,NA,20150427,127082
HL,NS-IBTS,3,SE,77AR,GOV,60,NA,NA,486,46,2007,T,170992,1,NA,6,1,3,1,NA,165,1,20,2,NA,NA,20150427,127082
HL,NS-IBTS,3,SE,77AR,GOV,60,NA,NA,487,47,2007,T,170992,1,NA,24,1,12,1,NA,1539,1,20,4,NA,NA,20150427,127082
HL,NS-IBTS,3,SE,77AR,GOV,60,NA,NA,482,43,2007,T,170992,1,NA,6,1,3,1,NA,460,1,20,2,NA,NA,20150427,127082
HL,NS-IBTS,3,SE,77AR,GOV,60,NA,NA,481,42,2007,T,170992,1,NA,32,1,16,1,NA,2240,1,19,6,NA,NA,20150427,127082
HL,NS-IBTS,3,SE,77AR,GOV,60,NA,NA,485,45,2007,T,170992,1,NA,2,1,1,1,NA,19,1,11,2,NA,NA,20150427,127082
HL,NS-IBTS,3,SE,77AR,GOV,60,NA,NA,481,42,2007,T,170992,1,NA,32,1,16,1,NA,2240,1,23,6,NA,NA,20150427,127082
HL,NS-IBTS,3,SE,77AR,GOV,60,NA,NA,483,44,2007,T,170992,1,NA,62,1,31,1,NA,4420,1,19,4,NA,NA,20150427,127082
HL,NS-IBTS,3,SE,77AR,GOV,60,NA,NA,481,42,2007,T,170992,1,NA,32,1,16,1,NA,2240,1,27,4,NA,NA,20150427,127082
HL,NS-IBTS,3,SE,77AR,GOV,60,NA,NA,483,44,2007,T,170992,1,NA,62,1,31,1,NA,4420,1,23,12,NA,NA,20150427,127082
HL,NS-IBTS,3,SE,77AR,GOV,60,NA,NA,480,41,2007,T,170992,1,NA,48,1,24,1,NA,3720,1,22,6,NA,NA,20150427,127082
HL,NS-IBTS,3,SE,77AR,GOV,60,NA,NA,483,44,2007,T,170992,1,NA,62,1,31,1,NA,4420,1,27,4,NA,NA,20150427,127082
HL,NS-IBTS,3,SE,77AR,GOV,60,NA,NA,480,41,2007,T,170992,1,NA,48,1,24,1,NA,3720,1,26,2,NA,NA,20150427,127082
HL,NS-IBTS,3,SE,77AR,GOV,60,NA,NA,489,48,2007,T,170992,1,NA,40,1,20,1,NA,3019,1,12,4,NA,NA,20150427,127082
HL,NS-IBTS,3,SE,77AR,GOV,60,NA,NA,489,48,2007,T,170992,1,NA,40,1,20,1,NA,3019,1,20,4,NA,NA,20150427,127082
HL,NS-IBTS,3,SE,77AR,GOV,60,NA,NA,489,48,2007,T,170992,1,NA,40,1,20,1,NA,3019,1,32,2,NA,NA,20150427,127082
HL,NS-IBTS,3,SE,77AR,GOV,60,NA,NA,487,47,2007,T,170992,1,NA,24,1,12,1,NA,1539,1,25,2,NA,NA,20150427,127082
HL,NS-IBTS,3,SE,77AR,GOV,60,NA,NA,487,47,2007,T,170992,1,NA,24,1,12,1,NA,1539,1,21,4,NA,NA,20150427,127082
HL,NS-IBTS,3,SE,77AR,GOV,60,NA,NA,487,47,2007,T,170992,1,NA,24,1,12,1,NA,1539,1,29,2,NA,NA,20150427,127082
HL,NS-IBTS,3,SE,77AR,GOV,60,NA,NA,481,42,2007,T,170992,1,NA,32,1,16,1,NA,2240,1,22,4,NA,NA,20150427,127082
HL,NS-IBTS,3,SE,77AR,GOV,60,NA,NA,481,42,2007,T,170992,1,NA,32,1,16,1,NA,2240,1,26,2,NA,NA,20150427,127082
HL,NS-IBTS,3,SE,77AR,GOV,60,NA,NA,480,41,2007,T,170992,1,NA,48,1,24,1,NA,3720,1,17,2,NA,NA,20150427,127082
HL,NS-IBTS,3,SE,77AR,GOV,60,NA,NA,483,44,2007,T,170992,1,NA,62,1,31,1,NA,4420,1,22,6,NA,NA,20150427,127082
HL,NS-IBTS,3,SE,77AR,GOV,60,NA,NA,483,44,2007,T,170992,1,NA,62,1,31,1,NA,4420,1,26,2,NA,NA,20150427,127082
HL,NS-IBTS,3,SE,77AR,GOV,60,NA,NA,480,41,2007,T,170992,1,NA,48,1,24,1,NA,3720,1,21,4,NA,NA,20150427,127082
HL,NS-IBTS,3,SE,77AR,GOV,60,NA,NA,480,41,2007,T,170992,1,NA,48,1,24,1,NA,3720,1,25,6,NA,NA,20150427,127082
HL,NS-IBTS,3,SE,77AR,GOV,60,NA,NA,480,41,2007,T,170992,1,NA,48,1,24,1,NA,3720,1,29,2,NA,NA,20150427,127082
HL,NS-IBTS,3,SE,77AR,GOV,60,NA,NA,489,48,2007,T,170992,1,NA,40,1,20,1,NA,3019,1,21,4,NA,NA,20150427,127082
HL,NS-IBTS,3,SE,77AR,GOV,60,NA,NA,489,48,2007,T,170992,1,NA,40,1,20,1,NA,3019,1,29,2,NA,NA,20150427,127082
HL,NS-IBTS,3,SE,77AR,GOV,60,NA,NA,489,48,2007,T,170992,1,NA,40,1,20,1,NA,3019,1,25,2,NA,NA,20150427,127082
HL,NS-IBTS,3,SE,77AR,GOV,60,NA,NA,486,46,2007,T,170992,1,NA,6,1,3,1,NA,165,1,14,2,NA,NA,20150427,127082
HL,NS-IBTS,3,SE,77AR,GOV,60,NA,NA,487,47,2007,T,170992,1,NA,24,1,12,1,NA,1539,1,22,8,NA,NA,20150427,127082
HL,NS-IBTS,3,SE,77AR,GOV,60,NA,NA,473,27,2008,T,170992,1,NA,32,1,16,1,NA,2279,1,14,2,NA,NA,20160606,127082
HL,NS-IBTS,3,SE,77AR,GOV,60,NA,NA,473,27,2008,T,170992,1,NA,32,1,16,1,NA,2279,1,16,2,NA,NA,20160606,127082
HL,NS-IBTS,3,SE,77AR,GOV,60,NA,NA,473,27,2008,T,170992,1,NA,32,1,16,1,NA,2279,1,17,2,NA,NA,20160606,127082
HL,NS-IBTS,3,SE,77AR,GOV,60,NA,NA,473,27,2008,T,170992,1,NA,32,1,16,1,NA,2279,1,19,4,NA,NA,20160606,127082
HL,NS-IBTS,3,SE,77AR,GOV,60,NA,NA,473,27,2008,T,170992,1,NA,32,1,16,1,NA,2279,1,21,2,NA,NA,20160606,127082
HL,NS-IBTS,3,SE,77AR,GOV,60,NA,NA,473,27,2008,T,170992,1,NA,32,1,16,1,NA,2279,1,22,6,NA,NA,20160606,127082
HL,NS-IBTS,3,SE,77AR,GOV,60,NA,NA,473,27,2008,T,170992,1,NA,32,1,16,1,NA,2279,1,23,6,NA,NA,20160606,127082
HL,NS-IBTS,3,SE,77AR,GOV,60,NA,NA,473,27,2008,T,170992,1,NA,32,1,16,1,NA,2279,1,24,4,NA,NA,20160606,127082
HL,NS-IBTS,3,SE,77AR,GOV,60,NA,NA,473,27,2008,T,170992,1,NA,32,1,16,1,NA,2279,1,25,2,NA,NA,20160606,127082
HL,NS-IBTS,3,SE,77AR,GOV,60,NA,NA,473,27,2008,T,170992,1,NA,32,1,16,1,NA,2279,1,26,2,NA,NA,20160606,127082
HL,NS-IBTS,3,SE,77AR,GOV,60,NA,NA,474,28,2008,T,170992,1,NA,862,1,94,1,NA,64199,1,14,9,NA,NA,20160606,127082
HL,NS-IBTS,3,SE,77AR,GOV,60,NA,NA,474,28,2008,T,170992,1,NA,862,1,94,1,NA,64199,1,15,9,NA,NA,20160606,127082
HL,NS-IBTS,3,SE,77AR,GOV,60,NA,NA,474,28,2008,T,170992,1,NA,862,1,94,1,NA,64199,1,16,9,NA,NA,20160606,127082
HL,NS-IBTS,3,SE,77AR,GOV,60,NA,NA,474,28,2008,T,170992,1,NA,862,1,94,1,NA,64199,1,19,82,NA,NA,20160606,127082
HL,NS-IBTS,3,SE,77AR,GOV,60,NA,NA,474,28,2008,T,170992,1,NA,862,1,94,1,NA,64199,1,20,18,NA,NA,20160606,127082
HL,NS-IBTS,3,SE,77AR,GOV,60,NA,NA,474,28,2008,T,170992,1,NA,862,1,94,1,NA,64199,1,21,128,NA,NA,20160606,127082
HL,NS-IBTS,3,SE,77AR,GOV,60,NA,NA,474,28,2008,T,170992,1,NA,862,1,94,1,NA,64199,1,22,137,NA,NA,20160606,127082
HL,NS-IBTS,3,SE,77AR,GOV,60,NA,NA,474,28,2008,T,170992,1,NA,862,1,94,1,NA,64199,1,23,146,NA,NA,20160606,127082
HL,NS-IBTS,3,SE,77AR,GOV,60,NA,NA,474,28,2008,T,170992,1,NA,862,1,94,1,NA,64199,1,24,91,NA,NA,20160606,127082
HL,NS-IBTS,3,SE,77AR,GOV,60,NA,NA,474,28,2008,T,170992,1,NA,862,1,94,1,NA,64199,1,25,91,NA,NA,20160606,127082
HL,NS-IBTS,3,SE,77AR,GOV,60,NA,NA,474,28,2008,T,170992,1,NA,862,1,94,1,NA,64199,1,26,45,NA,NA,20160606,127082
HL,NS-IBTS,3,SE,77AR,GOV,60,NA,NA,474,28,2008,T,170992,1,NA,862,1,94,1,NA,64199,1,27,36,NA,NA,20160606,127082
HL,NS-IBTS,3,SE,77AR,GOV,60,NA,NA,474,28,2008,T,170992,1,NA,862,1,94,1,NA,64199,1,28,45,NA,NA,20160606,127082
HL,NS-IBTS,3,SE,77AR,GOV,60,NA,NA,474,28,2008,T,170992,1,NA,862,1,94,1,NA,64199,1,30,9,NA,NA,20160606,127082
HL,NS-IBTS,3,SE,77AR,GOV,60,NA,NA,475,29,2008,T,170992,1,NA,46,1,23,1,NA,3440,1,18,2,NA,NA,20160606,127082
HL,NS-IBTS,3,SE,77AR,GOV,60,NA,NA,475,29,2008,T,170992,1,NA,46,1,23,1,NA,3440,1,20,2,NA,NA,20160606,127082
HL,NS-IBTS,3,SE,77AR,GOV,60,NA,NA,475,29,2008,T,170992,1,NA,46,1,23,1,NA,3440,1,21,8,NA,NA,20160606,127082
HL,NS-IBTS,3,SE,77AR,GOV,60,NA,NA,475,29,2008,T,170992,1,NA,46,1,23,1,NA,3440,1,22,10,NA,NA,20160606,127082
HL,NS-IBTS,3,SE,77AR,GOV,60,NA,NA,475,29,2008,T,170992,1,NA,46,1,23,1,NA,3440,1,23,6,NA,NA,20160606,127082
HL,NS-IBTS,3,SE,77AR,GOV,60,NA,NA,475,29,2008,T,170992,1,NA,46,1,23,1,NA,3440,1,24,8,NA,NA,20160606,127082
HL,NS-IBTS,3,SE,77AR,GOV,60,NA,NA,475,29,2008,T,170992,1,NA,46,1,23,1,NA,3440,1,25,4,NA,NA,20160606,127082
HL,NS-IBTS,3,SE,77AR,GOV,60,NA,NA,475,29,2008,T,170992,1,NA,46,1,23,1,NA,3440,1,26,4,NA,NA,20160606,127082
HL,NS-IBTS,3,SE,77AR,GOV,60,NA,NA,475,29,2008,T,170992,1,NA,46,1,23,1,NA,3440,1,31,2,NA,NA,20160606,127082
HL,NS-IBTS,3,SE,77AR,GOV,60,NA,NA,476,30,2008,T,170992,1,NA,30,1,15,1,NA,2579,1,18,2,NA,NA,20160606,127082
HL,NS-IBTS,3,SE,77AR,GOV,60,NA,NA,476,30,2008,T,170992,1,NA,30,1,15,1,NA,2579,1,20,8,NA,NA,20160606,127082
HL,NS-IBTS,3,SE,77AR,GOV,60,NA,NA,476,30,2008,T,170992,1,NA,30,1,15,1,NA,2579,1,23,4,NA,NA,20160606,127082
HL,NS-IBTS,3,SE,77AR,GOV,60,NA,NA,476,30,2008,T,170992,1,NA,30,1,15,1,NA,2579,1,24,6,NA,NA,20160606,127082
HL,NS-IBTS,3,SE,77AR,GOV,60,NA,NA,476,30,2008,T,170992,1,NA,30,1,15,1,NA,2579,1,25,2,NA,NA,20160606,127082
HL,NS-IBTS,3,SE,77AR,GOV,60,NA,NA,476,30,2008,T,170992,1,NA,30,1,15,1,NA,2579,1,26,2,NA,NA,20160606,127082
HL,NS-IBTS,3,SE,77AR,GOV,60,NA,NA,476,30,2008,T,170992,1,NA,30,1,15,1,NA,2579,1,28,4,NA,NA,20160606,127082
HL,NS-IBTS,3,SE,77AR,GOV,60,NA,NA,476,30,2008,T,170992,1,NA,30,1,15,1,NA,2579,1,29,2,NA,NA,20160606,127082
HL,NS-IBTS,3,SE,77AR,GOV,60,NA,NA,479,31,2008,T,170992,1,NA,14,1,7,1,NA,1100,1,22,6,NA,NA,20160606,127082
HL,NS-IBTS,3,SE,77AR,GOV,60,NA,NA,479,31,2008,T,170992,1,NA,14,1,7,1,NA,1100,1,23,4,NA,NA,20160606,127082
HL,NS-IBTS,3,SE,77AR,GOV,60,NA,NA,479,31,2008,T,170992,1,NA,14,1,7,1,NA,1100,1,25,2,NA,NA,20160606,127082
HL,NS-IBTS,3,SE,77AR,GOV,60,NA,NA,479,31,2008,T,170992,1,NA,14,1,7,1,NA,1100,1,27,2,NA,NA,20160606,127082
HL,NS-IBTS,3,SE,77AR,GOV,60,NA,NA,480,32,2008,T,170992,1,NA,8,1,4,1,NA,939,1,22,2,NA,NA,20160606,127082
HL,NS-IBTS,3,SE,77AR,GOV,60,NA,NA,480,32,2008,T,170992,1,NA,8,1,4,1,NA,939,1,23,2,NA,NA,20160606,127082
HL,NS-IBTS,3,SE,77AR,GOV,60,NA,NA,480,32,2008,T,170992,1,NA,8,1,4,1,NA,939,1,25,2,NA,NA,20160606,127082
HL,NS-IBTS,3,SE,77AR,GOV,60,NA,NA,480,32,2008,T,170992,1,NA,8,1,4,1,NA,939,1,32,2,NA,NA,20160606,127082
HL,NS-IBTS,3,SE,77AR,GOV,60,NA,NA,481,33,2008,T,170992,1,NA,2,1,1,1,NA,259,1,26,2,NA,NA,20160606,127082
HL,NS-IBTS,3,SE,77AR,GOV,60,NA,NA,482,34,2008,T,170992,1,NA,2,1,1,1,NA,119,1,22,2,NA,NA,20160606,127082
HL,NS-IBTS,3,SE,77AR,GOV,60,NA,NA,487,37,2008,T,170992,1,NA,164,1,82,1,NA,14479,1,19,2,NA,NA,20160606,127082
HL,NS-IBTS,3,SE,77AR,GOV,60,NA,NA,487,37,2008,T,170992,1,NA,164,1,82,1,NA,14479,1,20,8,NA,NA,20160606,127082
HL,NS-IBTS,3,SE,77AR,GOV,60,NA,NA,487,37,2008,T,170992,1,NA,164,1,82,1,NA,14479,1,21,12,NA,NA,20160606,127082
HL,NS-IBTS,3,SE,77AR,GOV,60,NA,NA,487,37,2008,T,170992,1,NA,164,1,82,1,NA,14479,1,22,24,NA,NA,20160606,127082
HL,NS-IBTS,3,SE,77AR,GOV,60,NA,NA,487,37,2008,T,170992,1,NA,164,1,82,1,NA,14479,1,23,30,NA,NA,20160606,127082
HL,NS-IBTS,3,SE,77AR,GOV,60,NA,NA,487,37,2008,T,170992,1,NA,164,1,82,1,NA,14479,1,24,30,NA,NA,20160606,127082
HL,NS-IBTS,3,SE,77AR,GOV,60,NA,NA,487,37,2008,T,170992,1,NA,164,1,82,1,NA,14479,1,25,14,NA,NA,20160606,127082
HL,NS-IBTS,3,SE,77AR,GOV,60,NA,NA,487,37,2008,T,170992,1,NA,164,1,82,1,NA,14479,1,26,18,NA,NA,20160606,127082
HL,NS-IBTS,3,SE,77AR,GOV,60,NA,NA,487,37,2008,T,170992,1,NA,164,1,82,1,NA,14479,1,27,10,NA,NA,20160606,127082
HL,NS-IBTS,3,SE,77AR,GOV,60,NA,NA,487,37,2008,T,170992,1,NA,164,1,82,1,NA,14479,1,28,10,NA,NA,20160606,127082
HL,NS-IBTS,3,SE,77AR,GOV,60,NA,NA,487,37,2008,T,170992,1,NA,164,1,82,1,NA,14479,1,30,4,NA,NA,20160606,127082
HL,NS-IBTS,3,SE,77AR,GOV,60,NA,NA,487,37,2008,T,170992,1,NA,164,1,82,1,NA,14479,1,32,2,NA,NA,20160606,127082
HL,NS-IBTS,3,SE,77AR,GOV,60,NA,NA,488,38,2008,T,170992,1,NA,70,1,35,1,NA,5460,1,17,4,NA,NA,20160606,127082
HL,NS-IBTS,3,SE,77AR,GOV,60,NA,NA,488,38,2008,T,170992,1,NA,70,1,35,1,NA,5460,1,19,6,NA,NA,20160606,127082
HL,NS-IBTS,3,SE,77AR,GOV,60,NA,NA,488,38,2008,T,170992,1,NA,70,1,35,1,NA,5460,1,20,8,NA,NA,20160606,127082
HL,NS-IBTS,3,SE,77AR,GOV,60,NA,NA,488,38,2008,T,170992,1,NA,70,1,35,1,NA,5460,1,21,8,NA,NA,20160606,127082
HL,NS-IBTS,3,SE,77AR,GOV,60,NA,NA,488,38,2008,T,170992,1,NA,70,1,35,1,NA,5460,1,22,10,NA,NA,20160606,127082
HL,NS-IBTS,3,SE,77AR,GOV,60,NA,NA,488,38,2008,T,170992,1,NA,70,1,35,1,NA,5460,1,23,8,NA,NA,20160606,127082
HL,NS-IBTS,3,SE,77AR,GOV,60,NA,NA,488,38,2008,T,170992,1,NA,70,1,35,1,NA,5460,1,24,6,NA,NA,20160606,127082
HL,NS-IBTS,3,SE,77AR,GOV,60,NA,NA,488,38,2008,T,170992,1,NA,70,1,35,1,NA,5460,1,25,6,NA,NA,20160606,127082
HL,NS-IBTS,3,SE,77AR,GOV,60,NA,NA,488,38,2008,T,170992,1,NA,70,1,35,1,NA,5460,1,26,6,NA,NA,20160606,127082
HL,NS-IBTS,3,SE,77AR,GOV,60,NA,NA,488,38,2008,T,170992,1,NA,70,1,35,1,NA,5460,1,28,8,NA,NA,20160606,127082
HL,NS-IBTS,3,SE,77AR,GOV,60,NA,NA,454,11,2008,T,170992,1,NA,192,1,96,1,NA,33400,1,23,2,NA,NA,20160606,127082
HL,NS-IBTS,3,SE,77AR,GOV,60,NA,NA,454,11,2008,T,170992,1,NA,192,1,96,1,NA,33400,1,24,8,NA,NA,20160606,127082
HL,NS-IBTS,3,SE,77AR,GOV,60,NA,NA,454,11,2008,T,170992,1,NA,192,1,96,1,NA,33400,1,25,18,NA,NA,20160606,127082
HL,NS-IBTS,3,SE,77AR,GOV,60,NA,NA,454,11,2008,T,170992,1,NA,192,1,96,1,NA,33400,1,26,16,NA,NA,20160606,127082
HL,NS-IBTS,3,SE,77AR,GOV,60,NA,NA,454,11,2008,T,170992,1,NA,192,1,96,1,NA,33400,1,27,12,NA,NA,20160606,127082
HL,NS-IBTS,3,SE,77AR,GOV,60,NA,NA,454,11,2008,T,170992,1,NA,192,1,96,1,NA,33400,1,28,20,NA,NA,20160606,127082
HL,NS-IBTS,3,SE,77AR,GOV,60,NA,NA,454,11,2008,T,170992,1,NA,192,1,96,1,NA,33400,1,29,20,NA,NA,20160606,127082
HL,NS-IBTS,3,SE,77AR,GOV,60,NA,NA,454,11,2008,T,170992,1,NA,192,1,96,1,NA,33400,1,30,26,NA,NA,20160606,127082
HL,NS-IBTS,3,SE,77AR,GOV,60,NA,NA,454,11,2008,T,170992,1,NA,192,1,96,1,NA,33400,1,31,14,NA,NA,20160606,127082
HL,NS-IBTS,3,SE,77AR,GOV,60,NA,NA,454,11,2008,T,170992,1,NA,192,1,96,1,NA,33400,1,32,22,NA,NA,20160606,127082
HL,NS-IBTS,3,SE,77AR,GOV,60,NA,NA,454,11,2008,T,170992,1,NA,192,1,96,1,NA,33400,1,33,16,NA,NA,20160606,127082
HL,NS-IBTS,3,SE,77AR,GOV,60,NA,NA,454,11,2008,T,170992,1,NA,192,1,96,1,NA,33400,1,34,6,NA,NA,20160606,127082
HL,NS-IBTS,3,SE,77AR,GOV,60,NA,NA,454,11,2008,T,170992,1,NA,192,1,96,1,NA,33400,1,36,4,NA,NA,20160606,127082
HL,NS-IBTS,3,SE,77AR,GOV,60,NA,NA,454,11,2008,T,170992,1,NA,192,1,96,1,NA,33400,1,37,6,NA,NA,20160606,127082
HL,NS-IBTS,3,SE,77AR,GOV,60,NA,NA,454,11,2008,T,170992,1,NA,192,1,96,1,NA,33400,1,38,2,NA,NA,20160606,127082
HL,NS-IBTS,3,SE,77AR,GOV,60,NA,NA,457,14,2008,T,170992,1,NA,120,1,60,1,NA,18200,1,19,2,NA,NA,20160606,127082
HL,NS-IBTS,3,SE,77AR,GOV,60,NA,NA,457,14,2008,T,170992,1,NA,120,1,60,1,NA,18200,1,22,6,NA,NA,20160606,127082
HL,NS-IBTS,3,SE,77AR,GOV,60,NA,NA,457,14,2008,T,170992,1,NA,120,1,60,1,NA,18200,1,23,2,NA,NA,20160606,127082
HL,NS-IBTS,3,SE,77AR,GOV,60,NA,NA,457,14,2008,T,170992,1,NA,120,1,60,1,NA,18200,1,24,6,NA,NA,20160606,127082
HL,NS-IBTS,3,SE,77AR,GOV,60,NA,NA,457,14,2008,T,170992,1,NA,120,1,60,1,NA,18200,1,25,6,NA,NA,20160606,127082
HL,NS-IBTS,3,SE,77AR,GOV,60,NA,NA,457,14,2008,T,170992,1,NA,120,1,60,1,NA,18200,1,26,20,NA,NA,20160606,127082
HL,NS-IBTS,3,SE,77AR,GOV,60,NA,NA,457,14,2008,T,170992,1,NA,120,1,60,1,NA,18200,1,27,12,NA,NA,20160606,127082
HL,NS-IBTS,3,SE,77AR,GOV,60,NA,NA,456,13,2008,T,170992,1,NA,100,1,50,1,NA,18000,1,23,2,NA,NA,20160606,127082
HL,NS-IBTS,3,SE,77AR,GOV,60,NA,NA,456,13,2008,T,170992,1,NA,100,1,50,1,NA,18000,1,24,4,NA,NA,20160606,127082
HL,NS-IBTS,3,SE,77AR,GOV,60,NA,NA,456,13,2008,T,170992,1,NA,100,1,50,1,NA,18000,1,25,10,NA,NA,20160606,127082
HL,NS-IBTS,3,SE,77AR,GOV,60,NA,NA,456,13,2008,T,170992,1,NA,100,1,50,1,NA,18000,1,26,4,NA,NA,20160606,127082
HL,NS-IBTS,3,SE,77AR,GOV,60,NA,NA,456,13,2008,T,170992,1,NA,100,1,50,1,NA,18000,1,27,16,NA,NA,20160606,127082
HL,NS-IBTS,3,SE,77AR,GOV,60,NA,NA,456,13,2008,T,170992,1,NA,100,1,50,1,NA,18000,1,28,8,NA,NA,20160606,127082
HL,NS-IBTS,3,SE,77AR,GOV,60,NA,NA,456,13,2008,T,170992,1,NA,100,1,50,1,NA,18000,1,29,8,NA,NA,20160606,127082
HL,NS-IBTS,3,SE,77AR,GOV,60,NA,NA,456,13,2008,T,170992,1,NA,100,1,50,1,NA,18000,1,30,2,NA,NA,20160606,127082
HL,NS-IBTS,3,SE,77AR,GOV,60,NA,NA,456,13,2008,T,170992,1,NA,100,1,50,1,NA,18000,1,31,4,NA,NA,20160606,127082
HL,NS-IBTS,3,SE,77AR,GOV,60,NA,NA,456,13,2008,T,170992,1,NA,100,1,50,1,NA,18000,1,32,16,NA,NA,20160606,127082
HL,NS-IBTS,3,SE,77AR,GOV,60,NA,NA,456,13,2008,T,170992,1,NA,100,1,50,1,NA,18000,1,33,6,NA,NA,20160606,127082
HL,NS-IBTS,3,SE,77AR,GOV,60,NA,NA,456,13,2008,T,170992,1,NA,100,1,50,1,NA,18000,1,34,10,NA,NA,20160606,127082
HL,NS-IBTS,3,SE,77AR,GOV,60,NA,NA,456,13,2008,T,170992,1,NA,100,1,50,1,NA,18000,1,35,4,NA,NA,20160606,127082
HL,NS-IBTS,3,SE,77AR,GOV,60,NA,NA,456,13,2008,T,170992,1,NA,100,1,50,1,NA,18000,1,36,6,NA,NA,20160606,127082
HL,NS-IBTS,3,SE,77AR,GOV,60,NA,NA,458,15,2008,T,170992,1,NA,52,1,26,1,NA,5380,1,19,2,NA,NA,20160606,127082
HL,NS-IBTS,3,SE,77AR,GOV,60,NA,NA,458,15,2008,T,170992,1,NA,52,1,26,1,NA,5380,1,20,4,NA,NA,20160606,127082
HL,NS-IBTS,3,SE,77AR,GOV,60,NA,NA,458,15,2008,T,170992,1,NA,52,1,26,1,NA,5380,1,21,6,NA,NA,20160606,127082
HL,NS-IBTS,3,SE,77AR,GOV,60,NA,NA,458,15,2008,T,170992,1,NA,52,1,26,1,NA,5380,1,22,4,NA,NA,20160606,127082
HL,NS-IBTS,3,SE,77AR,GOV,60,NA,NA,458,15,2008,T,170992,1,NA,52,1,26,1,NA,5380,1,23,4,NA,NA,20160606,127082
HL,NS-IBTS,3,SE,77AR,GOV,60,NA,NA,458,15,2008,T,170992,1,NA,52,1,26,1,NA,5380,1,24,10,NA,NA,20160606,127082
HL,NS-IBTS,3,SE,77AR,GOV,60,NA,NA,458,15,2008,T,170992,1,NA,52,1,26,1,NA,5380,1,25,6,NA,NA,20160606,127082
HL,NS-IBTS,3,SE,77AR,GOV,60,NA,NA,458,15,2008,T,170992,1,NA,52,1,26,1,NA,5380,1,26,4,NA,NA,20160606,127082
HL,NS-IBTS,3,SE,77AR,GOV,60,NA,NA,458,15,2008,T,170992,1,NA,52,1,26,1,NA,5380,1,28,6,NA,NA,20160606,127082
HL,NS-IBTS,3,SE,77AR,GOV,60,NA,NA,458,15,2008,T,170992,1,NA,52,1,26,1,NA,5380,1,29,2,NA,NA,20160606,127082
HL,NS-IBTS,3,SE,77AR,GOV,60,NA,NA,458,15,2008,T,170992,1,NA,52,1,26,1,NA,5380,1,30,4,NA,NA,20160606,127082
HL,NS-IBTS,3,SE,77AR,GOV,60,NA,NA,459,16,2008,T,170992,1,NA,138,1,69,1,NA,18399,1,20,6,NA,NA,20160606,127082
HL,NS-IBTS,3,SE,77AR,GOV,60,NA,NA,459,16,2008,T,170992,1,NA,138,1,69,1,NA,18399,1,21,6,NA,NA,20160606,127082
HL,NS-IBTS,3,SE,77AR,GOV,60,NA,NA,459,16,2008,T,170992,1,NA,138,1,69,1,NA,18399,1,22,4,NA,NA,20160606,127082
HL,NS-IBTS,3,SE,77AR,GOV,60,NA,NA,459,16,2008,T,170992,1,NA,138,1,69,1,NA,18399,1,23,12,NA,NA,20160606,127082
HL,NS-IBTS,3,SE,77AR,GOV,60,NA,NA,459,16,2008,T,170992,1,NA,138,1,69,1,NA,18399,1,24,8,NA,NA,20160606,127082
HL,NS-IBTS,3,SE,77AR,GOV,60,NA,NA,459,16,2008,T,170992,1,NA,138,1,69,1,NA,18399,1,25,16,NA,NA,20160606,127082
HL,NS-IBTS,3,SE,77AR,GOV,60,NA,NA,459,16,2008,T,170992,1,NA,138,1,69,1,NA,18399,1,26,10,NA,NA,20160606,127082
HL,NS-IBTS,3,SE,77AR,GOV,60,NA,NA,459,16,2008,T,170992,1,NA,138,1,69,1,NA,18399,1,27,20,NA,NA,20160606,127082
HL,NS-IBTS,3,SE,77AR,GOV,60,NA,NA,459,16,2008,T,170992,1,NA,138,1,69,1,NA,18399,1,28,12,NA,NA,20160606,127082
HL,NS-IBTS,3,SE,77AR,GOV,60,NA,NA,459,16,2008,T,170992,1,NA,138,1,69,1,NA,18399,1,29,18,NA,NA,20160606,127082
HL,NS-IBTS,3,SE,77AR,GOV,60,NA,NA,459,16,2008,T,170992,1,NA,138,1,69,1,NA,18399,1,30,6,NA,NA,20160606,127082
HL,NS-IBTS,3,SE,77AR,GOV,60,NA,NA,459,16,2008,T,170992,1,NA,138,1,69,1,NA,18399,1,31,14,NA,NA,20160606,127082
HL,NS-IBTS,3,SE,77AR,GOV,60,NA,NA,459,16,2008,T,170992,1,NA,138,1,69,1,NA,18399,1,32,2,NA,NA,20160606,127082
HL,NS-IBTS,3,SE,77AR,GOV,60,NA,NA,459,16,2008,T,170992,1,NA,138,1,69,1,NA,18399,1,33,2,NA,NA,20160606,127082
HL,NS-IBTS,3,SE,77AR,GOV,60,NA,NA,459,16,2008,T,170992,1,NA,138,1,69,1,NA,18399,1,36,2,NA,NA,20160606,127082
HL,NS-IBTS,3,SE,77AR,GOV,60,NA,NA,460,17,2008,T,170992,1,NA,22,1,11,1,NA,1980,1,18,2,NA,NA,20160606,127082
HL,NS-IBTS,3,SE,77AR,GOV,60,NA,NA,460,17,2008,T,170992,1,NA,22,1,11,1,NA,1980,1,20,6,NA,NA,20160606,127082
HL,NS-IBTS,3,SE,77AR,GOV,60,NA,NA,460,17,2008,T,170992,1,NA,22,1,11,1,NA,1980,1,22,4,NA,NA,20160606,127082
HL,NS-IBTS,3,SE,77AR,GOV,60,NA,NA,460,17,2008,T,170992,1,NA,22,1,11,1,NA,1980,1,26,2,NA,NA,20160606,127082
HL,NS-IBTS,3,SE,77AR,GOV,60,NA,NA,460,17,2008,T,170992,1,NA,22,1,11,1,NA,1980,1,27,4,NA,NA,20160606,127082
HL,NS-IBTS,3,SE,77AR,GOV,60,NA,NA,460,17,2008,T,170992,1,NA,22,1,11,1,NA,1980,1,30,4,NA,NA,20160606,127082
HL,NS-IBTS,3,SE,77AR,GOV,60,NA,NA,461,18,2008,T,170992,1,NA,22,1,11,1,NA,2740,1,16,2,NA,NA,20160606,127082
HL,NS-IBTS,3,SE,77AR,GOV,60,NA,NA,461,18,2008,T,170992,1,NA,22,1,11,1,NA,2740,1,22,4,NA,NA,20160606,127082
HL,NS-IBTS,3,SE,77AR,GOV,60,NA,NA,461,18,2008,T,170992,1,NA,22,1,11,1,NA,2740,1,23,2,NA,NA,20160606,127082
HL,NS-IBTS,3,SE,77AR,GOV,60,NA,NA,461,18,2008,T,170992,1,NA,22,1,11,1,NA,2740,1,24,2,NA,NA,20160606,127082
HL,NS-IBTS,3,SE,77AR,GOV,60,NA,NA,461,18,2008,T,170992,1,NA,22,1,11,1,NA,2740,1,25,2,NA,NA,20160606,127082
HL,NS-IBTS,3,SE,77AR,GOV,60,NA,NA,461,18,2008,T,170992,1,NA,22,1,11,1,NA,2740,1,26,2,NA,NA,20160606,127082
HL,NS-IBTS,3,SE,77AR,GOV,60,NA,NA,461,18,2008,T,170992,1,NA,22,1,11,1,NA,2740,1,28,2,NA,NA,20160606,127082
HL,NS-IBTS,3,SE,77AR,GOV,60,NA,NA,461,18,2008,T,170992,1,NA,22,1,11,1,NA,2740,1,32,4,NA,NA,20160606,127082
HL,NS-IBTS,3,SE,77AR,GOV,60,NA,NA,461,18,2008,T,170992,1,NA,22,1,11,1,NA,2740,1,34,2,NA,NA,20160606,127082
HL,NS-IBTS,3,SE,77AR,GOV,60,NA,NA,463,19,2008,T,170992,1,NA,307,1,79,1,NA,27600,1,17,3,NA,NA,20160606,127082
HL,NS-IBTS,3,SE,77AR,GOV,60,NA,NA,463,19,2008,T,170992,1,NA,307,1,79,1,NA,27600,1,18,7,NA,NA,20160606,127082
HL,NS-IBTS,3,SE,77AR,GOV,60,NA,NA,463,19,2008,T,170992,1,NA,307,1,79,1,NA,27600,1,19,11,NA,NA,20160606,127082
HL,NS-IBTS,3,SE,77AR,GOV,60,NA,NA,463,19,2008,T,170992,1,NA,307,1,79,1,NA,27600,1,20,27,NA,NA,20160606,127082
HL,NS-IBTS,3,SE,77AR,GOV,60,NA,NA,463,19,2008,T,170992,1,NA,307,1,79,1,NA,27600,1,21,46,NA,NA,20160606,127082
HL,NS-IBTS,3,SE,77AR,GOV,60,NA,NA,463,19,2008,T,170992,1,NA,307,1,79,1,NA,27600,1,22,31,NA,NA,20160606,127082
HL,NS-IBTS,3,SE,77AR,GOV,60,NA,NA,463,19,2008,T,170992,1,NA,307,1,79,1,NA,27600,1,23,50,NA,NA,20160606,127082
HL,NS-IBTS,3,SE,77AR,GOV,60,NA,NA,463,19,2008,T,170992,1,NA,307,1,79,1,NA,27600,1,24,34,NA,NA,20160606,127082
HL,NS-IBTS,3,SE,77AR,GOV,60,NA,NA,463,19,2008,T,170992,1,NA,307,1,79,1,NA,27600,1,25,23,NA,NA,20160606,127082
HL,NS-IBTS,3,SE,77AR,GOV,60,NA,NA,463,19,2008,T,170992,1,NA,307,1,79,1,NA,27600,1,26,23,NA,NA,20160606,127082
HL,NS-IBTS,3,SE,77AR,GOV,60,NA,NA,463,19,2008,T,170992,1,NA,307,1,79,1,NA,27600,1,27,15,NA,NA,20160606,127082
HL,NS-IBTS,3,SE,77AR,GOV,60,NA,NA,463,19,2008,T,170992,1,NA,307,1,79,1,NA,27600,1,28,15,NA,NA,20160606,127082
HL,NS-IBTS,3,SE,77AR,GOV,60,NA,NA,463,19,2008,T,170992,1,NA,307,1,79,1,NA,27600,1,29,3,NA,NA,20160606,127082
HL,NS-IBTS,3,SE,77AR,GOV,60,NA,NA,463,19,2008,T,170992,1,NA,307,1,79,1,NA,27600,1,30,3,NA,NA,20160606,127082
HL,NS-IBTS,3,SE,77AR,GOV,60,NA,NA,463,19,2008,T,170992,1,NA,307,1,79,1,NA,27600,1,31,3,NA,NA,20160606,127082
HL,NS-IBTS,3,SE,77AR,GOV,60,NA,NA,463,19,2008,T,170992,1,NA,307,1,79,1,NA,27600,1,32,3,NA,NA,20160606,127082
HL,NS-IBTS,3,SE,77AR,GOV,60,NA,NA,464,20,2008,T,170992,1,NA,5886,1,135,1,NA,427285,1,13,43,NA,NA,20160606,127082
HL,NS-IBTS,3,SE,77AR,GOV,60,NA,NA,464,20,2008,T,170992,1,NA,5886,1,135,1,NA,427285,1,14,130,NA,NA,20160606,127082
HL,NS-IBTS,3,SE,77AR,GOV,60,NA,NA,464,20,2008,T,170992,1,NA,5886,1,135,1,NA,427285,1,15,87,NA,NA,20160606,127082
HL,NS-IBTS,3,SE,77AR,GOV,60,NA,NA,464,20,2008,T,170992,1,NA,5886,1,135,1,NA,427285,1,16,43,NA,NA,20160606,127082
HL,NS-IBTS,3,SE,77AR,GOV,60,NA,NA,464,20,2008,T,170992,1,NA,5886,1,135,1,NA,427285,1,17,87,NA,NA,20160606,127082
HL,NS-IBTS,3,SE,77AR,GOV,60,NA,NA,464,20,2008,T,170992,1,NA,5886,1,135,1,NA,427285,1,18,261,NA,NA,20160606,127082
HL,NS-IBTS,3,SE,77AR,GOV,60,NA,NA,464,20,2008,T,170992,1,NA,5886,1,135,1,NA,427285,1,19,610,NA,NA,20160606,127082
HL,NS-IBTS,3,SE,77AR,GOV,60,NA,NA,464,20,2008,T,170992,1,NA,5886,1,135,1,NA,427285,1,20,828,NA,NA,20160606,127082
HL,NS-IBTS,3,SE,77AR,GOV,60,NA,NA,464,20,2008,T,170992,1,NA,5886,1,135,1,NA,427285,1,21,1133,NA,NA,20160606,127082
HL,NS-IBTS,3,SE,77AR,GOV,60,NA,NA,464,20,2008,T,170992,1,NA,5886,1,135,1,NA,427285,1,22,741,NA,NA,20160606,127082
HL,NS-IBTS,3,SE,77AR,GOV,60,NA,NA,464,20,2008,T,170992,1,NA,5886,1,135,1,NA,427285,1,23,348,NA,NA,20160606,127082
HL,NS-IBTS,3,SE,77AR,GOV,60,NA,NA,464,20,2008,T,170992,1,NA,5886,1,135,1,NA,427285,1,24,436,NA,NA,20160606,127082
HL,NS-IBTS,3,SE,77AR,GOV,60,NA,NA,464,20,2008,T,170992,1,NA,5886,1,135,1,NA,427285,1,25,305,NA,NA,20160606,127082
HL,NS-IBTS,3,SE,77AR,GOV,60,NA,NA,464,20,2008,T,170992,1,NA,5886,1,135,1,NA,427285,1,26,130,NA,NA,20160606,127082
HL,NS-IBTS,3,SE,77AR,GOV,60,NA,NA,464,20,2008,T,170992,1,NA,5886,1,135,1,NA,427285,1,27,305,NA,NA,20160606,127082
HL,NS-IBTS,3,SE,77AR,GOV,60,NA,NA,464,20,2008,T,170992,1,NA,5886,1,135,1,NA,427285,1,28,87,NA,NA,20160606,127082
HL,NS-IBTS,3,SE,77AR,GOV,60,NA,NA,464,20,2008,T,170992,1,NA,5886,1,135,1,NA,427285,1,29,43,NA,NA,20160606,127082
HL,NS-IBTS,3,SE,77AR,GOV,60,NA,NA,464,20,2008,T,170992,1,NA,5886,1,135,1,NA,427285,1,30,43,NA,NA,20160606,127082
HL,NS-IBTS,3,SE,77AR,GOV,60,NA,NA,464,20,2008,T,170992,1,NA,5886,1,135,1,NA,427285,1,31,130,NA,NA,20160606,127082
HL,NS-IBTS,3,SE,77AR,GOV,60,NA,NA,464,20,2008,T,170992,1,NA,5886,1,135,1,NA,427285,1,32,87,NA,NA,20160606,127082
HL,NS-IBTS,3,SE,77AR,GOV,60,NA,NA,465,21,2008,T,170992,1,NA,222,1,111,1,NA,18799,1,17,2,NA,NA,20160606,127082
HL,NS-IBTS,3,SE,77AR,GOV,60,NA,NA,465,21,2008,T,170992,1,NA,222,1,111,1,NA,18799,1,18,4,NA,NA,20160606,127082
HL,NS-IBTS,3,SE,77AR,GOV,60,NA,NA,465,21,2008,T,170992,1,NA,222,1,111,1,NA,18799,1,19,6,NA,NA,20160606,127082
HL,NS-IBTS,3,SE,77AR,GOV,60,NA,NA,465,21,2008,T,170992,1,NA,222,1,111,1,NA,18799,1,20,14,NA,NA,20160606,127082
HL,NS-IBTS,3,SE,77AR,GOV,60,NA,NA,465,21,2008,T,170992,1,NA,222,1,111,1,NA,18799,1,21,26,NA,NA,20160606,127082
HL,NS-IBTS,3,SE,77AR,GOV,60,NA,NA,465,21,2008,T,170992,1,NA,222,1,111,1,NA,18799,1,22,30,NA,NA,20160606,127082
HL,NS-IBTS,3,SE,77AR,GOV,60,NA,NA,465,21,2008,T,170992,1,NA,222,1,111,1,NA,18799,1,23,36,NA,NA,20160606,127082
HL,NS-IBTS,3,SE,77AR,GOV,60,NA,NA,465,21,2008,T,170992,1,NA,222,1,111,1,NA,18799,1,24,22,NA,NA,20160606,127082
HL,NS-IBTS,3,SE,77AR,GOV,60,NA,NA,465,21,2008,T,170992,1,NA,222,1,111,1,NA,18799,1,25,38,NA,NA,20160606,127082
HL,NS-IBTS,3,SE,77AR,GOV,60,NA,NA,465,21,2008,T,170992,1,NA,222,1,111,1,NA,18799,1,26,16,NA,NA,20160606,127082
HL,NS-IBTS,3,SE,77AR,GOV,60,NA,NA,465,21,2008,T,170992,1,NA,222,1,111,1,NA,18799,1,27,12,NA,NA,20160606,127082
HL,NS-IBTS,3,SE,77AR,GOV,60,NA,NA,465,21,2008,T,170992,1,NA,222,1,111,1,NA,18799,1,28,6,NA,NA,20160606,127082
HL,NS-IBTS,3,SE,77AR,GOV,60,NA,NA,465,21,2008,T,170992,1,NA,222,1,111,1,NA,18799,1,29,2,NA,NA,20160606,127082
HL,NS-IBTS,3,SE,77AR,GOV,60,NA,NA,465,21,2008,T,170992,1,NA,222,1,111,1,NA,18799,1,30,6,NA,NA,20160606,127082
HL,NS-IBTS,3,SE,77AR,GOV,60,NA,NA,465,21,2008,T,170992,1,NA,222,1,111,1,NA,18799,1,31,2,NA,NA,20160606,127082
HL,NS-IBTS,3,SE,77AR,GOV,60,NA,NA,466,22,2008,T,170992,1,NA,180,1,90,1,NA,13380,1,15,2,NA,NA,20160606,127082
HL,NS-IBTS,3,SE,77AR,GOV,60,NA,NA,466,22,2008,T,170992,1,NA,180,1,90,1,NA,13380,1,16,6,NA,NA,20160606,127082
HL,NS-IBTS,3,SE,77AR,GOV,60,NA,NA,466,22,2008,T,170992,1,NA,180,1,90,1,NA,13380,1,17,4,NA,NA,20160606,127082
HL,NS-IBTS,3,SE,77AR,GOV,60,NA,NA,466,22,2008,T,170992,1,NA,180,1,90,1,NA,13380,1,18,6,NA,NA,20160606,127082
HL,NS-IBTS,3,SE,77AR,GOV,60,NA,NA,466,22,2008,T,170992,1,NA,180,1,90,1,NA,13380,1,19,4,NA,NA,20160606,127082
HL,NS-IBTS,3,SE,77AR,GOV,60,NA,NA,466,22,2008,T,170992,1,NA,180,1,90,1,NA,13380,1,20,10,NA,NA,20160606,127082
HL,NS-IBTS,3,SE,77AR,GOV,60,NA,NA,466,22,2008,T,170992,1,NA,180,1,90,1,NA,13380,1,21,20,NA,NA,20160606,127082
HL,NS-IBTS,3,SE,77AR,GOV,60,NA,NA,466,22,2008,T,170992,1,NA,180,1,90,1,NA,13380,1,22,30,NA,NA,20160606,127082
HL,NS-IBTS,3,SE,77AR,GOV,60,NA,NA,466,22,2008,T,170992,1,NA,180,1,90,1,NA,13380,1,23,32,NA,NA,20160606,127082
HL,NS-IBTS,3,SE,77AR,GOV,60,NA,NA,466,22,2008,T,170992,1,NA,180,1,90,1,NA,13380,1,24,24,NA,NA,20160606,127082
HL,NS-IBTS,3,SE,77AR,GOV,60,NA,NA,466,22,2008,T,170992,1,NA,180,1,90,1,NA,13380,1,25,26,NA,NA,20160606,127082
HL,NS-IBTS,3,SE,77AR,GOV,60,NA,NA,466,22,2008,T,170992,1,NA,180,1,90,1,NA,13380,1,26,6,NA,NA,20160606,127082
HL,NS-IBTS,3,SE,77AR,GOV,60,NA,NA,466,22,2008,T,170992,1,NA,180,1,90,1,NA,13380,1,27,4,NA,NA,20160606,127082
HL,NS-IBTS,3,SE,77AR,GOV,60,NA,NA,466,22,2008,T,170992,1,NA,180,1,90,1,NA,13380,1,28,6,NA,NA,20160606,127082
HL,NS-IBTS,3,SE,77AR,GOV,60,NA,NA,467,23,2008,T,170992,1,NA,8,1,4,1,NA,419,1,18,2,NA,NA,20160606,127082
HL,NS-IBTS,3,SE,77AR,GOV,60,NA,NA,467,23,2008,T,170992,1,NA,8,1,4,1,NA,419,1,19,2,NA,NA,20160606,127082
HL,NS-IBTS,3,SE,77AR,GOV,60,NA,NA,467,23,2008,T,170992,1,NA,8,1,4,1,NA,419,1,20,2,NA,NA,20160606,127082
HL,NS-IBTS,3,SE,77AR,GOV,60,NA,NA,467,23,2008,T,170992,1,NA,8,1,4,1,NA,419,1,21,2,NA,NA,20160606,127082
HL,NS-IBTS,3,SE,77AR,GOV,60,NA,NA,442,1,2008,T,170992,0,NA,10,1,5,1,NA,980,1,16,2,NA,NA,20160606,127082
HL,NS-IBTS,3,SE,77AR,GOV,60,NA,NA,442,1,2008,T,170992,0,NA,10,1,5,1,NA,980,1,21,2,NA,NA,20160606,127082
HL,NS-IBTS,3,SE,77AR,GOV,60,NA,NA,442,1,2008,T,170992,0,NA,10,1,5,1,NA,980,1,26,2,NA,NA,20160606,127082
HL,NS-IBTS,3,SE,77AR,GOV,60,NA,NA,442,1,2008,T,170992,0,NA,10,1,5,1,NA,980,1,27,2,NA,NA,20160606,127082
HL,NS-IBTS,3,SE,77AR,GOV,60,NA,NA,442,1,2008,T,170992,0,NA,10,1,5,1,NA,980,1,30,2,NA,NA,20160606,127082
HL,NS-IBTS,3,SE,77AR,GOV,60,NA,NA,490,39,2008,T,170992,1,NA,80,1,40,1,NA,6320,1,15,6,NA,NA,20160606,127082
HL,NS-IBTS,3,SE,77AR,GOV,60,NA,NA,490,39,2008,T,170992,1,NA,80,1,40,1,NA,6320,1,16,2,NA,NA,20160606,127082
HL,NS-IBTS,3,SE,77AR,GOV,60,NA,NA,490,39,2008,T,170992,1,NA,80,1,40,1,NA,6320,1,18,4,NA,NA,20160606,127082
HL,NS-IBTS,3,SE,77AR,GOV,60,NA,NA,490,39,2008,T,170992,1,NA,80,1,40,1,NA,6320,1,19,2,NA,NA,20160606,127082
HL,NS-IBTS,3,SE,77AR,GOV,60,NA,NA,490,39,2008,T,170992,1,NA,80,1,40,1,NA,6320,1,20,6,NA,NA,20160606,127082
HL,NS-IBTS,3,SE,77AR,GOV,60,NA,NA,490,39,2008,T,170992,1,NA,80,1,40,1,NA,6320,1,21,6,NA,NA,20160606,127082
HL,NS-IBTS,3,SE,77AR,GOV,60,NA,NA,490,39,2008,T,170992,1,NA,80,1,40,1,NA,6320,1,22,10,NA,NA,20160606,127082
HL,NS-IBTS,3,SE,77AR,GOV,60,NA,NA,490,39,2008,T,170992,1,NA,80,1,40,1,NA,6320,1,23,12,NA,NA,20160606,127082
HL,NS-IBTS,3,SE,77AR,GOV,60,NA,NA,490,39,2008,T,170992,1,NA,80,1,40,1,NA,6320,1,24,8,NA,NA,20160606,127082
HL,NS-IBTS,3,SE,77AR,GOV,60,NA,NA,490,39,2008,T,170992,1,NA,80,1,40,1,NA,6320,1,25,4,NA,NA,20160606,127082
HL,NS-IBTS,3,SE,77AR,GOV,60,NA,NA,490,39,2008,T,170992,1,NA,80,1,40,1,NA,6320,1,26,6,NA,NA,20160606,127082
HL,NS-IBTS,3,SE,77AR,GOV,60,NA,NA,490,39,2008,T,170992,1,NA,80,1,40,1,NA,6320,1,27,6,NA,NA,20160606,127082
HL,NS-IBTS,3,SE,77AR,GOV,60,NA,NA,490,39,2008,T,170992,1,NA,80,1,40,1,NA,6320,1,28,6,NA,NA,20160606,127082
HL,NS-IBTS,3,SE,77AR,GOV,60,NA,NA,490,39,2008,T,170992,1,NA,80,1,40,1,NA,6320,1,34,2,NA,NA,20160606,127082
HL,NS-IBTS,3,SE,77AR,GOV,60,NA,NA,491,40,2008,T,170992,1,NA,54,1,27,1,NA,4980,1,16,4,NA,NA,20160606,127082
HL,NS-IBTS,3,SE,77AR,GOV,60,NA,NA,491,40,2008,T,170992,1,NA,54,1,27,1,NA,4980,1,20,2,NA,NA,20160606,127082
HL,NS-IBTS,3,SE,77AR,GOV,60,NA,NA,491,40,2008,T,170992,1,NA,54,1,27,1,NA,4980,1,21,4,NA,NA,20160606,127082
HL,NS-IBTS,3,SE,77AR,GOV,60,NA,NA,491,40,2008,T,170992,1,NA,54,1,27,1,NA,4980,1,22,4,NA,NA,20160606,127082
HL,NS-IBTS,3,SE,77AR,GOV,60,NA,NA,491,40,2008,T,170992,1,NA,54,1,27,1,NA,4980,1,23,12,NA,NA,20160606,127082
HL,NS-IBTS,3,SE,77AR,GOV,60,NA,NA,491,40,2008,T,170992,1,NA,54,1,27,1,NA,4980,1,24,6,NA,NA,20160606,127082
HL,NS-IBTS,3,SE,77AR,GOV,60,NA,NA,491,40,2008,T,170992,1,NA,54,1,27,1,NA,4980,1,25,4,NA,NA,20160606,127082
HL,NS-IBTS,3,SE,77AR,GOV,60,NA,NA,491,40,2008,T,170992,1,NA,54,1,27,1,NA,4980,1,27,12,NA,NA,20160606,127082
HL,NS-IBTS,3,SE,77AR,GOV,60,NA,NA,491,40,2008,T,170992,1,NA,54,1,27,1,NA,4980,1,29,6,NA,NA,20160606,127082
HL,NS-IBTS,3,SE,77AR,GOV,60,NA,NA,492,41,2008,T,170992,1,NA,381,1,103,1,NA,39599,1,18,3,NA,NA,20160606,127082
HL,NS-IBTS,3,SE,77AR,GOV,60,NA,NA,492,41,2008,T,170992,1,NA,381,1,103,1,NA,39599,1,19,11,NA,NA,20160606,127082
HL,NS-IBTS,3,SE,77AR,GOV,60,NA,NA,492,41,2008,T,170992,1,NA,381,1,103,1,NA,39599,1,20,11,NA,NA,20160606,127082
HL,NS-IBTS,3,SE,77AR,GOV,60,NA,NA,492,41,2008,T,170992,1,NA,381,1,103,1,NA,39599,1,21,22,NA,NA,20160606,127082
HL,NS-IBTS,3,SE,77AR,GOV,60,NA,NA,492,41,2008,T,170992,1,NA,381,1,103,1,NA,39599,1,22,33,NA,NA,20160606,127082
HL,NS-IBTS,3,SE,77AR,GOV,60,NA,NA,492,41,2008,T,170992,1,NA,381,1,103,1,NA,39599,1,23,22,NA,NA,20160606,127082
HL,NS-IBTS,3,SE,77AR,GOV,60,NA,NA,492,41,2008,T,170992,1,NA,381,1,103,1,NA,39599,1,24,48,NA,NA,20160606,127082
HL,NS-IBTS,3,SE,77AR,GOV,60,NA,NA,492,41,2008,T,170992,1,NA,381,1,103,1,NA,39599,1,25,44,NA,NA,20160606,127082
HL,NS-IBTS,3,SE,77AR,GOV,60,NA,NA,492,41,2008,T,170992,1,NA,381,1,103,1,NA,39599,1,26,37,NA,NA,20160606,127082
HL,NS-IBTS,3,SE,77AR,GOV,60,NA,NA,492,41,2008,T,170992,1,NA,381,1,103,1,NA,39599,1,27,48,NA,NA,20160606,127082
HL,NS-IBTS,3,SE,77AR,GOV,60,NA,NA,492,41,2008,T,170992,1,NA,381,1,103,1,NA,39599,1,28,40,NA,NA,20160606,127082
HL,NS-IBTS,3,SE,77AR,GOV,60,NA,NA,492,41,2008,T,170992,1,NA,381,1,103,1,NA,39599,1,29,29,NA,NA,20160606,127082
HL,NS-IBTS,3,SE,77AR,GOV,60,NA,NA,492,41,2008,T,170992,1,NA,381,1,103,1,NA,39599,1,30,18,NA,NA,20160606,127082
HL,NS-IBTS,3,SE,77AR,GOV,60,NA,NA,492,41,2008,T,170992,1,NA,381,1,103,1,NA,39599,1,31,3,NA,NA,20160606,127082
HL,NS-IBTS,3,SE,77AR,GOV,60,NA,NA,492,41,2008,T,170992,1,NA,381,1,103,1,NA,39599,1,33,3,NA,NA,20160606,127082
HL,NS-IBTS,3,SE,77AR,GOV,60,NA,NA,492,41,2008,T,170992,1,NA,381,1,103,1,NA,39599,1,36,3,NA,NA,20160606,127082
HL,NS-IBTS,3,SE,77AR,GOV,60,NA,NA,497,45,2008,T,170992,1,NA,4,1,2,1,NA,819,1,24,2,NA,NA,20160606,127082
HL,NS-IBTS,3,SE,77AR,GOV,60,NA,NA,497,45,2008,T,170992,1,NA,4,1,2,1,NA,819,1,34,2,NA,NA,20160606,127082
HL,NS-IBTS,3,SE,77AR,GOV,60,NA,NA,501,48,2008,T,170992,1,NA,2,1,1,1,NA,368,1,31,2,NA,NA,20160606,127082
HL,NS-IBTS,3,SE,77AR,GOV,60,NA,NA,443,2,2008,T,170992,1,NA,26,1,13,1,NA,2819,1,12,2,NA,NA,20160606,127082
HL,NS-IBTS,3,SE,77AR,GOV,60,NA,NA,443,2,2008,T,170992,1,NA,26,1,13,1,NA,2819,1,14,2,NA,NA,20160606,127082
HL,NS-IBTS,3,SE,77AR,GOV,60,NA,NA,443,2,2008,T,170992,1,NA,26,1,13,1,NA,2819,1,23,2,NA,NA,20160606,127082
HL,NS-IBTS,3,SE,77AR,GOV,60,NA,NA,443,2,2008,T,170992,1,NA,26,1,13,1,NA,2819,1,24,2,NA,NA,20160606,127082
HL,NS-IBTS,3,SE,77AR,GOV,60,NA,NA,443,2,2008,T,170992,1,NA,26,1,13,1,NA,2819,1,25,4,NA,NA,20160606,127082
HL,NS-IBTS,3,SE,77AR,GOV,60,NA,NA,443,2,2008,T,170992,1,NA,26,1,13,1,NA,2819,1,26,6,NA,NA,20160606,127082
HL,NS-IBTS,3,SE,77AR,GOV,60,NA,NA,443,2,2008,T,170992,1,NA,26,1,13,1,NA,2819,1,29,4,NA,NA,20160606,127082
HL,NS-IBTS,3,SE,77AR,GOV,60,NA,NA,443,2,2008,T,170992,1,NA,26,1,13,1,NA,2819,1,30,4,NA,NA,20160606,127082
HL,NS-IBTS,3,SE,77AR,GOV,60,NA,NA,448,6,2008,T,170992,1,NA,2,1,1,1,NA,175,1,23,2,NA,NA,20160606,127082
HL,NS-IBTS,3,SE,77AR,GOV,60,NA,NA,450,7,2008,T,170992,1,NA,126,1,63,1,NA,20600,1,21,2,NA,NA,20160606,127082
HL,NS-IBTS,3,SE,77AR,GOV,60,NA,NA,450,7,2008,T,170992,1,NA,126,1,63,1,NA,20600,1,22,2,NA,NA,20160606,127082
HL,NS-IBTS,3,SE,77AR,GOV,60,NA,NA,450,7,2008,T,170992,1,NA,126,1,63,1,NA,20600,1,23,8,NA,NA,20160606,127082
HL,NS-IBTS,3,SE,77AR,GOV,60,NA,NA,450,7,2008,T,170992,1,NA,126,1,63,1,NA,20600,1,24,12,NA,NA,20160606,127082
HL,NS-IBTS,3,SE,77AR,GOV,60,NA,NA,450,7,2008,T,170992,1,NA,126,1,63,1,NA,20600,1,25,4,NA,NA,20160606,127082
HL,NS-IBTS,3,SE,77AR,GOV,60,NA,NA,450,7,2008,T,170992,1,NA,126,1,63,1,NA,20600,1,26,6,NA,NA,20160606,127082
HL,NS-IBTS,3,SE,77AR,GOV,60,NA,NA,450,7,2008,T,170992,1,NA,126,1,63,1,NA,20600,1,27,14,NA,NA,20160606,127082
HL,NS-IBTS,3,SE,77AR,GOV,60,NA,NA,450,7,2008,T,170992,1,NA,126,1,63,1,NA,20600,1,28,18,NA,NA,20160606,127082
HL,NS-IBTS,3,SE,77AR,GOV,60,NA,NA,450,7,2008,T,170992,1,NA,126,1,63,1,NA,20600,1,29,14,NA,NA,20160606,127082
HL,NS-IBTS,3,SE,77AR,GOV,60,NA,NA,450,7,2008,T,170992,1,NA,126,1,63,1,NA,20600,1,30,16,NA,NA,20160606,127082
HL,NS-IBTS,3,SE,77AR,GOV,60,NA,NA,450,7,2008,T,170992,1,NA,126,1,63,1,NA,20600,1,31,4,NA,NA,20160606,127082
HL,NS-IBTS,3,SE,77AR,GOV,60,NA,NA,450,7,2008,T,170992,1,NA,126,1,63,1,NA,20600,1,32,6,NA,NA,20160606,127082
HL,NS-IBTS,3,SE,77AR,GOV,60,NA,NA,450,7,2008,T,170992,1,NA,126,1,63,1,NA,20600,1,33,8,NA,NA,20160606,127082
HL,NS-IBTS,3,SE,77AR,GOV,60,NA,NA,450,7,2008,T,170992,1,NA,126,1,63,1,NA,20600,1,34,6,NA,NA,20160606,127082
HL,NS-IBTS,3,SE,77AR,GOV,60,NA,NA,450,7,2008,T,170992,1,NA,126,1,63,1,NA,20600,1,35,4,NA,NA,20160606,127082
HL,NS-IBTS,3,SE,77AR,GOV,60,NA,NA,450,7,2008,T,170992,1,NA,126,1,63,1,NA,20600,1,36,2,NA,NA,20160606,127082
HL,NS-IBTS,3,SE,77AR,GOV,60,NA,NA,451,8,2008,T,170992,1,NA,38,1,19,1,NA,8100,1,27,6,NA,NA,20160606,127082
HL,NS-IBTS,3,SE,77AR,GOV,60,NA,NA,451,8,2008,T,170992,1,NA,38,1,19,1,NA,8100,1,28,2,NA,NA,20160606,127082
HL,NS-IBTS,3,SE,77AR,GOV,60,NA,NA,451,8,2008,T,170992,1,NA,38,1,19,1,NA,8100,1,30,8,NA,NA,20160606,127082
HL,NS-IBTS,3,SE,77AR,GOV,60,NA,NA,451,8,2008,T,170992,1,NA,38,1,19,1,NA,8100,1,31,4,NA,NA,20160606,127082
HL,NS-IBTS,3,SE,77AR,GOV,60,NA,NA,451,8,2008,T,170992,1,NA,38,1,19,1,NA,8100,1,32,6,NA,NA,20160606,127082
HL,NS-IBTS,3,SE,77AR,GOV,60,NA,NA,451,8,2008,T,170992,1,NA,38,1,19,1,NA,8100,1,34,4,NA,NA,20160606,127082
HL,NS-IBTS,3,SE,77AR,GOV,60,NA,NA,451,8,2008,T,170992,1,NA,38,1,19,1,NA,8100,1,35,2,NA,NA,20160606,127082
HL,NS-IBTS,3,SE,77AR,GOV,60,NA,NA,451,8,2008,T,170992,1,NA,38,1,19,1,NA,8100,1,36,2,NA,NA,20160606,127082
HL,NS-IBTS,3,SE,77AR,GOV,60,NA,NA,451,8,2008,T,170992,1,NA,38,1,19,1,NA,8100,1,37,4,NA,NA,20160606,127082
HL,NS-IBTS,3,SE,77AR,GOV,60,NA,NA,457,14,2008,T,170992,1,NA,120,1,60,1,NA,18200,1,28,12,NA,NA,20160606,127082
HL,NS-IBTS,3,SE,77AR,GOV,60,NA,NA,457,14,2008,T,170992,1,NA,120,1,60,1,NA,18200,1,29,8,NA,NA,20160606,127082
HL,NS-IBTS,3,SE,77AR,GOV,60,NA,NA,457,14,2008,T,170992,1,NA,120,1,60,1,NA,18200,1,30,10,NA,NA,20160606,127082
HL,NS-IBTS,3,SE,77AR,GOV,60,NA,NA,457,14,2008,T,170992,1,NA,120,1,60,1,NA,18200,1,31,12,NA,NA,20160606,127082
HL,NS-IBTS,3,SE,77AR,GOV,60,NA,NA,457,14,2008,T,170992,1,NA,120,1,60,1,NA,18200,1,32,10,NA,NA,20160606,127082
HL,NS-IBTS,3,SE,77AR,GOV,60,NA,NA,457,14,2008,T,170992,1,NA,120,1,60,1,NA,18200,1,33,4,NA,NA,20160606,127082
HL,NS-IBTS,3,SE,77AR,GOV,60,NA,NA,457,14,2008,T,170992,1,NA,120,1,60,1,NA,18200,1,34,6,NA,NA,20160606,127082
HL,NS-IBTS,3,SE,77AR,GOV,60,NA,NA,457,14,2008,T,170992,1,NA,120,1,60,1,NA,18200,1,35,4,NA,NA,20160606,127082
HL,NS-IBTS,3,SE,77AR,GOV,60,NA,NA,522,41,2009,T,170992,0,NA,2,1,1,1,NA,105,1,21,2,NA,NA,20160606,127082
HL,NS-IBTS,3,SE,77AR,GOV,60,NA,NA,523,42,2009,T,170992,1,NA,503,1,122,1,NA,38248,1,15,4,NA,NA,20160606,127082
HL,NS-IBTS,3,SE,77AR,GOV,60,NA,NA,523,42,2009,T,170992,1,NA,503,1,122,1,NA,38248,1,16,20,NA,NA,20160606,127082
HL,NS-IBTS,3,SE,77AR,GOV,60,NA,NA,523,42,2009,T,170992,1,NA,503,1,122,1,NA,38248,1,17,41,NA,NA,20160606,127082
HL,NS-IBTS,3,SE,77AR,GOV,60,NA,NA,523,42,2009,T,170992,1,NA,503,1,122,1,NA,38248,1,18,28,NA,NA,20160606,127082
HL,NS-IBTS,3,SE,77AR,GOV,60,NA,NA,523,42,2009,T,170992,1,NA,503,1,122,1,NA,38248,1,19,33,NA,NA,20160606,127082
HL,NS-IBTS,3,SE,77AR,GOV,60,NA,NA,523,42,2009,T,170992,1,NA,503,1,122,1,NA,38248,1,20,66,NA,NA,20160606,127082
HL,NS-IBTS,3,SE,77AR,GOV,60,NA,NA,523,42,2009,T,170992,1,NA,503,1,122,1,NA,38248,1,21,24,NA,NA,20160606,127082
HL,NS-IBTS,3,SE,77AR,GOV,60,NA,NA,523,42,2009,T,170992,1,NA,503,1,122,1,NA,38248,1,22,53,NA,NA,20160606,127082
HL,NS-IBTS,3,SE,77AR,GOV,60,NA,NA,523,42,2009,T,170992,1,NA,503,1,122,1,NA,38248,1,23,49,NA,NA,20160606,127082
HL,NS-IBTS,3,SE,77AR,GOV,60,NA,NA,523,42,2009,T,170992,1,NA,503,1,122,1,NA,38248,1,24,33,NA,NA,20160606,127082
HL,NS-IBTS,3,SE,77AR,GOV,60,NA,NA,523,42,2009,T,170992,1,NA,503,1,122,1,NA,38248,1,25,28,NA,NA,20160606,127082
HL,NS-IBTS,3,SE,77AR,GOV,60,NA,NA,523,42,2009,T,170992,1,NA,503,1,122,1,NA,38248,1,26,45,NA,NA,20160606,127082
HL,NS-IBTS,3,SE,77AR,GOV,60,NA,NA,523,42,2009,T,170992,1,NA,503,1,122,1,NA,38248,1,27,24,NA,NA,20160606,127082
HL,NS-IBTS,3,SE,77AR,GOV,60,NA,NA,523,42,2009,T,170992,1,NA,503,1,122,1,NA,38248,1,28,20,NA,NA,20160606,127082
HL,NS-IBTS,3,SE,77AR,GOV,60,NA,NA,523,42,2009,T,170992,1,NA,503,1,122,1,NA,38248,1,29,8,NA,NA,20160606,127082
HL,NS-IBTS,3,SE,77AR,GOV,60,NA,NA,523,42,2009,T,170992,1,NA,503,1,122,1,NA,38248,1,30,20,NA,NA,20160606,127082
HL,NS-IBTS,3,SE,77AR,GOV,60,NA,NA,524,43,2009,T,170992,1,NA,3391,1,118,1,NA,258675,1,14,28,NA,NA,20160606,127082
HL,NS-IBTS,3,SE,77AR,GOV,60,NA,NA,524,43,2009,T,170992,1,NA,3391,1,118,1,NA,258675,1,15,57,NA,NA,20160606,127082
HL,NS-IBTS,3,SE,77AR,GOV,60,NA,NA,524,43,2009,T,170992,1,NA,3391,1,118,1,NA,258675,1,16,258,NA,NA,20160606,127082
HL,NS-IBTS,3,SE,77AR,GOV,60,NA,NA,524,43,2009,T,170992,1,NA,3391,1,118,1,NA,258675,1,17,258,NA,NA,20160606,127082
HL,NS-IBTS,3,SE,77AR,GOV,60,NA,NA,524,43,2009,T,170992,1,NA,3391,1,118,1,NA,258675,1,18,201,NA,NA,20160606,127082
HL,NS-IBTS,3,SE,77AR,GOV,60,NA,NA,524,43,2009,T,170992,1,NA,3391,1,118,1,NA,258675,1,19,143,NA,NA,20160606,127082
HL,NS-IBTS,3,SE,77AR,GOV,60,NA,NA,524,43,2009,T,170992,1,NA,3391,1,118,1,NA,258675,1,20,316,NA,NA,20160606,127082
HL,NS-IBTS,3,SE,77AR,GOV,60,NA,NA,524,43,2009,T,170992,1,NA,3391,1,118,1,NA,258675,1,21,344,NA,NA,20160606,127082
HL,NS-IBTS,3,SE,77AR,GOV,60,NA,NA,524,43,2009,T,170992,1,NA,3391,1,118,1,NA,258675,1,22,287,NA,NA,20160606,127082
HL,NS-IBTS,3,SE,77AR,GOV,60,NA,NA,524,43,2009,T,170992,1,NA,3391,1,118,1,NA,258675,1,23,373,NA,NA,20160606,127082
HL,NS-IBTS,3,SE,77AR,GOV,60,NA,NA,524,43,2009,T,170992,1,NA,3391,1,118,1,NA,258675,1,24,316,NA,NA,20160606,127082
HL,NS-IBTS,3,SE,77AR,GOV,60,NA,NA,524,43,2009,T,170992,1,NA,3391,1,118,1,NA,258675,1,25,172,NA,NA,20160606,127082
HL,NS-IBTS,3,SE,77AR,GOV,60,NA,NA,524,43,2009,T,170992,1,NA,3391,1,118,1,NA,258675,1,26,172,NA,NA,20160606,127082
HL,NS-IBTS,3,SE,77AR,GOV,60,NA,NA,524,43,2009,T,170992,1,NA,3391,1,118,1,NA,258675,1,27,86,NA,NA,20160606,127082
HL,NS-IBTS,3,SE,77AR,GOV,60,NA,NA,524,43,2009,T,170992,1,NA,3391,1,118,1,NA,258675,1,28,57,NA,NA,20160606,127082
HL,NS-IBTS,3,SE,77AR,GOV,60,NA,NA,524,43,2009,T,170992,1,NA,3391,1,118,1,NA,258675,1,29,57,NA,NA,20160606,127082
HL,NS-IBTS,3,SE,77AR,GOV,60,NA,NA,524,43,2009,T,170992,1,NA,3391,1,118,1,NA,258675,1,30,86,NA,NA,20160606,127082
HL,NS-IBTS,3,SE,77AR,GOV,60,NA,NA,524,43,2009,T,170992,1,NA,3391,1,118,1,NA,258675,1,31,28,NA,NA,20160606,127082
HL,NS-IBTS,3,SE,77AR,GOV,60,NA,NA,524,43,2009,T,170992,1,NA,3391,1,118,1,NA,258675,1,32,114,NA,NA,20160606,127082
HL,NS-IBTS,3,SE,77AR,GOV,60,NA,NA,524,43,2009,T,170992,1,NA,3391,1,118,1,NA,258675,1,33,28,NA,NA,20160606,127082
HL,NS-IBTS,3,SE,77AR,GOV,60,NA,NA,525,44,2009,T,170992,1,NA,276,1,60,1,NA,19351,1,16,4,NA,NA,20160606,127082
HL,NS-IBTS,3,SE,77AR,GOV,60,NA,NA,525,44,2009,T,170992,1,NA,276,1,60,1,NA,19351,1,17,9,NA,NA,20160606,127082
HL,NS-IBTS,3,SE,77AR,GOV,60,NA,NA,525,44,2009,T,170992,1,NA,276,1,60,1,NA,19351,1,18,32,NA,NA,20160606,127082
HL,NS-IBTS,3,SE,77AR,GOV,60,NA,NA,525,44,2009,T,170992,1,NA,276,1,60,1,NA,19351,1,19,13,NA,NA,20160606,127082
HL,NS-IBTS,3,SE,77AR,GOV,60,NA,NA,525,44,2009,T,170992,1,NA,276,1,60,1,NA,19351,1,20,32,NA,NA,20160606,127082
HL,NS-IBTS,3,SE,77AR,GOV,60,NA,NA,525,44,2009,T,170992,1,NA,276,1,60,1,NA,19351,1,21,27,NA,NA,20160606,127082
HL,NS-IBTS,3,SE,77AR,GOV,60,NA,NA,525,44,2009,T,170992,1,NA,276,1,60,1,NA,19351,1,22,36,NA,NA,20160606,127082
HL,NS-IBTS,3,SE,77AR,GOV,60,NA,NA,525,44,2009,T,170992,1,NA,276,1,60,1,NA,19351,1,23,41,NA,NA,20160606,127082
HL,NS-IBTS,3,SE,77AR,GOV,60,NA,NA,525,44,2009,T,170992,1,NA,276,1,60,1,NA,19351,1,24,41,NA,NA,20160606,127082
HL,NS-IBTS,3,SE,77AR,GOV,60,NA,NA,525,44,2009,T,170992,1,NA,276,1,60,1,NA,19351,1,25,13,NA,NA,20160606,127082
HL,NS-IBTS,3,SE,77AR,GOV,60,NA,NA,525,44,2009,T,170992,1,NA,276,1,60,1,NA,19351,1,26,4,NA,NA,20160606,127082
HL,NS-IBTS,3,SE,77AR,GOV,60,NA,NA,525,44,2009,T,170992,1,NA,276,1,60,1,NA,19351,1,27,4,NA,NA,20160606,127082
HL,NS-IBTS,3,SE,77AR,GOV,60,NA,NA,525,44,2009,T,170992,1,NA,276,1,60,1,NA,19351,1,28,4,NA,NA,20160606,127082
HL,NS-IBTS,3,SE,77AR,GOV,60,NA,NA,525,44,2009,T,170992,1,NA,276,1,60,1,NA,19351,1,29,4,NA,NA,20160606,127082
HL,NS-IBTS,3,SE,77AR,GOV,60,NA,NA,525,44,2009,T,170992,1,NA,276,1,60,1,NA,19351,1,35,4,NA,NA,20160606,127082
HL,NS-IBTS,3,SE,77AR,GOV,60,NA,NA,526,45,2009,T,170992,1,NA,216,1,108,1,NA,16280,1,7,2,NA,NA,20160606,127082
HL,NS-IBTS,3,SE,77AR,GOV,60,NA,NA,526,45,2009,T,170992,1,NA,216,1,108,1,NA,16280,1,14,2,NA,NA,20160606,127082
HL,NS-IBTS,3,SE,77AR,GOV,60,NA,NA,526,45,2009,T,170992,1,NA,216,1,108,1,NA,16280,1,15,8,NA,NA,20160606,127082
HL,NS-IBTS,3,SE,77AR,GOV,60,NA,NA,526,45,2009,T,170992,1,NA,216,1,108,1,NA,16280,1,16,4,NA,NA,20160606,127082
HL,NS-IBTS,3,SE,77AR,GOV,60,NA,NA,526,45,2009,T,170992,1,NA,216,1,108,1,NA,16280,1,17,8,NA,NA,20160606,127082
HL,NS-IBTS,3,SE,77AR,GOV,60,NA,NA,526,45,2009,T,170992,1,NA,216,1,108,1,NA,16280,1,18,18,NA,NA,20160606,127082
HL,NS-IBTS,3,SE,77AR,GOV,60,NA,NA,526,45,2009,T,170992,1,NA,216,1,108,1,NA,16280,1,19,10,NA,NA,20160606,127082
HL,NS-IBTS,3,SE,77AR,GOV,60,NA,NA,526,45,2009,T,170992,1,NA,216,1,108,1,NA,16280,1,20,16,NA,NA,20160606,127082
HL,NS-IBTS,3,SE,77AR,GOV,60,NA,NA,526,45,2009,T,170992,1,NA,216,1,108,1,NA,16280,1,21,16,NA,NA,20160606,127082
HL,NS-IBTS,3,SE,77AR,GOV,60,NA,NA,526,45,2009,T,170992,1,NA,216,1,108,1,NA,16280,1,22,20,NA,NA,20160606,127082
HL,NS-IBTS,3,SE,77AR,GOV,60,NA,NA,526,45,2009,T,170992,1,NA,216,1,108,1,NA,16280,1,23,24,NA,NA,20160606,127082
HL,NS-IBTS,3,SE,77AR,GOV,60,NA,NA,526,45,2009,T,170992,1,NA,216,1,108,1,NA,16280,1,24,24,NA,NA,20160606,127082
HL,NS-IBTS,3,SE,77AR,GOV,60,NA,NA,526,45,2009,T,170992,1,NA,216,1,108,1,NA,16280,1,25,28,NA,NA,20160606,127082
HL,NS-IBTS,3,SE,77AR,GOV,60,NA,NA,526,45,2009,T,170992,1,NA,216,1,108,1,NA,16280,1,26,14,NA,NA,20160606,127082
HL,NS-IBTS,3,SE,77AR,GOV,60,NA,NA,526,45,2009,T,170992,1,NA,216,1,108,1,NA,16280,1,27,16,NA,NA,20160606,127082
HL,NS-IBTS,3,SE,77AR,GOV,60,NA,NA,526,45,2009,T,170992,1,NA,216,1,108,1,NA,16280,1,28,2,NA,NA,20160606,127082
HL,NS-IBTS,3,SE,77AR,GOV,60,NA,NA,526,45,2009,T,170992,1,NA,216,1,108,1,NA,16280,1,30,4,NA,NA,20160606,127082
HL,NS-IBTS,3,SE,77AR,GOV,60,NA,NA,527,46,2009,T,170992,1,NA,370,1,95,1,NA,32639,1,15,3,NA,NA,20160606,127082
HL,NS-IBTS,3,SE,77AR,GOV,60,NA,NA,527,46,2009,T,170992,1,NA,370,1,95,1,NA,32639,1,17,7,NA,NA,20160606,127082
HL,NS-IBTS,3,SE,77AR,GOV,60,NA,NA,527,46,2009,T,170992,1,NA,370,1,95,1,NA,32639,1,18,7,NA,NA,20160606,127082
HL,NS-IBTS,3,SE,77AR,GOV,60,NA,NA,527,46,2009,T,170992,1,NA,370,1,95,1,NA,32639,1,19,15,NA,NA,20160606,127082
HL,NS-IBTS,3,SE,77AR,GOV,60,NA,NA,527,46,2009,T,170992,1,NA,370,1,95,1,NA,32639,1,20,23,NA,NA,20160606,127082
HL,NS-IBTS,3,SE,77AR,GOV,60,NA,NA,527,46,2009,T,170992,1,NA,370,1,95,1,NA,32639,1,21,39,NA,NA,20160606,127082
HL,NS-IBTS,3,SE,77AR,GOV,60,NA,NA,527,46,2009,T,170992,1,NA,370,1,95,1,NA,32639,1,22,35,NA,NA,20160606,127082
HL,NS-IBTS,3,SE,77AR,GOV,60,NA,NA,527,46,2009,T,170992,1,NA,370,1,95,1,NA,32639,1,23,50,NA,NA,20160606,127082
HL,NS-IBTS,3,SE,77AR,GOV,60,NA,NA,527,46,2009,T,170992,1,NA,370,1,95,1,NA,32639,1,24,42,NA,NA,20160606,127082
HL,NS-IBTS,3,SE,77AR,GOV,60,NA,NA,527,46,2009,T,170992,1,NA,370,1,95,1,NA,32639,1,25,39,NA,NA,20160606,127082
HL,NS-IBTS,3,SE,77AR,GOV,60,NA,NA,527,46,2009,T,170992,1,NA,370,1,95,1,NA,32639,1,26,39,NA,NA,20160606,127082
HL,NS-IBTS,3,SE,77AR,GOV,60,NA,NA,527,46,2009,T,170992,1,NA,370,1,95,1,NA,32639,1,27,19,NA,NA,20160606,127082
HL,NS-IBTS,3,SE,77AR,GOV,60,NA,NA,527,46,2009,T,170992,1,NA,370,1,95,1,NA,32639,1,28,11,NA,NA,20160606,127082
HL,NS-IBTS,3,SE,77AR,GOV,60,NA,NA,527,46,2009,T,170992,1,NA,370,1,95,1,NA,32639,1,29,11,NA,NA,20160606,127082
HL,NS-IBTS,3,SE,77AR,GOV,60,NA,NA,527,46,2009,T,170992,1,NA,370,1,95,1,NA,32639,1,30,11,NA,NA,20160606,127082
HL,NS-IBTS,3,SE,77AR,GOV,60,NA,NA,527,46,2009,T,170992,1,NA,370,1,95,1,NA,32639,1,31,3,NA,NA,20160606,127082
HL,NS-IBTS,3,SE,77AR,GOV,60,NA,NA,527,46,2009,T,170992,1,NA,370,1,95,1,NA,32639,1,32,3,NA,NA,20160606,127082
HL,NS-IBTS,3,SE,77AR,GOV,60,NA,NA,527,46,2009,T,170992,1,NA,370,1,95,1,NA,32639,1,35,3,NA,NA,20160606,127082
HL,NS-IBTS,3,SE,77AR,GOV,60,NA,NA,505,26,2009,T,170992,1,NA,2,1,1,1,NA,145,1,23,2,NA,NA,20160606,127082
HL,NS-IBTS,3,SE,77AR,GOV,60,NA,NA,508,29,2009,T,170992,1,NA,32,1,16,1,NA,2539,1,15,2,NA,NA,20160606,127082
HL,NS-IBTS,3,SE,77AR,GOV,60,NA,NA,508,29,2009,T,170992,1,NA,32,1,16,1,NA,2539,1,18,2,NA,NA,20160606,127082
HL,NS-IBTS,3,SE,77AR,GOV,60,NA,NA,508,29,2009,T,170992,1,NA,32,1,16,1,NA,2539,1,20,4,NA,NA,20160606,127082
HL,NS-IBTS,3,SE,77AR,GOV,60,NA,NA,508,29,2009,T,170992,1,NA,32,1,16,1,NA,2539,1,21,2,NA,NA,20160606,127082
HL,NS-IBTS,3,SE,77AR,GOV,60,NA,NA,508,29,2009,T,170992,1,NA,32,1,16,1,NA,2539,1,22,2,NA,NA,20160606,127082
HL,NS-IBTS,3,SE,77AR,GOV,60,NA,NA,508,29,2009,T,170992,1,NA,32,1,16,1,NA,2539,1,23,4,NA,NA,20160606,127082
HL,NS-IBTS,3,SE,77AR,GOV,60,NA,NA,508,29,2009,T,170992,1,NA,32,1,16,1,NA,2539,1,24,4,NA,NA,20160606,127082
HL,NS-IBTS,3,SE,77AR,GOV,60,NA,NA,508,29,2009,T,170992,1,NA,32,1,16,1,NA,2539,1,25,6,NA,NA,20160606,127082
HL,NS-IBTS,3,SE,77AR,GOV,60,NA,NA,508,29,2009,T,170992,1,NA,32,1,16,1,NA,2539,1,28,2,NA,NA,20160606,127082
HL,NS-IBTS,3,SE,77AR,GOV,60,NA,NA,508,29,2009,T,170992,1,NA,32,1,16,1,NA,2539,1,29,4,NA,NA,20160606,127082
HL,NS-IBTS,3,SE,77AR,GOV,60,NA,NA,509,30,2009,T,170992,1,NA,100,1,50,1,NA,8899,1,18,2,NA,NA,20160606,127082
HL,NS-IBTS,3,SE,77AR,GOV,60,NA,NA,509,30,2009,T,170992,1,NA,100,1,50,1,NA,8899,1,19,2,NA,NA,20160606,127082
HL,NS-IBTS,3,SE,77AR,GOV,60,NA,NA,509,30,2009,T,170992,1,NA,100,1,50,1,NA,8899,1,20,2,NA,NA,20160606,127082
HL,NS-IBTS,3,SE,77AR,GOV,60,NA,NA,509,30,2009,T,170992,1,NA,100,1,50,1,NA,8899,1,21,4,NA,NA,20160606,127082
HL,NS-IBTS,3,SE,77AR,GOV,60,NA,NA,509,30,2009,T,170992,1,NA,100,1,50,1,NA,8899,1,22,8,NA,NA,20160606,127082
HL,NS-IBTS,3,SE,77AR,GOV,60,NA,NA,509,30,2009,T,170992,1,NA,100,1,50,1,NA,8899,1,23,12,NA,NA,20160606,127082
HL,NS-IBTS,3,SE,77AR,GOV,60,NA,NA,509,30,2009,T,170992,1,NA,100,1,50,1,NA,8899,1,24,26,NA,NA,20160606,127082
HL,NS-IBTS,3,SE,77AR,GOV,60,NA,NA,509,30,2009,T,170992,1,NA,100,1,50,1,NA,8899,1,25,12,NA,NA,20160606,127082
HL,NS-IBTS,3,SE,77AR,GOV,60,NA,NA,509,30,2009,T,170992,1,NA,100,1,50,1,NA,8899,1,26,10,NA,NA,20160606,127082
HL,NS-IBTS,3,SE,77AR,GOV,60,NA,NA,509,30,2009,T,170992,1,NA,100,1,50,1,NA,8899,1,27,12,NA,NA,20160606,127082
HL,NS-IBTS,3,SE,77AR,GOV,60,NA,NA,509,30,2009,T,170992,1,NA,100,1,50,1,NA,8899,1,29,4,NA,NA,20160606,127082
HL,NS-IBTS,3,SE,77AR,GOV,60,NA,NA,509,30,2009,T,170992,1,NA,100,1,50,1,NA,8899,1,30,4,NA,NA,20160606,127082
HL,NS-IBTS,3,SE,77AR,GOV,60,NA,NA,509,30,2009,T,170992,1,NA,100,1,50,1,NA,8899,1,32,2,NA,NA,20160606,127082
HL,NS-IBTS,3,SE,77AR,GOV,60,NA,NA,511,32,2009,T,170992,1,NA,50,1,25,1,NA,3420,1,22,8,NA,NA,20160606,127082
HL,NS-IBTS,3,SE,77AR,GOV,60,NA,NA,511,32,2009,T,170992,1,NA,50,1,25,1,NA,3420,1,23,6,NA,NA,20160606,127082
HL,NS-IBTS,3,SE,77AR,GOV,60,NA,NA,511,32,2009,T,170992,1,NA,50,1,25,1,NA,3420,1,24,6,NA,NA,20160606,127082
HL,NS-IBTS,3,SE,77AR,GOV,60,NA,NA,511,32,2009,T,170992,1,NA,50,1,25,1,NA,3420,1,25,4,NA,NA,20160606,127082
HL,NS-IBTS,3,SE,77AR,GOV,60,NA,NA,511,32,2009,T,170992,1,NA,50,1,25,1,NA,3420,1,26,4,NA,NA,20160606,127082
HL,NS-IBTS,3,SE,77AR,GOV,60,NA,NA,511,32,2009,T,170992,1,NA,50,1,25,1,NA,3420,1,29,2,NA,NA,20160606,127082
HL,NS-IBTS,3,SE,77AR,GOV,60,NA,NA,512,33,2009,T,170992,1,NA,10,1,5,1,NA,779,1,17,2,NA,NA,20160606,127082
HL,NS-IBTS,3,SE,77AR,GOV,60,NA,NA,512,33,2009,T,170992,1,NA,10,1,5,1,NA,779,1,20,2,NA,NA,20160606,127082
HL,NS-IBTS,3,SE,77AR,GOV,60,NA,NA,512,33,2009,T,170992,1,NA,10,1,5,1,NA,779,1,26,2,NA,NA,20160606,127082
HL,NS-IBTS,3,SE,77AR,GOV,60,NA,NA,512,33,2009,T,170992,1,NA,10,1,5,1,NA,779,1,27,4,NA,NA,20160606,127082
HL,NS-IBTS,3,SE,77AR,GOV,60,NA,NA,514,34,2009,T,170992,1,NA,44,1,22,1,NA,4000,1,22,4,NA,NA,20160606,127082
HL,NS-IBTS,3,SE,77AR,GOV,60,NA,NA,514,34,2009,T,170992,1,NA,44,1,22,1,NA,4000,1,23,10,NA,NA,20160606,127082
HL,NS-IBTS,3,SE,77AR,GOV,60,NA,NA,514,34,2009,T,170992,1,NA,44,1,22,1,NA,4000,1,24,6,NA,NA,20160606,127082
HL,NS-IBTS,3,SE,77AR,GOV,60,NA,NA,514,34,2009,T,170992,1,NA,44,1,22,1,NA,4000,1,25,8,NA,NA,20160606,127082
HL,NS-IBTS,3,SE,77AR,GOV,60,NA,NA,514,34,2009,T,170992,1,NA,44,1,22,1,NA,4000,1,26,10,NA,NA,20160606,127082
HL,NS-IBTS,3,SE,77AR,GOV,60,NA,NA,514,34,2009,T,170992,1,NA,44,1,22,1,NA,4000,1,27,4,NA,NA,20160606,127082
HL,NS-IBTS,3,SE,77AR,GOV,60,NA,NA,514,34,2009,T,170992,1,NA,44,1,22,1,NA,4000,1,28,2,NA,NA,20160606,127082
HL,NS-IBTS,3,SE,77AR,GOV,60,NA,NA,516,35,2009,T,170992,1,NA,357,1,99,1,NA,27799,1,16,3,NA,NA,20160606,127082
HL,NS-IBTS,3,SE,77AR,GOV,60,NA,NA,516,35,2009,T,170992,1,NA,357,1,99,1,NA,27799,1,17,3,NA,NA,20160606,127082
HL,NS-IBTS,3,SE,77AR,GOV,60,NA,NA,516,35,2009,T,170992,1,NA,357,1,99,1,NA,27799,1,18,7,NA,NA,20160606,127082
HL,NS-IBTS,3,SE,77AR,GOV,60,NA,NA,516,35,2009,T,170992,1,NA,357,1,99,1,NA,27799,1,19,14,NA,NA,20160606,127082
HL,NS-IBTS,3,SE,77AR,GOV,60,NA,NA,516,35,2009,T,170992,1,NA,357,1,99,1,NA,27799,1,20,10,NA,NA,20160606,127082
HL,NS-IBTS,3,SE,77AR,GOV,60,NA,NA,516,35,2009,T,170992,1,NA,357,1,99,1,NA,27799,1,21,39,NA,NA,20160606,127082
HL,NS-IBTS,3,SE,77AR,GOV,60,NA,NA,516,35,2009,T,170992,1,NA,357,1,99,1,NA,27799,1,22,61,NA,NA,20160606,127082
HL,NS-IBTS,3,SE,77AR,GOV,60,NA,NA,516,35,2009,T,170992,1,NA,357,1,99,1,NA,27799,1,23,72,NA,NA,20160606,127082
HL,NS-IBTS,3,SE,77AR,GOV,60,NA,NA,516,35,2009,T,170992,1,NA,357,1,99,1,NA,27799,1,24,61,NA,NA,20160606,127082
HL,NS-IBTS,3,SE,77AR,GOV,60,NA,NA,516,35,2009,T,170992,1,NA,357,1,99,1,NA,27799,1,25,32,NA,NA,20160606,127082
HL,NS-IBTS,3,SE,77AR,GOV,60,NA,NA,516,35,2009,T,170992,1,NA,357,1,99,1,NA,27799,1,26,18,NA,NA,20160606,127082
HL,NS-IBTS,3,SE,77AR,GOV,60,NA,NA,516,35,2009,T,170992,1,NA,357,1,99,1,NA,27799,1,27,10,NA,NA,20160606,127082
HL,NS-IBTS,3,SE,77AR,GOV,60,NA,NA,516,35,2009,T,170992,1,NA,357,1,99,1,NA,27799,1,28,10,NA,NA,20160606,127082
HL,NS-IBTS,3,SE,77AR,GOV,60,NA,NA,516,35,2009,T,170992,1,NA,357,1,99,1,NA,27799,1,29,3,NA,NA,20160606,127082
HL,NS-IBTS,3,SE,77AR,GOV,60,NA,NA,516,35,2009,T,170992,1,NA,357,1,99,1,NA,27799,1,31,7,NA,NA,20160606,127082
HL,NS-IBTS,3,SE,77AR,GOV,60,NA,NA,521,40,2009,T,170992,1,NA,394,1,83,1,NA,36986,1,18,4,NA,NA,20160606,127082
HL,NS-IBTS,3,SE,77AR,GOV,60,NA,NA,521,40,2009,T,170992,1,NA,394,1,83,1,NA,36986,1,19,9,NA,NA,20160606,127082
HL,NS-IBTS,3,SE,77AR,GOV,60,NA,NA,521,40,2009,T,170992,1,NA,394,1,83,1,NA,36986,1,20,28,NA,NA,20160606,127082
HL,NS-IBTS,3,SE,77AR,GOV,60,NA,NA,521,40,2009,T,170992,1,NA,394,1,83,1,NA,36986,1,21,23,NA,NA,20160606,127082
HL,NS-IBTS,3,SE,77AR,GOV,60,NA,NA,521,40,2009,T,170992,1,NA,394,1,83,1,NA,36986,1,22,33,NA,NA,20160606,127082
HL,NS-IBTS,3,SE,77AR,GOV,60,NA,NA,521,40,2009,T,170992,1,NA,394,1,83,1,NA,36986,1,23,38,NA,NA,20160606,127082
HL,NS-IBTS,3,SE,77AR,GOV,60,NA,NA,521,40,2009,T,170992,1,NA,394,1,83,1,NA,36986,1,24,57,NA,NA,20160606,127082
HL,NS-IBTS,3,SE,77AR,GOV,60,NA,NA,521,40,2009,T,170992,1,NA,394,1,83,1,NA,36986,1,25,33,NA,NA,20160606,127082
HL,NS-IBTS,3,SE,77AR,GOV,60,NA,NA,521,40,2009,T,170992,1,NA,394,1,83,1,NA,36986,1,26,47,NA,NA,20160606,127082
HL,NS-IBTS,3,SE,77AR,GOV,60,NA,NA,521,40,2009,T,170992,1,NA,394,1,83,1,NA,36986,1,27,38,NA,NA,20160606,127082
HL,NS-IBTS,3,SE,77AR,GOV,60,NA,NA,521,40,2009,T,170992,1,NA,394,1,83,1,NA,36986,1,28,52,NA,NA,20160606,127082
HL,NS-IBTS,3,SE,77AR,GOV,60,NA,NA,521,40,2009,T,170992,1,NA,394,1,83,1,NA,36986,1,29,4,NA,NA,20160606,127082
HL,NS-IBTS,3,SE,77AR,GOV,60,NA,NA,521,40,2009,T,170992,1,NA,394,1,83,1,NA,36986,1,30,14,NA,NA,20160606,127082
HL,NS-IBTS,3,SE,77AR,GOV,60,NA,NA,521,40,2009,T,170992,1,NA,394,1,83,1,NA,36986,1,31,9,NA,NA,20160606,127082
HL,NS-IBTS,3,SE,77AR,GOV,60,NA,NA,529,47,2009,T,170992,0,NA,192,1,96,1,NA,16120,1,15,2,NA,NA,20160606,127082
HL,NS-IBTS,3,SE,77AR,GOV,60,NA,NA,529,47,2009,T,170992,0,NA,192,1,96,1,NA,16120,1,19,8,NA,NA,20160606,127082
HL,NS-IBTS,3,SE,77AR,GOV,60,NA,NA,529,47,2009,T,170992,0,NA,192,1,96,1,NA,16120,1,20,6,NA,NA,20160606,127082
HL,NS-IBTS,3,SE,77AR,GOV,60,NA,NA,529,47,2009,T,170992,0,NA,192,1,96,1,NA,16120,1,21,14,NA,NA,20160606,127082
HL,NS-IBTS,3,SE,77AR,GOV,60,NA,NA,529,47,2009,T,170992,0,NA,192,1,96,1,NA,16120,1,22,22,NA,NA,20160606,127082
HL,NS-IBTS,3,SE,77AR,GOV,60,NA,NA,529,47,2009,T,170992,0,NA,192,1,96,1,NA,16120,1,23,36,NA,NA,20160606,127082
HL,NS-IBTS,3,SE,77AR,GOV,60,NA,NA,529,47,2009,T,170992,0,NA,192,1,96,1,NA,16120,1,24,42,NA,NA,20160606,127082
HL,NS-IBTS,3,SE,77AR,GOV,60,NA,NA,529,47,2009,T,170992,0,NA,192,1,96,1,NA,16120,1,25,24,NA,NA,20160606,127082
HL,NS-IBTS,3,SE,77AR,GOV,60,NA,NA,529,47,2009,T,170992,0,NA,192,1,96,1,NA,16120,1,26,20,NA,NA,20160606,127082
HL,NS-IBTS,3,SE,77AR,GOV,60,NA,NA,529,47,2009,T,170992,0,NA,192,1,96,1,NA,16120,1,27,10,NA,NA,20160606,127082
HL,NS-IBTS,3,SE,77AR,GOV,60,NA,NA,529,47,2009,T,170992,0,NA,192,1,96,1,NA,16120,1,28,4,NA,NA,20160606,127082
HL,NS-IBTS,3,SE,77AR,GOV,60,NA,NA,529,47,2009,T,170992,0,NA,192,1,96,1,NA,16120,1,29,2,NA,NA,20160606,127082
HL,NS-IBTS,3,SE,77AR,GOV,60,NA,NA,529,47,2009,T,170992,0,NA,192,1,96,1,NA,16120,1,35,2,NA,NA,20160606,127082
HL,NS-IBTS,3,SE,77AR,GOV,60,NA,NA,530,48,2009,T,170992,1,NA,22,1,11,1,NA,1340,1,16,4,NA,NA,20160606,127082
HL,NS-IBTS,3,SE,77AR,GOV,60,NA,NA,530,48,2009,T,170992,1,NA,22,1,11,1,NA,1340,1,20,4,NA,NA,20160606,127082
HL,NS-IBTS,3,SE,77AR,GOV,60,NA,NA,530,48,2009,T,170992,1,NA,22,1,11,1,NA,1340,1,21,4,NA,NA,20160606,127082
HL,NS-IBTS,3,SE,77AR,GOV,60,NA,NA,530,48,2009,T,170992,1,NA,22,1,11,1,NA,1340,1,23,4,NA,NA,20160606,127082
HL,NS-IBTS,3,SE,77AR,GOV,60,NA,NA,530,48,2009,T,170992,1,NA,22,1,11,1,NA,1340,1,24,2,NA,NA,20160606,127082
HL,NS-IBTS,3,SE,77AR,GOV,60,NA,NA,530,48,2009,T,170992,1,NA,22,1,11,1,NA,1340,1,25,2,NA,NA,20160606,127082
HL,NS-IBTS,3,SE,77AR,GOV,60,NA,NA,530,48,2009,T,170992,1,NA,22,1,11,1,NA,1340,1,27,2,NA,NA,20160606,127082
HL,NS-IBTS,3,SE,77AR,GOV,60,NA,NA,531,49,2009,T,170992,1,NA,21,1,8,1,NA,1772,1,22,2,NA,NA,20160606,127082
HL,NS-IBTS,3,SE,77AR,GOV,60,NA,NA,531,49,2009,T,170992,1,NA,21,1,8,1,NA,1772,1,24,13,NA,NA,20160606,127082
HL,NS-IBTS,3,SE,77AR,GOV,60,NA,NA,531,49,2009,T,170992,1,NA,21,1,8,1,NA,1772,1,25,2,NA,NA,20160606,127082
HL,NS-IBTS,3,SE,77AR,GOV,60,NA,NA,531,49,2009,T,170992,1,NA,21,1,8,1,NA,1772,1,26,2,NA,NA,20160606,127082
HL,NS-IBTS,3,SE,77AR,GOV,60,NA,NA,532,50,2009,T,170992,1,NA,6,1,3,1,NA,460,1,21,2,NA,NA,20160606,127082
HL,NS-IBTS,3,SE,77AR,GOV,60,NA,NA,532,50,2009,T,170992,1,NA,6,1,3,1,NA,460,1,23,2,NA,NA,20160606,127082
HL,NS-IBTS,3,SE,77AR,GOV,60,NA,NA,532,50,2009,T,170992,1,NA,6,1,3,1,NA,460,1,25,2,NA,NA,20160606,127082
HL,NS-IBTS,3,SE,77AR,GOV,60,NA,NA,511,32,2009,T,170992,1,NA,50,1,25,1,NA,3420,1,16,2,NA,NA,20160606,127082
HL,NS-IBTS,3,SE,77AR,GOV,60,NA,NA,511,32,2009,T,170992,1,NA,50,1,25,1,NA,3420,1,18,4,NA,NA,20160606,127082
HL,NS-IBTS,3,SE,77AR,GOV,60,NA,NA,511,32,2009,T,170992,1,NA,50,1,25,1,NA,3420,1,19,2,NA,NA,20160606,127082
HL,NS-IBTS,3,SE,77AR,GOV,60,NA,NA,511,32,2009,T,170992,1,NA,50,1,25,1,NA,3420,1,20,2,NA,NA,20160606,127082
HL,NS-IBTS,3,SE,77AR,GOV,60,NA,NA,511,32,2009,T,170992,1,NA,50,1,25,1,NA,3420,1,21,10,NA,NA,20160606,127082
HL,NS-IBTS,3,SE,77AR,GOV,60,NA,NA,478,1,2009,T,170992,0,NA,134,1,67,1,NA,15220,1,17,2,NA,NA,20160606,127082
HL,NS-IBTS,3,SE,77AR,GOV,60,NA,NA,478,1,2009,T,170992,0,NA,134,1,67,1,NA,15220,1,18,2,NA,NA,20160606,127082
HL,NS-IBTS,3,SE,77AR,GOV,60,NA,NA,478,1,2009,T,170992,0,NA,134,1,67,1,NA,15220,1,19,2,NA,NA,20160606,127082
HL,NS-IBTS,3,SE,77AR,GOV,60,NA,NA,478,1,2009,T,170992,0,NA,134,1,67,1,NA,15220,1,20,2,NA,NA,20160606,127082
HL,NS-IBTS,3,SE,77AR,GOV,60,NA,NA,478,1,2009,T,170992,0,NA,134,1,67,1,NA,15220,1,21,2,NA,NA,20160606,127082
HL,NS-IBTS,3,SE,77AR,GOV,60,NA,NA,478,1,2009,T,170992,0,NA,134,1,67,1,NA,15220,1,22,12,NA,NA,20160606,127082
HL,NS-IBTS,3,SE,77AR,GOV,60,NA,NA,478,1,2009,T,170992,0,NA,134,1,67,1,NA,15220,1,23,22,NA,NA,20160606,127082
HL,NS-IBTS,3,SE,77AR,GOV,60,NA,NA,478,1,2009,T,170992,0,NA,134,1,67,1,NA,15220,1,24,14,NA,NA,20160606,127082
HL,NS-IBTS,3,SE,77AR,GOV,60,NA,NA,478,1,2009,T,170992,0,NA,134,1,67,1,NA,15220,1,25,14,NA,NA,20160606,127082
HL,NS-IBTS,3,SE,77AR,GOV,60,NA,NA,478,1,2009,T,170992,0,NA,134,1,67,1,NA,15220,1,26,18,NA,NA,20160606,127082
HL,NS-IBTS,3,SE,77AR,GOV,60,NA,NA,510,31,2009,T,170992,1,NA,367,1,89,1,NA,28639,1,16,4,NA,NA,20160606,127082
HL,NS-IBTS,3,SE,77AR,GOV,60,NA,NA,510,31,2009,T,170992,1,NA,367,1,89,1,NA,28639,1,17,8,NA,NA,20160606,127082
HL,NS-IBTS,3,SE,77AR,GOV,60,NA,NA,510,31,2009,T,170992,1,NA,367,1,89,1,NA,28639,1,19,4,NA,NA,20160606,127082
HL,NS-IBTS,3,SE,77AR,GOV,60,NA,NA,510,31,2009,T,170992,1,NA,367,1,89,1,NA,28639,1,20,20,NA,NA,20160606,127082
HL,NS-IBTS,3,SE,77AR,GOV,60,NA,NA,510,31,2009,T,170992,1,NA,367,1,89,1,NA,28639,1,21,28,NA,NA,20160606,127082
HL,NS-IBTS,3,SE,77AR,GOV,60,NA,NA,510,31,2009,T,170992,1,NA,367,1,89,1,NA,28639,1,22,45,NA,NA,20160606,127082
HL,NS-IBTS,3,SE,77AR,GOV,60,NA,NA,510,31,2009,T,170992,1,NA,367,1,89,1,NA,28639,1,23,61,NA,NA,20160606,127082
HL,NS-IBTS,3,SE,77AR,GOV,60,NA,NA,510,31,2009,T,170992,1,NA,367,1,89,1,NA,28639,1,24,99,NA,NA,20160606,127082
HL,NS-IBTS,3,SE,77AR,GOV,60,NA,NA,510,31,2009,T,170992,1,NA,367,1,89,1,NA,28639,1,25,33,NA,NA,20160606,127082
HL,NS-IBTS,3,SE,77AR,GOV,60,NA,NA,510,31,2009,T,170992,1,NA,367,1,89,1,NA,28639,1,26,45,NA,NA,20160606,127082
HL,NS-IBTS,3,SE,77AR,GOV,60,NA,NA,510,31,2009,T,170992,1,NA,367,1,89,1,NA,28639,1,27,4,NA,NA,20160606,127082
HL,NS-IBTS,3,SE,77AR,GOV,60,NA,NA,510,31,2009,T,170992,1,NA,367,1,89,1,NA,28639,1,28,4,NA,NA,20160606,127082
HL,NS-IBTS,3,SE,77AR,GOV,60,NA,NA,510,31,2009,T,170992,1,NA,367,1,89,1,NA,28639,1,29,4,NA,NA,20160606,127082
HL,NS-IBTS,3,SE,77AR,GOV,60,NA,NA,510,31,2009,T,170992,1,NA,367,1,89,1,NA,28639,1,31,4,NA,NA,20160606,127082
HL,NS-IBTS,3,SE,77AR,GOV,60,NA,NA,478,1,2009,T,170992,0,NA,134,1,67,1,NA,15220,1,27,6,NA,NA,20160606,127082
HL,NS-IBTS,3,SE,77AR,GOV,60,NA,NA,478,1,2009,T,170992,0,NA,134,1,67,1,NA,15220,1,28,14,NA,NA,20160606,127082
HL,NS-IBTS,3,SE,77AR,GOV,60,NA,NA,478,1,2009,T,170992,0,NA,134,1,67,1,NA,15220,1,29,4,NA,NA,20160606,127082
HL,NS-IBTS,3,SE,77AR,GOV,60,NA,NA,478,1,2009,T,170992,0,NA,134,1,67,1,NA,15220,1,30,14,NA,NA,20160606,127082
HL,NS-IBTS,3,SE,77AR,GOV,60,NA,NA,478,1,2009,T,170992,0,NA,134,1,67,1,NA,15220,1,31,2,NA,NA,20160606,127082
HL,NS-IBTS,3,SE,77AR,GOV,60,NA,NA,478,1,2009,T,170992,0,NA,134,1,67,1,NA,15220,1,32,2,NA,NA,20160606,127082
HL,NS-IBTS,3,SE,77AR,GOV,60,NA,NA,478,1,2009,T,170992,0,NA,134,1,67,1,NA,15220,1,33,2,NA,NA,20160606,127082
HL,NS-IBTS,3,SE,77AR,GOV,60,NA,NA,479,2,2009,T,170992,1,NA,92,1,46,1,NA,11800,1,19,4,NA,NA,20160606,127082
HL,NS-IBTS,3,SE,77AR,GOV,60,NA,NA,479,2,2009,T,170992,1,NA,92,1,46,1,NA,11800,1,22,10,NA,NA,20160606,127082
HL,NS-IBTS,3,SE,77AR,GOV,60,NA,NA,479,2,2009,T,170992,1,NA,92,1,46,1,NA,11800,1,23,10,NA,NA,20160606,127082
HL,NS-IBTS,3,SE,77AR,GOV,60,NA,NA,479,2,2009,T,170992,1,NA,92,1,46,1,NA,11800,1,24,12,NA,NA,20160606,127082
HL,NS-IBTS,3,SE,77AR,GOV,60,NA,NA,479,2,2009,T,170992,1,NA,92,1,46,1,NA,11800,1,25,6,NA,NA,20160606,127082
HL,NS-IBTS,3,SE,77AR,GOV,60,NA,NA,479,2,2009,T,170992,1,NA,92,1,46,1,NA,11800,1,26,12,NA,NA,20160606,127082
HL,NS-IBTS,3,SE,77AR,GOV,60,NA,NA,479,2,2009,T,170992,1,NA,92,1,46,1,NA,11800,1,27,10,NA,NA,20160606,127082
HL,NS-IBTS,3,SE,77AR,GOV,60,NA,NA,479,2,2009,T,170992,1,NA,92,1,46,1,NA,11800,1,28,8,NA,NA,20160606,127082
HL,NS-IBTS,3,SE,77AR,GOV,60,NA,NA,479,2,2009,T,170992,1,NA,92,1,46,1,NA,11800,1,29,6,NA,NA,20160606,127082
HL,NS-IBTS,3,SE,77AR,GOV,60,NA,NA,479,2,2009,T,170992,1,NA,92,1,46,1,NA,11800,1,30,6,NA,NA,20160606,127082
HL,NS-IBTS,3,SE,77AR,GOV,60,NA,NA,479,2,2009,T,170992,1,NA,92,1,46,1,NA,11800,1,32,2,NA,NA,20160606,127082
HL,NS-IBTS,3,SE,77AR,GOV,60,NA,NA,479,2,2009,T,170992,1,NA,92,1,46,1,NA,11800,1,33,2,NA,NA,20160606,127082
HL,NS-IBTS,3,SE,77AR,GOV,60,NA,NA,479,2,2009,T,170992,1,NA,92,1,46,1,NA,11800,1,34,4,NA,NA,20160606,127082
HL,NS-IBTS,3,SE,77AR,GOV,60,NA,NA,483,5,2009,T,170992,1,NA,6,1,3,1,NA,519,1,23,4,NA,NA,20160606,127082
HL,NS-IBTS,3,SE,77AR,GOV,60,NA,NA,483,5,2009,T,170992,1,NA,6,1,3,1,NA,519,1,29,2,NA,NA,20160606,127082
HL,NS-IBTS,3,SE,77AR,GOV,60,NA,NA,484,6,2009,T,170992,1,NA,2,1,1,1,NA,131,1,22,2,NA,NA,20160606,127082
HL,NS-IBTS,3,SE,77AR,GOV,60,NA,NA,488,9,2009,T,170992,1,NA,22,1,11,1,NA,3720,1,23,2,NA,NA,20160606,127082
HL,NS-IBTS,3,SE,77AR,GOV,60,NA,NA,488,9,2009,T,170992,1,NA,22,1,11,1,NA,3720,1,24,2,NA,NA,20160606,127082
HL,NS-IBTS,3,SE,77AR,GOV,60,NA,NA,488,9,2009,T,170992,1,NA,22,1,11,1,NA,3720,1,25,2,NA,NA,20160606,127082
HL,NS-IBTS,3,SE,77AR,GOV,60,NA,NA,488,9,2009,T,170992,1,NA,22,1,11,1,NA,3720,1,26,2,NA,NA,20160606,127082
HL,NS-IBTS,3,SE,77AR,GOV,60,NA,NA,488,9,2009,T,170992,1,NA,22,1,11,1,NA,3720,1,27,2,NA,NA,20160606,127082
HL,NS-IBTS,3,SE,77AR,GOV,60,NA,NA,488,9,2009,T,170992,1,NA,22,1,11,1,NA,3720,1,29,2,NA,NA,20160606,127082
HL,NS-IBTS,3,SE,77AR,GOV,60,NA,NA,488,9,2009,T,170992,1,NA,22,1,11,1,NA,3720,1,30,6,NA,NA,20160606,127082
HL,NS-IBTS,3,SE,77AR,GOV,60,NA,NA,488,9,2009,T,170992,1,NA,22,1,11,1,NA,3720,1,34,2,NA,NA,20160606,127082
HL,NS-IBTS,3,SE,77AR,GOV,60,NA,NA,488,9,2009,T,170992,1,NA,22,1,11,1,NA,3720,1,35,2,NA,NA,20160606,127082
HL,NS-IBTS,3,SE,77AR,GOV,60,NA,NA,489,10,2009,T,170992,1,NA,28,1,14,1,NA,4820,1,24,2,NA,NA,20160606,127082
HL,NS-IBTS,3,SE,77AR,GOV,60,NA,NA,489,10,2009,T,170992,1,NA,28,1,14,1,NA,4820,1,25,2,NA,NA,20160606,127082
HL,NS-IBTS,3,SE,77AR,GOV,60,NA,NA,489,10,2009,T,170992,1,NA,28,1,14,1,NA,4820,1,27,4,NA,NA,20160606,127082
HL,NS-IBTS,3,SE,77AR,GOV,60,NA,NA,489,10,2009,T,170992,1,NA,28,1,14,1,NA,4820,1,28,4,NA,NA,20160606,127082
HL,NS-IBTS,3,SE,77AR,GOV,60,NA,NA,489,10,2009,T,170992,1,NA,28,1,14,1,NA,4820,1,29,2,NA,NA,20160606,127082
HL,NS-IBTS,3,SE,77AR,GOV,60,NA,NA,489,10,2009,T,170992,1,NA,28,1,14,1,NA,4820,1,30,8,NA,NA,20160606,127082
HL,NS-IBTS,3,SE,77AR,GOV,60,NA,NA,489,10,2009,T,170992,1,NA,28,1,14,1,NA,4820,1,33,2,NA,NA,20160606,127082
HL,NS-IBTS,3,SE,77AR,GOV,60,NA,NA,489,10,2009,T,170992,1,NA,28,1,14,1,NA,4820,1,35,4,NA,NA,20160606,127082
HL,NS-IBTS,3,SE,77AR,GOV,60,NA,NA,490,11,2009,T,170992,1,NA,20,1,10,1,NA,3440,1,24,2,NA,NA,20160606,127082
HL,NS-IBTS,3,SE,77AR,GOV,60,NA,NA,490,11,2009,T,170992,1,NA,20,1,10,1,NA,3440,1,25,2,NA,NA,20160606,127082
HL,NS-IBTS,3,SE,77AR,GOV,60,NA,NA,490,11,2009,T,170992,1,NA,20,1,10,1,NA,3440,1,26,2,NA,NA,20160606,127082
HL,NS-IBTS,3,SE,77AR,GOV,60,NA,NA,490,11,2009,T,170992,1,NA,20,1,10,1,NA,3440,1,28,4,NA,NA,20160606,127082
HL,NS-IBTS,3,SE,77AR,GOV,60,NA,NA,490,11,2009,T,170992,1,NA,20,1,10,1,NA,3440,1,29,2,NA,NA,20160606,127082
HL,NS-IBTS,3,SE,77AR,GOV,60,NA,NA,490,11,2009,T,170992,1,NA,20,1,10,1,NA,3440,1,31,2,NA,NA,20160606,127082
HL,NS-IBTS,3,SE,77AR,GOV,60,NA,NA,490,11,2009,T,170992,1,NA,20,1,10,1,NA,3440,1,32,4,NA,NA,20160606,127082
HL,NS-IBTS,3,SE,77AR,GOV,60,NA,NA,490,11,2009,T,170992,1,NA,20,1,10,1,NA,3440,1,38,2,NA,NA,20160606,127082
HL,NS-IBTS,3,SE,77AR,GOV,60,NA,NA,493,14,2009,T,170992,1,NA,42,1,21,1,NA,7780,1,25,6,NA,NA,20160606,127082
HL,NS-IBTS,3,SE,77AR,GOV,60,NA,NA,493,14,2009,T,170992,1,NA,42,1,21,1,NA,7780,1,26,4,NA,NA,20160606,127082
HL,NS-IBTS,3,SE,77AR,GOV,60,NA,NA,493,14,2009,T,170992,1,NA,42,1,21,1,NA,7780,1,28,6,NA,NA,20160606,127082
HL,NS-IBTS,3,SE,77AR,GOV,60,NA,NA,493,14,2009,T,170992,1,NA,42,1,21,1,NA,7780,1,29,10,NA,NA,20160606,127082
HL,NS-IBTS,3,SE,77AR,GOV,60,NA,NA,493,14,2009,T,170992,1,NA,42,1,21,1,NA,7780,1,30,4,NA,NA,20160606,127082
HL,NS-IBTS,3,SE,77AR,GOV,60,NA,NA,493,14,2009,T,170992,1,NA,42,1,21,1,NA,7780,1,32,2,NA,NA,20160606,127082
HL,NS-IBTS,3,SE,77AR,GOV,60,NA,NA,493,14,2009,T,170992,1,NA,42,1,21,1,NA,7780,1,34,2,NA,NA,20160606,127082
HL,NS-IBTS,3,SE,77AR,GOV,60,NA,NA,493,14,2009,T,170992,1,NA,42,1,21,1,NA,7780,1,35,2,NA,NA,20160606,127082
HL,NS-IBTS,3,SE,77AR,GOV,60,NA,NA,493,14,2009,T,170992,1,NA,42,1,21,1,NA,7780,1,36,4,NA,NA,20160606,127082
HL,NS-IBTS,3,SE,77AR,GOV,60,NA,NA,493,14,2009,T,170992,1,NA,42,1,21,1,NA,7780,1,37,2,NA,NA,20160606,127082
HL,NS-IBTS,3,SE,77AR,GOV,60,NA,NA,494,15,2009,T,170992,1,NA,140,1,70,1,NA,25479,1,22,6,NA,NA,20160606,127082
HL,NS-IBTS,3,SE,77AR,GOV,60,NA,NA,494,15,2009,T,170992,1,NA,140,1,70,1,NA,25479,1,24,2,NA,NA,20160606,127082
HL,NS-IBTS,3,SE,77AR,GOV,60,NA,NA,494,15,2009,T,170992,1,NA,140,1,70,1,NA,25479,1,25,14,NA,NA,20160606,127082
HL,NS-IBTS,3,SE,77AR,GOV,60,NA,NA,494,15,2009,T,170992,1,NA,140,1,70,1,NA,25479,1,26,4,NA,NA,20160606,127082
HL,NS-IBTS,3,SE,77AR,GOV,60,NA,NA,494,15,2009,T,170992,1,NA,140,1,70,1,NA,25479,1,27,12,NA,NA,20160606,127082
HL,NS-IBTS,3,SE,77AR,GOV,60,NA,NA,494,15,2009,T,170992,1,NA,140,1,70,1,NA,25479,1,28,8,NA,NA,20160606,127082
HL,NS-IBTS,3,SE,77AR,GOV,60,NA,NA,494,15,2009,T,170992,1,NA,140,1,70,1,NA,25479,1,29,16,NA,NA,20160606,127082
HL,NS-IBTS,3,SE,77AR,GOV,60,NA,NA,494,15,2009,T,170992,1,NA,140,1,70,1,NA,25479,1,30,18,NA,NA,20160606,127082
HL,NS-IBTS,3,SE,77AR,GOV,60,NA,NA,494,15,2009,T,170992,1,NA,140,1,70,1,NA,25479,1,31,16,NA,NA,20160606,127082
HL,NS-IBTS,3,SE,77AR,GOV,60,NA,NA,494,15,2009,T,170992,1,NA,140,1,70,1,NA,25479,1,32,22,NA,NA,20160606,127082
HL,NS-IBTS,3,SE,77AR,GOV,60,NA,NA,494,15,2009,T,170992,1,NA,140,1,70,1,NA,25479,1,33,8,NA,NA,20160606,127082
HL,NS-IBTS,3,SE,77AR,GOV,60,NA,NA,494,15,2009,T,170992,1,NA,140,1,70,1,NA,25479,1,34,4,NA,NA,20160606,127082
HL,NS-IBTS,3,SE,77AR,GOV,60,NA,NA,494,15,2009,T,170992,1,NA,140,1,70,1,NA,25479,1,35,4,NA,NA,20160606,127082
HL,NS-IBTS,3,SE,77AR,GOV,60,NA,NA,494,15,2009,T,170992,1,NA,140,1,70,1,NA,25479,1,36,6,NA,NA,20160606,127082
HL,NS-IBTS,3,SE,77AR,GOV,60,NA,NA,496,17,2009,T,170992,1,NA,76,1,38,1,NA,8380,1,18,2,NA,NA,20160606,127082
HL,NS-IBTS,3,SE,77AR,GOV,60,NA,NA,496,17,2009,T,170992,1,NA,76,1,38,1,NA,8380,1,20,6,NA,NA,20160606,127082
HL,NS-IBTS,3,SE,77AR,GOV,60,NA,NA,496,17,2009,T,170992,1,NA,76,1,38,1,NA,8380,1,21,10,NA,NA,20160606,127082
HL,NS-IBTS,3,SE,77AR,GOV,60,NA,NA,496,17,2009,T,170992,1,NA,76,1,38,1,NA,8380,1,22,4,NA,NA,20160606,127082
HL,NS-IBTS,3,SE,77AR,GOV,60,NA,NA,496,17,2009,T,170992,1,NA,76,1,38,1,NA,8380,1,23,12,NA,NA,20160606,127082
HL,NS-IBTS,3,SE,77AR,GOV,60,NA,NA,496,17,2009,T,170992,1,NA,76,1,38,1,NA,8380,1,24,4,NA,NA,20160606,127082
HL,NS-IBTS,3,SE,77AR,GOV,60,NA,NA,496,17,2009,T,170992,1,NA,76,1,38,1,NA,8380,1,25,12,NA,NA,20160606,127082
HL,NS-IBTS,3,SE,77AR,GOV,60,NA,NA,496,17,2009,T,170992,1,NA,76,1,38,1,NA,8380,1,26,6,NA,NA,20160606,127082
HL,NS-IBTS,3,SE,77AR,GOV,60,NA,NA,496,17,2009,T,170992,1,NA,76,1,38,1,NA,8380,1,27,4,NA,NA,20160606,127082
HL,NS-IBTS,3,SE,77AR,GOV,60,NA,NA,496,17,2009,T,170992,1,NA,76,1,38,1,NA,8380,1,28,6,NA,NA,20160606,127082
HL,NS-IBTS,3,SE,77AR,GOV,60,NA,NA,496,17,2009,T,170992,1,NA,76,1,38,1,NA,8380,1,30,2,NA,NA,20160606,127082
HL,NS-IBTS,3,SE,77AR,GOV,60,NA,NA,496,17,2009,T,170992,1,NA,76,1,38,1,NA,8380,1,31,2,NA,NA,20160606,127082
HL,NS-IBTS,3,SE,77AR,GOV,60,NA,NA,496,17,2009,T,170992,1,NA,76,1,38,1,NA,8380,1,32,2,NA,NA,20160606,127082
HL,NS-IBTS,3,SE,77AR,GOV,60,NA,NA,496,17,2009,T,170992,1,NA,76,1,38,1,NA,8380,1,33,4,NA,NA,20160606,127082
HL,NS-IBTS,3,SE,77AR,GOV,60,NA,NA,497,18,2009,T,170992,1,NA,90,1,45,1,NA,11399,1,21,4,NA,NA,20160606,127082
HL,NS-IBTS,3,SE,77AR,GOV,60,NA,NA,497,18,2009,T,170992,1,NA,90,1,45,1,NA,11399,1,22,6,NA,NA,20160606,127082
HL,NS-IBTS,3,SE,77AR,GOV,60,NA,NA,497,18,2009,T,170992,1,NA,90,1,45,1,NA,11399,1,23,2,NA,NA,20160606,127082
HL,NS-IBTS,3,SE,77AR,GOV,60,NA,NA,497,18,2009,T,170992,1,NA,90,1,45,1,NA,11399,1,24,22,NA,NA,20160606,127082
HL,NS-IBTS,3,SE,77AR,GOV,60,NA,NA,497,18,2009,T,170992,1,NA,90,1,45,1,NA,11399,1,25,6,NA,NA,20160606,127082
HL,NS-IBTS,3,SE,77AR,GOV,60,NA,NA,497,18,2009,T,170992,1,NA,90,1,45,1,NA,11399,1,26,4,NA,NA,20160606,127082
HL,NS-IBTS,3,SE,77AR,GOV,60,NA,NA,497,18,2009,T,170992,1,NA,90,1,45,1,NA,11399,1,27,10,NA,NA,20160606,127082
HL,NS-IBTS,3,SE,77AR,GOV,60,NA,NA,497,18,2009,T,170992,1,NA,90,1,45,1,NA,11399,1,28,12,NA,NA,20160606,127082
HL,NS-IBTS,3,SE,77AR,GOV,60,NA,NA,497,18,2009,T,170992,1,NA,90,1,45,1,NA,11399,1,29,12,NA,NA,20160606,127082
HL,NS-IBTS,3,SE,77AR,GOV,60,NA,NA,497,18,2009,T,170992,1,NA,90,1,45,1,NA,11399,1,31,2,NA,NA,20160606,127082
HL,NS-IBTS,3,SE,77AR,GOV,60,NA,NA,497,18,2009,T,170992,1,NA,90,1,45,1,NA,11399,1,32,6,NA,NA,20160606,127082
HL,NS-IBTS,3,SE,77AR,GOV,60,NA,NA,497,18,2009,T,170992,1,NA,90,1,45,1,NA,11399,1,33,2,NA,NA,20160606,127082
HL,NS-IBTS,3,SE,77AR,GOV,60,NA,NA,497,18,2009,T,170992,1,NA,90,1,45,1,NA,11399,1,34,2,NA,NA,20160606,127082
HL,NS-IBTS,3,SE,77AR,GOV,60,NA,NA,498,19,2009,T,170992,1,NA,242,1,121,1,NA,23360,1,18,2,NA,NA,20160606,127082
HL,NS-IBTS,3,SE,77AR,GOV,60,NA,NA,498,19,2009,T,170992,1,NA,242,1,121,1,NA,23360,1,19,10,NA,NA,20160606,127082
HL,NS-IBTS,3,SE,77AR,GOV,60,NA,NA,498,19,2009,T,170992,1,NA,242,1,121,1,NA,23360,1,20,8,NA,NA,20160606,127082
HL,NS-IBTS,3,SE,77AR,GOV,60,NA,NA,498,19,2009,T,170992,1,NA,242,1,121,1,NA,23360,1,21,28,NA,NA,20160606,127082
HL,NS-IBTS,3,SE,77AR,GOV,60,NA,NA,498,19,2009,T,170992,1,NA,242,1,121,1,NA,23360,1,22,40,NA,NA,20160606,127082
HL,NS-IBTS,3,SE,77AR,GOV,60,NA,NA,498,19,2009,T,170992,1,NA,242,1,121,1,NA,23360,1,23,30,NA,NA,20160606,127082
HL,NS-IBTS,3,SE,77AR,GOV,60,NA,NA,498,19,2009,T,170992,1,NA,242,1,121,1,NA,23360,1,24,26,NA,NA,20160606,127082
HL,NS-IBTS,3,SE,77AR,GOV,60,NA,NA,498,19,2009,T,170992,1,NA,242,1,121,1,NA,23360,1,25,28,NA,NA,20160606,127082
HL,NS-IBTS,3,SE,77AR,GOV,60,NA,NA,498,19,2009,T,170992,1,NA,242,1,121,1,NA,23360,1,26,14,NA,NA,20160606,127082
HL,NS-IBTS,3,SE,77AR,GOV,60,NA,NA,498,19,2009,T,170992,1,NA,242,1,121,1,NA,23360,1,27,18,NA,NA,20160606,127082
HL,NS-IBTS,3,SE,77AR,GOV,60,NA,NA,498,19,2009,T,170992,1,NA,242,1,121,1,NA,23360,1,28,8,NA,NA,20160606,127082
HL,NS-IBTS,3,SE,77AR,GOV,60,NA,NA,498,19,2009,T,170992,1,NA,242,1,121,1,NA,23360,1,29,10,NA,NA,20160606,127082
HL,NS-IBTS,3,SE,77AR,GOV,60,NA,NA,498,19,2009,T,170992,1,NA,242,1,121,1,NA,23360,1,30,6,NA,NA,20160606,127082
HL,NS-IBTS,3,SE,77AR,GOV,60,NA,NA,498,19,2009,T,170992,1,NA,242,1,121,1,NA,23360,1,31,6,NA,NA,20160606,127082
HL,NS-IBTS,3,SE,77AR,GOV,60,NA,NA,498,19,2009,T,170992,1,NA,242,1,121,1,NA,23360,1,32,4,NA,NA,20160606,127082
HL,NS-IBTS,3,SE,77AR,GOV,60,NA,NA,498,19,2009,T,170992,1,NA,242,1,121,1,NA,23360,1,33,2,NA,NA,20160606,127082
HL,NS-IBTS,3,SE,77AR,GOV,60,NA,NA,498,19,2009,T,170992,1,NA,242,1,121,1,NA,23360,1,34,2,NA,NA,20160606,127082
HL,NS-IBTS,3,SE,77AR,GOV,60,NA,NA,499,20,2009,T,170992,1,NA,348,1,86,1,NA,40099,1,18,12,NA,NA,20160606,127082
HL,NS-IBTS,3,SE,77AR,GOV,60,NA,NA,499,20,2009,T,170992,1,NA,348,1,86,1,NA,40099,1,21,8,NA,NA,20160606,127082
HL,NS-IBTS,3,SE,77AR,GOV,60,NA,NA,499,20,2009,T,170992,1,NA,348,1,86,1,NA,40099,1,22,36,NA,NA,20160606,127082
HL,NS-IBTS,3,SE,77AR,GOV,60,NA,NA,499,20,2009,T,170992,1,NA,348,1,86,1,NA,40099,1,23,40,NA,NA,20160606,127082
HL,NS-IBTS,3,SE,77AR,GOV,60,NA,NA,499,20,2009,T,170992,1,NA,348,1,86,1,NA,40099,1,24,44,NA,NA,20160606,127082
HL,NS-IBTS,3,SE,77AR,GOV,60,NA,NA,499,20,2009,T,170992,1,NA,348,1,86,1,NA,40099,1,25,40,NA,NA,20160606,127082
HL,NS-IBTS,3,SE,77AR,GOV,60,NA,NA,499,20,2009,T,170992,1,NA,348,1,86,1,NA,40099,1,26,44,NA,NA,20160606,127082
HL,NS-IBTS,3,SE,77AR,GOV,60,NA,NA,499,20,2009,T,170992,1,NA,348,1,86,1,NA,40099,1,27,36,NA,NA,20160606,127082
HL,NS-IBTS,3,SE,77AR,GOV,60,NA,NA,499,20,2009,T,170992,1,NA,348,1,86,1,NA,40099,1,28,32,NA,NA,20160606,127082
HL,NS-IBTS,3,SE,77AR,GOV,60,NA,NA,499,20,2009,T,170992,1,NA,348,1,86,1,NA,40099,1,30,20,NA,NA,20160606,127082
HL,NS-IBTS,3,SE,77AR,GOV,60,NA,NA,499,20,2009,T,170992,1,NA,348,1,86,1,NA,40099,1,31,8,NA,NA,20160606,127082
HL,NS-IBTS,3,SE,77AR,GOV,60,NA,NA,499,20,2009,T,170992,1,NA,348,1,86,1,NA,40099,1,32,8,NA,NA,20160606,127082
HL,NS-IBTS,3,SE,77AR,GOV,60,NA,NA,499,20,2009,T,170992,1,NA,348,1,86,1,NA,40099,1,33,8,NA,NA,20160606,127082
HL,NS-IBTS,3,SE,77AR,GOV,60,NA,NA,499,20,2009,T,170992,1,NA,348,1,86,1,NA,40099,1,34,4,NA,NA,20160606,127082
HL,NS-IBTS,3,SE,77AR,GOV,60,NA,NA,499,20,2009,T,170992,1,NA,348,1,86,1,NA,40099,1,35,4,NA,NA,20160606,127082
HL,NS-IBTS,3,SE,77AR,GOV,60,NA,NA,500,21,2009,T,170992,1,NA,182,1,91,1,NA,30079,1,22,6,NA,NA,20160606,127082
HL,NS-IBTS,3,SE,77AR,GOV,60,NA,NA,500,21,2009,T,170992,1,NA,182,1,91,1,NA,30079,1,23,2,NA,NA,20160606,127082
HL,NS-IBTS,3,SE,77AR,GOV,60,NA,NA,500,21,2009,T,170992,1,NA,182,1,91,1,NA,30079,1,24,18,NA,NA,20160606,127082
HL,NS-IBTS,3,SE,77AR,GOV,60,NA,NA,500,21,2009,T,170992,1,NA,182,1,91,1,NA,30079,1,25,16,NA,NA,20160606,127082
HL,NS-IBTS,3,SE,77AR,GOV,60,NA,NA,500,21,2009,T,170992,1,NA,182,1,91,1,NA,30079,1,26,12,NA,NA,20160606,127082
HL,NS-IBTS,3,SE,77AR,GOV,60,NA,NA,500,21,2009,T,170992,1,NA,182,1,91,1,NA,30079,1,27,24,NA,NA,20160606,127082
HL,NS-IBTS,3,SE,77AR,GOV,60,NA,NA,500,21,2009,T,170992,1,NA,182,1,91,1,NA,30079,1,28,16,NA,NA,20160606,127082
HL,NS-IBTS,3,SE,77AR,GOV,60,NA,NA,500,21,2009,T,170992,1,NA,182,1,91,1,NA,30079,1,29,24,NA,NA,20160606,127082
HL,NS-IBTS,3,SE,77AR,GOV,60,NA,NA,500,21,2009,T,170992,1,NA,182,1,91,1,NA,30079,1,30,12,NA,NA,20160606,127082
HL,NS-IBTS,3,SE,77AR,GOV,60,NA,NA,500,21,2009,T,170992,1,NA,182,1,91,1,NA,30079,1,31,12,NA,NA,20160606,127082
HL,NS-IBTS,3,SE,77AR,GOV,60,NA,NA,500,21,2009,T,170992,1,NA,182,1,91,1,NA,30079,1,32,14,NA,NA,20160606,127082
HL,NS-IBTS,3,SE,77AR,GOV,60,NA,NA,500,21,2009,T,170992,1,NA,182,1,91,1,NA,30079,1,33,8,NA,NA,20160606,127082
HL,NS-IBTS,3,SE,77AR,GOV,60,NA,NA,500,21,2009,T,170992,1,NA,182,1,91,1,NA,30079,1,34,2,NA,NA,20160606,127082
HL,NS-IBTS,3,SE,77AR,GOV,60,NA,NA,500,21,2009,T,170992,1,NA,182,1,91,1,NA,30079,1,35,10,NA,NA,20160606,127082
HL,NS-IBTS,3,SE,77AR,GOV,60,NA,NA,500,21,2009,T,170992,1,NA,182,1,91,1,NA,30079,1,36,4,NA,NA,20160606,127082
HL,NS-IBTS,3,SE,77AR,GOV,60,NA,NA,500,21,2009,T,170992,1,NA,182,1,91,1,NA,30079,1,40,2,NA,NA,20160606,127082
HL,NS-IBTS,3,SE,77AR,GOV,60,NA,NA,501,22,2009,T,170992,1,NA,160,1,80,1,NA,31760,1,22,4,NA,NA,20160606,127082
HL,NS-IBTS,3,SE,77AR,GOV,60,NA,NA,501,22,2009,T,170992,1,NA,160,1,80,1,NA,31760,1,23,2,NA,NA,20160606,127082
HL,NS-IBTS,3,SE,77AR,GOV,60,NA,NA,501,22,2009,T,170992,1,NA,160,1,80,1,NA,31760,1,24,2,NA,NA,20160606,127082
HL,NS-IBTS,3,SE,77AR,GOV,60,NA,NA,501,22,2009,T,170992,1,NA,160,1,80,1,NA,31760,1,25,2,NA,NA,20160606,127082
HL,NS-IBTS,3,SE,77AR,GOV,60,NA,NA,501,22,2009,T,170992,1,NA,160,1,80,1,NA,31760,1,26,14,NA,NA,20160606,127082
HL,NS-IBTS,3,SE,77AR,GOV,60,NA,NA,501,22,2009,T,170992,1,NA,160,1,80,1,NA,31760,1,27,6,NA,NA,20160606,127082
HL,NS-IBTS,3,SE,77AR,GOV,60,NA,NA,501,22,2009,T,170992,1,NA,160,1,80,1,NA,31760,1,28,20,NA,NA,20160606,127082
HL,NS-IBTS,3,SE,77AR,GOV,60,NA,NA,501,22,2009,T,170992,1,NA,160,1,80,1,NA,31760,1,29,16,NA,NA,20160606,127082
HL,NS-IBTS,3,SE,77AR,GOV,60,NA,NA,501,22,2009,T,170992,1,NA,160,1,80,1,NA,31760,1,30,14,NA,NA,20160606,127082
HL,NS-IBTS,3,SE,77AR,GOV,60,NA,NA,501,22,2009,T,170992,1,NA,160,1,80,1,NA,31760,1,31,8,NA,NA,20160606,127082
HL,NS-IBTS,3,SE,77AR,GOV,60,NA,NA,501,22,2009,T,170992,1,NA,160,1,80,1,NA,31760,1,32,20,NA,NA,20160606,127082
HL,NS-IBTS,3,SE,77AR,GOV,60,NA,NA,501,22,2009,T,170992,1,NA,160,1,80,1,NA,31760,1,33,20,NA,NA,20160606,127082
HL,NS-IBTS,3,SE,77AR,GOV,60,NA,NA,501,22,2009,T,170992,1,NA,160,1,80,1,NA,31760,1,34,18,NA,NA,20160606,127082
HL,NS-IBTS,3,SE,77AR,GOV,60,NA,NA,501,22,2009,T,170992,1,NA,160,1,80,1,NA,31760,1,35,12,NA,NA,20160606,127082
HL,NS-IBTS,3,SE,77AR,GOV,60,NA,NA,501,22,2009,T,170992,1,NA,160,1,80,1,NA,31760,1,37,2,NA,NA,20160606,127082
HL,NS-IBTS,3,SE,77AR,GOV,60,NA,NA,489,47,2010,T,170992,1,NA,4,1,2,1,NA,286,1,22,2,NA,NA,20160603,127082
HL,NS-IBTS,3,SE,77AR,GOV,60,NA,NA,489,47,2010,T,170992,1,NA,4,1,2,1,NA,286,1,23,2,NA,NA,20160603,127082
HL,NS-IBTS,3,SE,77AR,GOV,60,NA,NA,491,49,2010,T,170992,1,NA,14,1,7,1,NA,1419,1,22,2,NA,NA,20160603,127082
HL,NS-IBTS,3,SE,77AR,GOV,60,NA,NA,491,49,2010,T,170992,1,NA,14,1,7,1,NA,1419,1,23,4,NA,NA,20160603,127082
HL,NS-IBTS,3,SE,77AR,GOV,60,NA,NA,491,49,2010,T,170992,1,NA,14,1,7,1,NA,1419,1,25,2,NA,NA,20160603,127082
HL,NS-IBTS,3,SE,77AR,GOV,60,NA,NA,491,49,2010,T,170992,1,NA,14,1,7,1,NA,1419,1,26,2,NA,NA,20160603,127082
HL,NS-IBTS,3,SE,77AR,GOV,60,NA,NA,491,49,2010,T,170992,1,NA,14,1,7,1,NA,1419,1,27,2,NA,NA,20160603,127082
HL,NS-IBTS,3,SE,77AR,GOV,60,NA,NA,491,49,2010,T,170992,1,NA,14,1,7,1,NA,1419,1,28,2,NA,NA,20160603,127082
HL,NS-IBTS,3,SE,77AR,GOV,60,NA,NA,490,48,2010,T,170992,1,NA,4,1,2,1,NA,340,1,20,2,NA,NA,20160603,127082
HL,NS-IBTS,3,SE,77AR,GOV,60,NA,NA,490,48,2010,T,170992,1,NA,4,1,2,1,NA,340,1,27,2,NA,NA,20160603,127082
HL,NS-IBTS,3,SE,77AR,GOV,60,NA,NA,441,3,2010,T,170992,1,NA,158,1,79,1,NA,15680,1,18,2,NA,NA,20160603,127082
HL,NS-IBTS,3,SE,77AR,GOV,60,NA,NA,441,3,2010,T,170992,1,NA,158,1,79,1,NA,15680,1,20,12,NA,NA,20160603,127082
HL,NS-IBTS,3,SE,77AR,GOV,60,NA,NA,441,3,2010,T,170992,1,NA,158,1,79,1,NA,15680,1,21,10,NA,NA,20160603,127082
HL,NS-IBTS,3,SE,77AR,GOV,60,NA,NA,441,3,2010,T,170992,1,NA,158,1,79,1,NA,15680,1,22,16,NA,NA,20160603,127082
HL,NS-IBTS,3,SE,77AR,GOV,60,NA,NA,441,3,2010,T,170992,1,NA,158,1,79,1,NA,15680,1,23,16,NA,NA,20160603,127082
HL,NS-IBTS,3,SE,77AR,GOV,60,NA,NA,441,3,2010,T,170992,1,NA,158,1,79,1,NA,15680,1,24,24,NA,NA,20160603,127082
HL,NS-IBTS,3,SE,77AR,GOV,60,NA,NA,441,3,2010,T,170992,1,NA,158,1,79,1,NA,15680,1,31,6,NA,NA,20160603,127082
HL,NS-IBTS,3,SE,77AR,GOV,60,NA,NA,441,3,2010,T,170992,1,NA,158,1,79,1,NA,15680,1,32,6,NA,NA,20160603,127082
HL,NS-IBTS,3,SE,77AR,GOV,60,NA,NA,441,3,2010,T,170992,1,NA,158,1,79,1,NA,15680,1,33,2,NA,NA,20160603,127082
HL,NS-IBTS,3,SE,77AR,GOV,60,NA,NA,441,3,2010,T,170992,1,NA,158,1,79,1,NA,15680,1,34,4,NA,NA,20160603,127082
HL,NS-IBTS,3,SE,77AR,GOV,60,NA,NA,441,3,2010,T,170992,1,NA,158,1,79,1,NA,15680,1,25,8,NA,NA,20160603,127082
HL,NS-IBTS,3,SE,77AR,GOV,60,NA,NA,441,3,2010,T,170992,1,NA,158,1,79,1,NA,15680,1,26,18,NA,NA,20160603,127082
HL,NS-IBTS,3,SE,77AR,GOV,60,NA,NA,441,3,2010,T,170992,1,NA,158,1,79,1,NA,15680,1,27,10,NA,NA,20160603,127082
HL,NS-IBTS,3,SE,77AR,GOV,60,NA,NA,441,3,2010,T,170992,1,NA,158,1,79,1,NA,15680,1,28,8,NA,NA,20160603,127082
HL,NS-IBTS,3,SE,77AR,GOV,60,NA,NA,441,3,2010,T,170992,1,NA,158,1,79,1,NA,15680,1,29,4,NA,NA,20160603,127082
HL,NS-IBTS,3,SE,77AR,GOV,60,NA,NA,441,3,2010,T,170992,1,NA,158,1,79,1,NA,15680,1,30,12,NA,NA,20160603,127082
HL,NS-IBTS,3,SE,77AR,GOV,60,NA,NA,443,5,2010,T,170992,1,NA,195,1,34,1,NA,18260,1,18,11,NA,NA,20160603,127082
HL,NS-IBTS,3,SE,77AR,GOV,60,NA,NA,443,5,2010,T,170992,1,NA,195,1,34,1,NA,18260,1,19,22,NA,NA,20160603,127082
HL,NS-IBTS,3,SE,77AR,GOV,60,NA,NA,443,5,2010,T,170992,1,NA,195,1,34,1,NA,18260,1,20,5,NA,NA,20160603,127082
HL,NS-IBTS,3,SE,77AR,GOV,60,NA,NA,443,5,2010,T,170992,1,NA,195,1,34,1,NA,18260,1,21,11,NA,NA,20160603,127082
HL,NS-IBTS,3,SE,77AR,GOV,60,NA,NA,443,5,2010,T,170992,1,NA,195,1,34,1,NA,18260,1,22,17,NA,NA,20160603,127082
HL,NS-IBTS,3,SE,77AR,GOV,60,NA,NA,443,5,2010,T,170992,1,NA,195,1,34,1,NA,18260,1,23,17,NA,NA,20160603,127082
HL,NS-IBTS,3,SE,77AR,GOV,60,NA,NA,443,5,2010,T,170992,1,NA,195,1,34,1,NA,18260,1,24,34,NA,NA,20160603,127082
HL,NS-IBTS,3,SE,77AR,GOV,60,NA,NA,443,5,2010,T,170992,1,NA,195,1,34,1,NA,18260,1,25,17,NA,NA,20160603,127082
HL,NS-IBTS,3,SE,77AR,GOV,60,NA,NA,443,5,2010,T,170992,1,NA,195,1,34,1,NA,18260,1,26,17,NA,NA,20160603,127082
HL,NS-IBTS,3,SE,77AR,GOV,60,NA,NA,443,5,2010,T,170992,1,NA,195,1,34,1,NA,18260,1,27,22,NA,NA,20160603,127082
HL,NS-IBTS,3,SE,77AR,GOV,60,NA,NA,443,5,2010,T,170992,1,NA,195,1,34,1,NA,18260,1,28,5,NA,NA,20160603,127082
HL,NS-IBTS,3,SE,77AR,GOV,60,NA,NA,443,5,2010,T,170992,1,NA,195,1,34,1,NA,18260,1,29,11,NA,NA,20160603,127082
HL,NS-IBTS,3,SE,77AR,GOV,60,NA,NA,439,1,2010,T,170992,1,NA,52,1,26,1,NA,6059,1,20,2,NA,NA,20160603,127082
HL,NS-IBTS,3,SE,77AR,GOV,60,NA,NA,439,1,2010,T,170992,1,NA,52,1,26,1,NA,6059,1,21,2,NA,NA,20160603,127082
HL,NS-IBTS,3,SE,77AR,GOV,60,NA,NA,451,12,2010,T,170992,1,NA,20,1,10,1,NA,1480,1,18,2,NA,NA,20160603,127082
HL,NS-IBTS,3,SE,77AR,GOV,60,NA,NA,464,24,2010,T,170992,1,NA,108,1,54,1,NA,19200,1,23,4,NA,NA,20160603,127082
HL,NS-IBTS,3,SE,77AR,GOV,60,NA,NA,464,24,2010,T,170992,1,NA,108,1,54,1,NA,19200,1,25,6,NA,NA,20160603,127082
HL,NS-IBTS,3,SE,77AR,GOV,60,NA,NA,464,24,2010,T,170992,1,NA,108,1,54,1,NA,19200,1,26,8,NA,NA,20160603,127082
HL,NS-IBTS,3,SE,77AR,GOV,60,NA,NA,464,24,2010,T,170992,1,NA,108,1,54,1,NA,19200,1,27,10,NA,NA,20160603,127082
HL,NS-IBTS,3,SE,77AR,GOV,60,NA,NA,464,24,2010,T,170992,1,NA,108,1,54,1,NA,19200,1,28,18,NA,NA,20160603,127082
HL,NS-IBTS,3,SE,77AR,GOV,60,NA,NA,464,24,2010,T,170992,1,NA,108,1,54,1,NA,19200,1,29,24,NA,NA,20160603,127082
HL,NS-IBTS,3,SE,77AR,GOV,60,NA,NA,464,24,2010,T,170992,1,NA,108,1,54,1,NA,19200,1,36,2,NA,NA,20160603,127082
HL,NS-IBTS,3,SE,77AR,GOV,60,NA,NA,464,24,2010,T,170992,1,NA,108,1,54,1,NA,19200,1,37,4,NA,NA,20160603,127082
HL,NS-IBTS,3,SE,77AR,GOV,60,NA,NA,464,24,2010,T,170992,1,NA,108,1,54,1,NA,19200,1,30,6,NA,NA,20160603,127082
HL,NS-IBTS,3,SE,77AR,GOV,60,NA,NA,464,24,2010,T,170992,1,NA,108,1,54,1,NA,19200,1,31,6,NA,NA,20160603,127082
HL,NS-IBTS,3,SE,77AR,GOV,60,NA,NA,464,24,2010,T,170992,1,NA,108,1,54,1,NA,19200,1,32,2,NA,NA,20160603,127082
HL,NS-IBTS,3,SE,77AR,GOV,60,NA,NA,464,24,2010,T,170992,1,NA,108,1,54,1,NA,19200,1,33,2,NA,NA,20160603,127082
HL,NS-IBTS,3,SE,77AR,GOV,60,NA,NA,464,24,2010,T,170992,1,NA,108,1,54,1,NA,19200,1,34,6,NA,NA,20160603,127082
HL,NS-IBTS,3,SE,77AR,GOV,60,NA,NA,464,24,2010,T,170992,1,NA,108,1,54,1,NA,19200,1,35,10,NA,NA,20160603,127082
HL,NS-IBTS,3,SE,77AR,GOV,60,NA,NA,468,28,2010,T,170992,1,NA,128,1,64,1,NA,23079,1,25,6,NA,NA,20160603,127082
HL,NS-IBTS,3,SE,77AR,GOV,60,NA,NA,468,28,2010,T,170992,1,NA,128,1,64,1,NA,23079,1,26,20,NA,NA,20160603,127082
HL,NS-IBTS,3,SE,77AR,GOV,60,NA,NA,468,28,2010,T,170992,1,NA,128,1,64,1,NA,23079,1,27,14,NA,NA,20160603,127082
HL,NS-IBTS,3,SE,77AR,GOV,60,NA,NA,468,28,2010,T,170992,1,NA,128,1,64,1,NA,23079,1,28,22,NA,NA,20160603,127082
HL,NS-IBTS,3,SE,77AR,GOV,60,NA,NA,468,28,2010,T,170992,1,NA,128,1,64,1,NA,23079,1,29,10,NA,NA,20160603,127082
HL,NS-IBTS,3,SE,77AR,GOV,60,NA,NA,468,28,2010,T,170992,1,NA,128,1,64,1,NA,23079,1,30,10,NA,NA,20160603,127082
HL,NS-IBTS,3,SE,77AR,GOV,60,NA,NA,468,28,2010,T,170992,1,NA,128,1,64,1,NA,23079,1,37,6,NA,NA,20160603,127082
HL,NS-IBTS,3,SE,77AR,GOV,60,NA,NA,468,28,2010,T,170992,1,NA,128,1,64,1,NA,23079,1,42,2,NA,NA,20160603,127082
HL,NS-IBTS,3,SE,77AR,GOV,60,NA,NA,468,28,2010,T,170992,1,NA,128,1,64,1,NA,23079,1,31,14,NA,NA,20160603,127082
HL,NS-IBTS,3,SE,77AR,GOV,60,NA,NA,468,28,2010,T,170992,1,NA,128,1,64,1,NA,23079,1,32,6,NA,NA,20160603,127082
HL,NS-IBTS,3,SE,77AR,GOV,60,NA,NA,468,28,2010,T,170992,1,NA,128,1,64,1,NA,23079,1,33,6,NA,NA,20160603,127082
HL,NS-IBTS,3,SE,77AR,GOV,60,NA,NA,468,28,2010,T,170992,1,NA,128,1,64,1,NA,23079,1,34,4,NA,NA,20160603,127082
HL,NS-IBTS,3,SE,77AR,GOV,60,NA,NA,468,28,2010,T,170992,1,NA,128,1,64,1,NA,23079,1,35,4,NA,NA,20160603,127082
HL,NS-IBTS,3,SE,77AR,GOV,60,NA,NA,468,28,2010,T,170992,1,NA,128,1,64,1,NA,23079,1,36,4,NA,NA,20160603,127082
HL,NS-IBTS,3,SE,77AR,GOV,60,NA,NA,461,21,2010,T,170992,1,NA,24,1,12,1,NA,4980,1,26,2,NA,NA,20160603,127082
HL,NS-IBTS,3,SE,77AR,GOV,60,NA,NA,461,21,2010,T,170992,1,NA,24,1,12,1,NA,4980,1,28,4,NA,NA,20160603,127082
HL,NS-IBTS,3,SE,77AR,GOV,60,NA,NA,461,21,2010,T,170992,1,NA,24,1,12,1,NA,4980,1,30,4,NA,NA,20160603,127082
HL,NS-IBTS,3,SE,77AR,GOV,60,NA,NA,461,21,2010,T,170992,1,NA,24,1,12,1,NA,4980,1,31,2,NA,NA,20160603,127082
HL,NS-IBTS,3,SE,77AR,GOV,60,NA,NA,461,21,2010,T,170992,1,NA,24,1,12,1,NA,4980,1,32,2,NA,NA,20160603,127082
HL,NS-IBTS,3,SE,77AR,GOV,60,NA,NA,461,21,2010,T,170992,1,NA,24,1,12,1,NA,4980,1,34,4,NA,NA,20160603,127082
HL,NS-IBTS,3,SE,77AR,GOV,60,NA,NA,461,21,2010,T,170992,1,NA,24,1,12,1,NA,4980,1,35,6,NA,NA,20160603,127082
HL,NS-IBTS,3,SE,77AR,GOV,60,NA,NA,455,15,2010,T,170992,1,NA,6,1,3,1,NA,439,1,19,2,NA,NA,20160603,127082
HL,NS-IBTS,3,SE,77AR,GOV,60,NA,NA,455,15,2010,T,170992,1,NA,6,1,3,1,NA,439,1,22,2,NA,NA,20160603,127082
HL,NS-IBTS,3,SE,77AR,GOV,60,NA,NA,455,15,2010,T,170992,1,NA,6,1,3,1,NA,439,1,25,2,NA,NA,20160603,127082
HL,NS-IBTS,3,SE,77AR,GOV,60,NA,NA,451,12,2010,T,170992,1,NA,20,1,10,1,NA,1480,1,19,2,NA,NA,20160603,127082
HL,NS-IBTS,3,SE,77AR,GOV,60,NA,NA,451,12,2010,T,170992,1,NA,20,1,10,1,NA,1480,1,20,2,NA,NA,20160603,127082
HL,NS-IBTS,3,SE,77AR,GOV,60,NA,NA,451,12,2010,T,170992,1,NA,20,1,10,1,NA,1480,1,21,2,NA,NA,20160603,127082
HL,NS-IBTS,3,SE,77AR,GOV,60,NA,NA,451,12,2010,T,170992,1,NA,20,1,10,1,NA,1480,1,22,4,NA,NA,20160603,127082
HL,NS-IBTS,3,SE,77AR,GOV,60,NA,NA,439,1,2010,T,170992,1,NA,52,1,26,1,NA,6059,1,23,6,NA,NA,20160603,127082
HL,NS-IBTS,3,SE,77AR,GOV,60,NA,NA,439,1,2010,T,170992,1,NA,52,1,26,1,NA,6059,1,24,6,NA,NA,20160603,127082
HL,NS-IBTS,3,SE,77AR,GOV,60,NA,NA,439,1,2010,T,170992,1,NA,52,1,26,1,NA,6059,1,26,6,NA,NA,20160603,127082
HL,NS-IBTS,3,SE,77AR,GOV,60,NA,NA,439,1,2010,T,170992,1,NA,52,1,26,1,NA,6059,1,27,14,NA,NA,20160603,127082
HL,NS-IBTS,3,SE,77AR,GOV,60,NA,NA,439,1,2010,T,170992,1,NA,52,1,26,1,NA,6059,1,28,10,NA,NA,20160603,127082
HL,NS-IBTS,3,SE,77AR,GOV,60,NA,NA,439,1,2010,T,170992,1,NA,52,1,26,1,NA,6059,1,31,4,NA,NA,20160603,127082
HL,NS-IBTS,3,SE,77AR,GOV,60,NA,NA,444,6,2010,T,170992,1,NA,16,1,8,1,NA,1100,1,17,2,NA,NA,20160603,127082
HL,NS-IBTS,3,SE,77AR,GOV,60,NA,NA,444,6,2010,T,170992,1,NA,16,1,8,1,NA,1100,1,19,2,NA,NA,20160603,127082
HL,NS-IBTS,3,SE,77AR,GOV,60,NA,NA,444,6,2010,T,170992,1,NA,16,1,8,1,NA,1100,1,20,6,NA,NA,20160603,127082
HL,NS-IBTS,3,SE,77AR,GOV,60,NA,NA,444,6,2010,T,170992,1,NA,16,1,8,1,NA,1100,1,21,2,NA,NA,20160603,127082
HL,NS-IBTS,3,SE,77AR,GOV,60,NA,NA,451,12,2010,T,170992,1,NA,20,1,10,1,NA,1480,1,24,4,NA,NA,20160603,127082
HL,NS-IBTS,3,SE,77AR,GOV,60,NA,NA,451,12,2010,T,170992,1,NA,20,1,10,1,NA,1480,1,25,2,NA,NA,20160603,127082
HL,NS-IBTS,3,SE,77AR,GOV,60,NA,NA,451,12,2010,T,170992,1,NA,20,1,10,1,NA,1480,1,26,2,NA,NA,20160603,127082
HL,NS-IBTS,3,SE,77AR,GOV,60,NA,NA,439,1,2010,T,170992,1,NA,52,1,26,1,NA,6059,1,37,2,NA,NA,20160603,127082
HL,NS-IBTS,3,SE,77AR,GOV,60,NA,NA,444,6,2010,T,170992,1,NA,16,1,8,1,NA,1100,1,22,2,NA,NA,20160603,127082
HL,NS-IBTS,3,SE,77AR,GOV,60,NA,NA,444,6,2010,T,170992,1,NA,16,1,8,1,NA,1100,1,31,2,NA,NA,20160603,127082
HL,NS-IBTS,3,SE,77AR,GOV,60,NA,NA,453,14,2010,T,170992,1,NA,4,1,2,1,NA,379,1,25,2,NA,NA,20160603,127082
HL,NS-IBTS,3,SE,77AR,GOV,60,NA,NA,453,14,2010,T,170992,1,NA,4,1,2,1,NA,379,1,26,2,NA,NA,20160603,127082
HL,NS-IBTS,3,SE,77AR,GOV,60,NA,NA,477,37,2010,T,170992,1,NA,272,1,136,1,NA,33200,1,31,8,NA,NA,20160603,127082
HL,NS-IBTS,3,SE,77AR,GOV,60,NA,NA,484,43,2010,T,170992,1,NA,8,1,4,1,NA,1000,1,24,2,NA,NA,20160603,127082
HL,NS-IBTS,3,SE,77AR,GOV,60,NA,NA,484,43,2010,T,170992,1,NA,8,1,4,1,NA,1000,1,27,2,NA,NA,20160603,127082
HL,NS-IBTS,3,SE,77AR,GOV,60,NA,NA,484,43,2010,T,170992,1,NA,8,1,4,1,NA,1000,1,28,2,NA,NA,20160603,127082
HL,NS-IBTS,3,SE,77AR,GOV,60,NA,NA,484,43,2010,T,170992,1,NA,8,1,4,1,NA,1000,1,29,2,NA,NA,20160603,127082
HL,NS-IBTS,3,SE,77AR,GOV,60,NA,NA,488,46,2010,T,170992,1,NA,2,1,1,1,NA,131,1,22,2,NA,NA,20160603,127082
HL,NS-IBTS,3,SE,77AR,GOV,60,NA,NA,479,39,2010,T,170992,1,NA,30,1,15,1,NA,2380,1,20,2,NA,NA,20160603,127082
HL,NS-IBTS,3,SE,77AR,GOV,60,NA,NA,479,39,2010,T,170992,1,NA,30,1,15,1,NA,2380,1,22,8,NA,NA,20160603,127082
HL,NS-IBTS,3,SE,77AR,GOV,60,NA,NA,479,39,2010,T,170992,1,NA,30,1,15,1,NA,2380,1,23,6,NA,NA,20160603,127082
HL,NS-IBTS,3,SE,77AR,GOV,60,NA,NA,479,39,2010,T,170992,1,NA,30,1,15,1,NA,2380,1,24,6,NA,NA,20160603,127082
HL,NS-IBTS,3,SE,77AR,GOV,60,NA,NA,479,39,2010,T,170992,1,NA,30,1,15,1,NA,2380,1,25,2,NA,NA,20160603,127082
HL,NS-IBTS,3,SE,77AR,GOV,60,NA,NA,479,39,2010,T,170992,1,NA,30,1,15,1,NA,2380,1,26,6,NA,NA,20160603,127082
HL,NS-IBTS,3,SE,77AR,GOV,60,NA,NA,477,37,2010,T,170992,1,NA,272,1,136,1,NA,33200,1,20,4,NA,NA,20160603,127082
HL,NS-IBTS,3,SE,77AR,GOV,60,NA,NA,477,37,2010,T,170992,1,NA,272,1,136,1,NA,33200,1,21,4,NA,NA,20160603,127082
HL,NS-IBTS,3,SE,77AR,GOV,60,NA,NA,477,37,2010,T,170992,1,NA,272,1,136,1,NA,33200,1,22,6,NA,NA,20160603,127082
HL,NS-IBTS,3,SE,77AR,GOV,60,NA,NA,477,37,2010,T,170992,1,NA,272,1,136,1,NA,33200,1,23,22,NA,NA,20160603,127082
HL,NS-IBTS,3,SE,77AR,GOV,60,NA,NA,477,37,2010,T,170992,1,NA,272,1,136,1,NA,33200,1,24,16,NA,NA,20160603,127082
HL,NS-IBTS,3,SE,77AR,GOV,60,NA,NA,477,37,2010,T,170992,1,NA,272,1,136,1,NA,33200,1,25,44,NA,NA,20160603,127082
HL,NS-IBTS,3,SE,77AR,GOV,60,NA,NA,477,37,2010,T,170992,1,NA,272,1,136,1,NA,33200,1,33,8,NA,NA,20160603,127082
HL,NS-IBTS,3,SE,77AR,GOV,60,NA,NA,477,37,2010,T,170992,1,NA,272,1,136,1,NA,33200,1,34,4,NA,NA,20160603,127082
HL,NS-IBTS,3,SE,77AR,GOV,60,NA,NA,477,37,2010,T,170992,1,NA,272,1,136,1,NA,33200,1,35,2,NA,NA,20160603,127082
HL,NS-IBTS,3,SE,77AR,GOV,60,NA,NA,477,37,2010,T,170992,1,NA,272,1,136,1,NA,33200,1,26,40,NA,NA,20160603,127082
HL,NS-IBTS,3,SE,77AR,GOV,60,NA,NA,477,37,2010,T,170992,1,NA,272,1,136,1,NA,33200,1,27,28,NA,NA,20160603,127082
HL,NS-IBTS,3,SE,77AR,GOV,60,NA,NA,477,37,2010,T,170992,1,NA,272,1,136,1,NA,33200,1,28,30,NA,NA,20160603,127082
HL,NS-IBTS,3,SE,77AR,GOV,60,NA,NA,477,37,2010,T,170992,1,NA,272,1,136,1,NA,33200,1,29,38,NA,NA,20160603,127082
HL,NS-IBTS,3,SE,77AR,GOV,60,NA,NA,477,37,2010,T,170992,1,NA,272,1,136,1,NA,33200,1,30,18,NA,NA,20160603,127082
HL,NS-IBTS,3,SE,77AR,GOV,60,NA,NA,476,36,2010,T,170992,1,NA,152,1,76,1,NA,18719,1,22,10,NA,NA,20160603,127082
HL,NS-IBTS,3,SE,77AR,GOV,60,NA,NA,476,36,2010,T,170992,1,NA,152,1,76,1,NA,18719,1,23,6,NA,NA,20160603,127082
HL,NS-IBTS,3,SE,77AR,GOV,60,NA,NA,476,36,2010,T,170992,1,NA,152,1,76,1,NA,18719,1,24,18,NA,NA,20160603,127082
HL,NS-IBTS,3,SE,77AR,GOV,60,NA,NA,476,36,2010,T,170992,1,NA,152,1,76,1,NA,18719,1,25,12,NA,NA,20160603,127082
HL,NS-IBTS,3,SE,77AR,GOV,60,NA,NA,476,36,2010,T,170992,1,NA,152,1,76,1,NA,18719,1,26,32,NA,NA,20160603,127082
HL,NS-IBTS,3,SE,77AR,GOV,60,NA,NA,476,36,2010,T,170992,1,NA,152,1,76,1,NA,18719,1,27,28,NA,NA,20160603,127082
HL,NS-IBTS,3,SE,77AR,GOV,60,NA,NA,476,36,2010,T,170992,1,NA,152,1,76,1,NA,18719,1,28,18,NA,NA,20160603,127082
HL,NS-IBTS,3,SE,77AR,GOV,60,NA,NA,476,36,2010,T,170992,1,NA,152,1,76,1,NA,18719,1,29,12,NA,NA,20160603,127082
HL,NS-IBTS,3,SE,77AR,GOV,60,NA,NA,476,36,2010,T,170992,1,NA,152,1,76,1,NA,18719,1,30,6,NA,NA,20160603,127082
HL,NS-IBTS,3,SE,77AR,GOV,60,NA,NA,476,36,2010,T,170992,1,NA,152,1,76,1,NA,18719,1,31,4,NA,NA,20160603,127082
HL,NS-IBTS,3,SE,77AR,GOV,60,NA,NA,476,36,2010,T,170992,1,NA,152,1,76,1,NA,18719,1,32,4,NA,NA,20160603,127082
HL,NS-IBTS,3,SE,77AR,GOV,60,NA,NA,476,36,2010,T,170992,1,NA,152,1,76,1,NA,18719,1,33,2,NA,NA,20160603,127082
HL,NS-IBTS,3,SE,77AR,GOV,60,NA,NA,442,4,2010,T,170992,1,NA,332,1,83,1,NA,29600,1,29,24,NA,NA,20160603,127082
HL,NS-IBTS,3,SE,77AR,GOV,60,NA,NA,442,4,2010,T,170992,1,NA,332,1,83,1,NA,29600,1,30,4,NA,NA,20160603,127082
HL,NS-IBTS,3,SE,77AR,GOV,60,NA,NA,442,4,2010,T,170992,1,NA,332,1,83,1,NA,29600,1,31,4,NA,NA,20160603,127082
HL,NS-IBTS,3,SE,77AR,GOV,60,NA,NA,463,23,2010,T,170992,1,NA,40,1,20,1,NA,8520,1,25,2,NA,NA,20160603,127082
HL,NS-IBTS,3,SE,77AR,GOV,60,NA,NA,463,23,2010,T,170992,1,NA,40,1,20,1,NA,8520,1,26,2,NA,NA,20160603,127082
HL,NS-IBTS,3,SE,77AR,GOV,60,NA,NA,463,23,2010,T,170992,1,NA,40,1,20,1,NA,8520,1,27,2,NA,NA,20160603,127082
HL,NS-IBTS,3,SE,77AR,GOV,60,NA,NA,463,23,2010,T,170992,1,NA,40,1,20,1,NA,8520,1,28,4,NA,NA,20160603,127082
HL,NS-IBTS,3,SE,77AR,GOV,60,NA,NA,465,25,2010,T,170992,1,NA,4,1,2,1,NA,1019,1,32,2,NA,NA,20160603,127082
HL,NS-IBTS,3,SE,77AR,GOV,60,NA,NA,465,25,2010,T,170992,1,NA,4,1,2,1,NA,1019,1,36,2,NA,NA,20160603,127082
HL,NS-IBTS,3,SE,77AR,GOV,60,NA,NA,469,29,2010,T,170992,1,NA,6,1,3,1,NA,1220,1,29,2,NA,NA,20160603,127082
HL,NS-IBTS,3,SE,77AR,GOV,60,NA,NA,469,29,2010,T,170992,1,NA,6,1,3,1,NA,1220,1,32,2,NA,NA,20160603,127082
HL,NS-IBTS,3,SE,77AR,GOV,60,NA,NA,469,29,2010,T,170992,1,NA,6,1,3,1,NA,1220,1,33,2,NA,NA,20160603,127082
HL,NS-IBTS,3,SE,77AR,GOV,60,NA,NA,462,22,2010,T,170992,1,NA,148,1,74,1,NA,32599,1,25,6,NA,NA,20160603,127082
HL,NS-IBTS,3,SE,77AR,GOV,60,NA,NA,462,22,2010,T,170992,1,NA,148,1,74,1,NA,32599,1,26,4,NA,NA,20160603,127082
HL,NS-IBTS,3,SE,77AR,GOV,60,NA,NA,462,22,2010,T,170992,1,NA,148,1,74,1,NA,32599,1,27,8,NA,NA,20160603,127082
HL,NS-IBTS,3,SE,77AR,GOV,60,NA,NA,462,22,2010,T,170992,1,NA,148,1,74,1,NA,32599,1,28,12,NA,NA,20160603,127082
HL,NS-IBTS,3,SE,77AR,GOV,60,NA,NA,462,22,2010,T,170992,1,NA,148,1,74,1,NA,32599,1,29,16,NA,NA,20160603,127082
HL,NS-IBTS,3,SE,77AR,GOV,60,NA,NA,462,22,2010,T,170992,1,NA,148,1,74,1,NA,32599,1,30,10,NA,NA,20160603,127082
HL,NS-IBTS,3,SE,77AR,GOV,60,NA,NA,462,22,2010,T,170992,1,NA,148,1,74,1,NA,32599,1,37,12,NA,NA,20160603,127082
HL,NS-IBTS,3,SE,77AR,GOV,60,NA,NA,462,22,2010,T,170992,1,NA,148,1,74,1,NA,32599,1,38,4,NA,NA,20160603,127082
HL,NS-IBTS,3,SE,77AR,GOV,60,NA,NA,462,22,2010,T,170992,1,NA,148,1,74,1,NA,32599,1,40,2,NA,NA,20160603,127082
HL,NS-IBTS,3,SE,77AR,GOV,60,NA,NA,462,22,2010,T,170992,1,NA,148,1,74,1,NA,32599,1,41,2,NA,NA,20160603,127082
HL,NS-IBTS,3,SE,77AR,GOV,60,NA,NA,462,22,2010,T,170992,1,NA,148,1,74,1,NA,32599,1,31,22,NA,NA,20160603,127082
HL,NS-IBTS,3,SE,77AR,GOV,60,NA,NA,462,22,2010,T,170992,1,NA,148,1,74,1,NA,32599,1,32,20,NA,NA,20160603,127082
HL,NS-IBTS,3,SE,77AR,GOV,60,NA,NA,462,22,2010,T,170992,1,NA,148,1,74,1,NA,32599,1,33,10,NA,NA,20160603,127082
HL,NS-IBTS,3,SE,77AR,GOV,60,NA,NA,462,22,2010,T,170992,1,NA,148,1,74,1,NA,32599,1,34,4,NA,NA,20160603,127082
HL,NS-IBTS,3,SE,77AR,GOV,60,NA,NA,462,22,2010,T,170992,1,NA,148,1,74,1,NA,32599,1,35,8,NA,NA,20160603,127082
HL,NS-IBTS,3,SE,77AR,GOV,60,NA,NA,462,22,2010,T,170992,1,NA,148,1,74,1,NA,32599,1,36,8,NA,NA,20160603,127082
HL,NS-IBTS,3,SE,77AR,GOV,60,NA,NA,463,23,2010,T,170992,1,NA,40,1,20,1,NA,8520,1,29,4,NA,NA,20160603,127082
HL,NS-IBTS,3,SE,77AR,GOV,60,NA,NA,463,23,2010,T,170992,1,NA,40,1,20,1,NA,8520,1,37,2,NA,NA,20160603,127082
HL,NS-IBTS,3,SE,77AR,GOV,60,NA,NA,463,23,2010,T,170992,1,NA,40,1,20,1,NA,8520,1,30,4,NA,NA,20160603,127082
HL,NS-IBTS,3,SE,77AR,GOV,60,NA,NA,463,23,2010,T,170992,1,NA,40,1,20,1,NA,8520,1,31,6,NA,NA,20160603,127082
HL,NS-IBTS,3,SE,77AR,GOV,60,NA,NA,463,23,2010,T,170992,1,NA,40,1,20,1,NA,8520,1,32,2,NA,NA,20160603,127082
HL,NS-IBTS,3,SE,77AR,GOV,60,NA,NA,463,23,2010,T,170992,1,NA,40,1,20,1,NA,8520,1,34,2,NA,NA,20160603,127082
HL,NS-IBTS,3,SE,77AR,GOV,60,NA,NA,463,23,2010,T,170992,1,NA,40,1,20,1,NA,8520,1,35,4,NA,NA,20160603,127082
HL,NS-IBTS,3,SE,77AR,GOV,60,NA,NA,463,23,2010,T,170992,1,NA,40,1,20,1,NA,8520,1,36,4,NA,NA,20160603,127082
HL,NS-IBTS,3,SE,77AR,GOV,60,NA,NA,449,10,2010,T,170992,1,NA,10,1,5,1,NA,740,1,21,4,NA,NA,20160603,127082
HL,NS-IBTS,3,SE,77AR,GOV,60,NA,NA,449,10,2010,T,170992,1,NA,10,1,5,1,NA,740,1,22,2,NA,NA,20160603,127082
HL,NS-IBTS,3,SE,77AR,GOV,60,NA,NA,449,10,2010,T,170992,1,NA,10,1,5,1,NA,740,1,23,2,NA,NA,20160603,127082
HL,NS-IBTS,3,SE,77AR,GOV,60,NA,NA,449,10,2010,T,170992,1,NA,10,1,5,1,NA,740,1,24,2,NA,NA,20160603,127082
HL,NS-IBTS,3,SE,77AR,GOV,60,NA,NA,442,4,2010,T,170992,1,NA,332,1,83,1,NA,29600,1,32,8,NA,NA,20160603,127082
HL,NS-IBTS,3,SE,77AR,GOV,60,NA,NA,442,4,2010,T,170992,1,NA,332,1,83,1,NA,29600,1,33,4,NA,NA,20160603,127082
HL,NS-IBTS,3,SE,77AR,GOV,60,NA,NA,442,4,2010,T,170992,1,NA,332,1,83,1,NA,29600,1,35,8,NA,NA,20160603,127082
HL,NS-IBTS,3,SE,77AR,GOV,60,NA,NA,442,4,2010,T,170992,1,NA,332,1,83,1,NA,29600,1,23,44,NA,NA,20160603,127082
HL,NS-IBTS,3,SE,77AR,GOV,60,NA,NA,442,4,2010,T,170992,1,NA,332,1,83,1,NA,29600,1,24,20,NA,NA,20160603,127082
HL,NS-IBTS,3,SE,77AR,GOV,60,NA,NA,442,4,2010,T,170992,1,NA,332,1,83,1,NA,29600,1,25,32,NA,NA,20160603,127082
HL,NS-IBTS,3,SE,77AR,GOV,60,NA,NA,442,4,2010,T,170992,1,NA,332,1,83,1,NA,29600,1,26,16,NA,NA,20160603,127082
HL,NS-IBTS,3,SE,77AR,GOV,60,NA,NA,442,4,2010,T,170992,1,NA,332,1,83,1,NA,29600,1,27,8,NA,NA,20160603,127082
HL,NS-IBTS,3,SE,77AR,GOV,60,NA,NA,442,4,2010,T,170992,1,NA,332,1,83,1,NA,29600,1,28,4,NA,NA,20160603,127082
HL,NS-IBTS,3,SE,77AR,GOV,60,NA,NA,452,13,2010,T,170992,1,NA,46,1,23,1,NA,4179,1,18,2,NA,NA,20160603,127082
HL,NS-IBTS,3,SE,77AR,GOV,60,NA,NA,452,13,2010,T,170992,1,NA,46,1,23,1,NA,4179,1,19,2,NA,NA,20160603,127082
HL,NS-IBTS,3,SE,77AR,GOV,60,NA,NA,445,7,2010,T,170992,1,NA,2,1,1,1,NA,151,1,23,2,NA,NA,20160603,127082
HL,NS-IBTS,3,SE,77AR,GOV,60,NA,NA,452,13,2010,T,170992,1,NA,46,1,23,1,NA,4179,1,20,4,NA,NA,20160603,127082
HL,NS-IBTS,3,SE,77AR,GOV,60,NA,NA,452,13,2010,T,170992,1,NA,46,1,23,1,NA,4179,1,21,2,NA,NA,20160603,127082
HL,NS-IBTS,3,SE,77AR,GOV,60,NA,NA,452,13,2010,T,170992,1,NA,46,1,23,1,NA,4179,1,22,8,NA,NA,20160603,127082
HL,NS-IBTS,3,SE,77AR,GOV,60,NA,NA,452,13,2010,T,170992,1,NA,46,1,23,1,NA,4179,1,23,2,NA,NA,20160603,127082
HL,NS-IBTS,3,SE,77AR,GOV,60,NA,NA,452,13,2010,T,170992,1,NA,46,1,23,1,NA,4179,1,24,2,NA,NA,20160603,127082
HL,NS-IBTS,3,SE,77AR,GOV,60,NA,NA,452,13,2010,T,170992,1,NA,46,1,23,1,NA,4179,1,25,6,NA,NA,20160603,127082
HL,NS-IBTS,3,SE,77AR,GOV,60,NA,NA,452,13,2010,T,170992,1,NA,46,1,23,1,NA,4179,1,26,8,NA,NA,20160603,127082
HL,NS-IBTS,3,SE,77AR,GOV,60,NA,NA,452,13,2010,T,170992,1,NA,46,1,23,1,NA,4179,1,28,8,NA,NA,20160603,127082
HL,NS-IBTS,3,SE,77AR,GOV,60,NA,NA,452,13,2010,T,170992,1,NA,46,1,23,1,NA,4179,1,29,2,NA,NA,20160603,127082
HL,NS-IBTS,3,SE,77AR,GOV,60,NA,NA,440,2,2010,T,170992,1,NA,100,1,50,1,NA,12720,1,21,2,NA,NA,20160603,127082
HL,NS-IBTS,3,SE,77AR,GOV,60,NA,NA,440,2,2010,T,170992,1,NA,100,1,50,1,NA,12720,1,22,4,NA,NA,20160603,127082
HL,NS-IBTS,3,SE,77AR,GOV,60,NA,NA,440,2,2010,T,170992,1,NA,100,1,50,1,NA,12720,1,23,4,NA,NA,20160603,127082
HL,NS-IBTS,3,SE,77AR,GOV,60,NA,NA,440,2,2010,T,170992,1,NA,100,1,50,1,NA,12720,1,24,18,NA,NA,20160603,127082
HL,NS-IBTS,3,SE,77AR,GOV,60,NA,NA,440,2,2010,T,170992,1,NA,100,1,50,1,NA,12720,1,25,12,NA,NA,20160603,127082
HL,NS-IBTS,3,SE,77AR,GOV,60,NA,NA,440,2,2010,T,170992,1,NA,100,1,50,1,NA,12720,1,26,10,NA,NA,20160603,127082
HL,NS-IBTS,3,SE,77AR,GOV,60,NA,NA,440,2,2010,T,170992,1,NA,100,1,50,1,NA,12720,1,27,20,NA,NA,20160603,127082
HL,NS-IBTS,3,SE,77AR,GOV,60,NA,NA,440,2,2010,T,170992,1,NA,100,1,50,1,NA,12720,1,28,4,NA,NA,20160603,127082
HL,NS-IBTS,3,SE,77AR,GOV,60,NA,NA,440,2,2010,T,170992,1,NA,100,1,50,1,NA,12720,1,29,12,NA,NA,20160603,127082
HL,NS-IBTS,3,SE,77AR,GOV,60,NA,NA,440,2,2010,T,170992,1,NA,100,1,50,1,NA,12720,1,30,2,NA,NA,20160603,127082
HL,NS-IBTS,3,SE,77AR,GOV,60,NA,NA,440,2,2010,T,170992,1,NA,100,1,50,1,NA,12720,1,31,6,NA,NA,20160603,127082
HL,NS-IBTS,3,SE,77AR,GOV,60,NA,NA,440,2,2010,T,170992,1,NA,100,1,50,1,NA,12720,1,32,6,NA,NA,20160603,127082
HL,NS-IBTS,3,SE,77AR,GOV,60,NA,NA,475,35,2010,T,170992,1,NA,14,1,7,1,NA,1460,1,24,6,NA,NA,20160603,127082
HL,NS-IBTS,3,SE,77AR,GOV,60,NA,NA,475,35,2010,T,170992,1,NA,14,1,7,1,NA,1460,1,25,2,NA,NA,20160603,127082
HL,NS-IBTS,3,SE,77AR,GOV,60,NA,NA,475,35,2010,T,170992,1,NA,14,1,7,1,NA,1460,1,26,2,NA,NA,20160603,127082
HL,NS-IBTS,3,SE,77AR,GOV,60,NA,NA,475,35,2010,T,170992,1,NA,14,1,7,1,NA,1460,1,27,2,NA,NA,20160603,127082
HL,NS-IBTS,3,SE,77AR,GOV,60,NA,NA,475,35,2010,T,170992,1,NA,14,1,7,1,NA,1460,1,28,2,NA,NA,20160603,127082
HL,NS-IBTS,3,SE,77AR,GOV,60,NA,NA,463,23,2010,T,170992,1,NA,40,1,20,1,NA,8520,1,24,2,NA,NA,20160603,127082
HL,NS-IBTS,3,SE,77AR,GOV,60,NA,NA,456,16,2010,T,170992,1,NA,14,1,7,1,NA,1340,1,22,2,NA,NA,20160603,127082
HL,NS-IBTS,3,SE,77AR,GOV,60,NA,NA,456,16,2010,T,170992,1,NA,14,1,7,1,NA,1340,1,24,4,NA,NA,20160603,127082
HL,NS-IBTS,3,SE,77AR,GOV,60,NA,NA,456,16,2010,T,170992,1,NA,14,1,7,1,NA,1340,1,25,2,NA,NA,20160603,127082
HL,NS-IBTS,3,SE,77AR,GOV,60,NA,NA,442,4,2010,T,170992,1,NA,332,1,83,1,NA,29600,1,17,20,NA,NA,20160603,127082
HL,NS-IBTS,3,SE,77AR,GOV,60,NA,NA,442,4,2010,T,170992,1,NA,332,1,83,1,NA,29600,1,18,12,NA,NA,20160603,127082
HL,NS-IBTS,3,SE,77AR,GOV,60,NA,NA,442,4,2010,T,170992,1,NA,332,1,83,1,NA,29600,1,19,20,NA,NA,20160603,127082
HL,NS-IBTS,3,SE,77AR,GOV,60,NA,NA,442,4,2010,T,170992,1,NA,332,1,83,1,NA,29600,1,20,24,NA,NA,20160603,127082
HL,NS-IBTS,3,SE,77AR,GOV,60,NA,NA,442,4,2010,T,170992,1,NA,332,1,83,1,NA,29600,1,21,40,NA,NA,20160603,127082
HL,NS-IBTS,3,SE,77AR,GOV,60,NA,NA,442,4,2010,T,170992,1,NA,332,1,83,1,NA,29600,1,22,28,NA,NA,20160603,127082
HL,NS-IBTS,3,SE,77AR,GOV,60,NA,NA,442,4,2010,T,170992,1,NA,332,1,83,1,NA,29600,1,36,8,NA,NA,20160603,127082
HL,NS-IBTS,3,SE,77AR,GOV,60,NA,NA,442,4,2010,T,170992,1,NA,332,1,83,1,NA,29600,1,39,4,NA,NA,20160603,127082
HL,NS-IBTS,3,SE,77AR,GOV,60,NA,NA,456,16,2010,T,170992,1,NA,14,1,7,1,NA,1340,1,26,4,NA,NA,20160603,127082
HL,NS-IBTS,3,SE,77AR,GOV,60,NA,NA,456,16,2010,T,170992,1,NA,14,1,7,1,NA,1340,1,27,2,NA,NA,20160603,127082
HL,NS-IBTS,3,GB-SCT,748S,GOV,60,NA,P,365,59,2011,T,170992,1,U,2,1,NA,1,NA,NA,1,27,2,NA,NA,20150319,127082
